id_hospital;codigo_municipio;nome_municipio_hospital;uf_hospital;estado_hospital;latitude_hospital;longitude_hospital;leitos_totais;leitos_sus;leitos_nao_sus;esfera;tipo_unidade;nivel_hierarquico;natureza_juridica;porte_hospitalar;alta_complexidade;percentual_sus
0008028;353440;Osasco;SP;Sao Paulo;-23,5324;-46,7916;225;201;24;;05;;1244;Grande Porte;Baixa/Media Complexidade;89,33
0008036;353440;Osasco;SP;Sao Paulo;-23,5324;-46,7916;183;175;8;;07;;1244;Grande Porte;Baixa/Media Complexidade;95,63
0008052;353440;Osasco;SP;Sao Paulo;-23,5324;-46,7916;250;250;0;;05;;1023;Grande Porte;Baixa/Media Complexidade;100,0
0008087;353440;Osasco;SP;Sao Paulo;-23,5324;-46,7916;22;22;0;;20;;1244;Pequeno Porte;Baixa/Media Complexidade;100,0
0008141;353440;Osasco;SP;Sao Paulo;-23,5324;-46,7916;12;12;0;;20;;1244;Micro Porte;Baixa/Media Complexidade;100,0
0008494;354780;Santo André;SP;Sao Paulo;-23,6737;-46,5432;32;32;0;;73;;1244;Pequeno Porte;Baixa/Media Complexidade;100,0
0008516;354780;Santo André;SP;Sao Paulo;-23,6737;-46,5432;7;7;0;;70;;1244;Micro Porte;Baixa/Media Complexidade;100,0
0008729;354780;Santo André;SP;Sao Paulo;-23,6737;-46,5432;8;8;0;;70;;1244;Micro Porte;Baixa/Media Complexidade;100,0
0008796;354780;Santo André;SP;Sao Paulo;-23,6737;-46,5432;10;10;0;;70;;1244;Micro Porte;Baixa/Media Complexidade;100,0
0008923;354780;Santo André;SP;Sao Paulo;-23,6737;-46,5432;296;296;0;;05;;1244;Grande Porte;Baixa/Media Complexidade;100,0
0009164;354990;São José dos Campos;SP;Sao Paulo;-23,1896;-45,8841;1;1;0;;15;;1244;Micro Porte;Baixa/Media Complexidade;100,0
0009539;354990;São José dos Campos;SP;Sao Paulo;-23,1896;-45,8841;54;5;49;;05;;3999;Medio Porte;Baixa/Media Complexidade;9,26
0009601;354990;São José dos Campos;SP;Sao Paulo;-23,1896;-45,8841;87;72;15;;05;;3999;Medio Porte;Baixa/Media Complexidade;82,76
0009628;354990;São José dos Campos;SP;Sao Paulo;-23,1896;-45,8841;382;382;0;;05;;1244;Grande Porte;Baixa/Media Complexidade;100,0
0009636;354990;São José dos Campos;SP;Sao Paulo;-23,1896;-45,8841;174;0;174;;07;;3999;Grande Porte;Baixa/Media Complexidade;0,0
0009695;354990;São José dos Campos;SP;Sao Paulo;-23,1896;-45,8841;6;6;0;;62;;1244;Micro Porte;Baixa/Media Complexidade;100,0
0021520;354780;Santo André;SP;Sao Paulo;-23,6737;-46,5432;32;32;0;;73;;1244;Pequeno Porte;Baixa/Media Complexidade;100,0
0024228;354780;Santo André;SP;Sao Paulo;-23,6737;-46,5432;35;35;0;;73;;1244;Pequeno Porte;Baixa/Media Complexidade;100,0
0026417;354990;São José dos Campos;SP;Sao Paulo;-23,1896;-45,8841;44;44;0;;05;;1244;Pequeno Porte;Baixa/Media Complexidade;100,0
0042021;350850;Caçapava;SP;Sao Paulo;-23,0992;-45,7076;10;0;10;;07;;2062;Micro Porte;Baixa/Media Complexidade;0,0
0075426;355030;São Paulo;SP;Sao Paulo;-23,5329;-46,6395;27;0;27;;62;;2062;Pequeno Porte;Baixa/Media Complexidade;0,0
0080470;354340;Ribeirão Preto;SP;Sao Paulo;-21,1699;-47,8099;20;0;20;;05;;3999;Pequeno Porte;Baixa/Media Complexidade;0,0
0081825;350750;Botucatu;SP;Sao Paulo;-22,8837;-48,4437;80;0;80;;05;;2143;Medio Porte;Baixa/Media Complexidade;0,0
0092894;351050;Caraguatatuba;SP;Sao Paulo;-23,6125;-45,4125;201;201;0;;05;;1023;Grande Porte;Baixa/Media Complexidade;100,0
0102075;355030;São Paulo;SP;Sao Paulo;-23,5329;-46,6395;113;93;20;;05;;1031;Medio Porte;Baixa/Media Complexidade;82,3
0102105;355030;São Paulo;SP;Sao Paulo;-23,5329;-46,6395;224;204;20;;05;;1031;Grande Porte;Baixa/Media Complexidade;91,07
0115509;352850;Mairiporã;SP;Sao Paulo;-23,3171;-46,5897;35;35;0;;05;;1244;Pequeno Porte;Baixa/Media Complexidade;100,0
0127604;350570;Barueri;SP;Sao Paulo;-23,5057;-46,879;59;59;0;;05;;1244;Medio Porte;Baixa/Media Complexidade;100,0
0133647;350570;Barueri;SP;Sao Paulo;-23,5057;-46,879;8;0;8;;62;;2062;Micro Porte;Baixa/Media Complexidade;0,0
0136328;353800;Pindamonhangaba;SP;Sao Paulo;-22,9246;-45,4613;2;2;0;;15;;1244;Micro Porte;Baixa/Media Complexidade;100,0
0155993;355250;Suzano;SP;Sao Paulo;-23,5448;-46,3112;11;0;11;;36;;2062;Micro Porte;Baixa/Media Complexidade;0,0
0161438;355030;São Paulo;SP;Sao Paulo;-23,5329;-46,6395;216;186;30;;05;;1031;Grande Porte;Baixa/Media Complexidade;86,11
0181145;350290;Araçoiaba da Serra;SP;Sao Paulo;-23,5029;-47,6166;41;41;0;;62;;2062;Pequeno Porte;Baixa/Media Complexidade;100,0
0204714;354870;São Bernardo do Campo;SP;Sao Paulo;-23,6914;-46,5646;4;0;4;;62;;2062;Micro Porte;Baixa/Media Complexidade;0,0
0210617;353870;Piracicaba;SP;Sao Paulo;-22,7338;-47,6476;1;0;1;;62;;2054;Micro Porte;Baixa/Media Complexidade;0,0
0235385;354870;São Bernardo do Campo;SP;Sao Paulo;-23,6914;-46,5646;15;0;15;;36;;2062;Pequeno Porte;Baixa/Media Complexidade;0,0
0245739;355410;Taubaté;SP;Sao Paulo;-23,0104;-45,5593;1;0;1;;36;;2062;Micro Porte;Baixa/Media Complexidade;0,0
0249033;350280;Araçatuba;SP;Sao Paulo;-21,2076;-50,4401;18;0;18;;62;;2062;Pequeno Porte;Baixa/Media Complexidade;0,0
0255661;355030;São Paulo;SP;Sao Paulo;-23,5329;-46,6395;199;0;199;;05;;2054;Grande Porte;Baixa/Media Complexidade;0,0
0263192;355030;São Paulo;SP;Sao Paulo;-23,5329;-46,6395;170;0;170;;05;;2062;Grande Porte;Baixa/Media Complexidade;0,0
0265187;355070;São Sebastião;SP;Sao Paulo;-23,7951;-45,4143;19;19;0;;15;;1244;Pequeno Porte;Baixa/Media Complexidade;100,0
0274518;355030;São Paulo;SP;Sao Paulo;-23,5329;-46,6395;1;1;0;;36;;2062;Micro Porte;Baixa/Media Complexidade;100,0
0285641;350410;Atibaia;SP;Sao Paulo;-23,1171;-46,5563;29;0;29;;07;;2062;Pequeno Porte;Baixa/Media Complexidade;0,0
0297607;350210;Andradina;SP;Sao Paulo;-20,8948;-51,3786;1;0;1;;07;;2062;Micro Porte;Baixa/Media Complexidade;0,0
0381454;354990;São José dos Campos;SP;Sao Paulo;-23,1896;-45,8841;1;0;1;;21;;2062;Micro Porte;Baixa/Media Complexidade;0,0
0393290;355030;São Paulo;SP;Sao Paulo;-23,5329;-46,6395;33;0;33;;05;;2062;Pequeno Porte;Baixa/Media Complexidade;0,0
0404853;350950;Campinas;SP;Sao Paulo;-22,9053;-47,0659;24;24;0;;36;;1023;Pequeno Porte;Baixa/Media Complexidade;100,0
0414808;355030;São Paulo;SP;Sao Paulo;-23,5329;-46,6395;7;0;7;;05;;2062;Micro Porte;Baixa/Media Complexidade;0,0
0415588;350600;Bauru;SP;Sao Paulo;-22,3246;-49,0871;75;0;75;;36;;2062;Medio Porte;Baixa/Media Complexidade;0,0
0419214;350600;Bauru;SP;Sao Paulo;-22,3246;-49,0871;3;0;3;;05;;2054;Micro Porte;Baixa/Media Complexidade;0,0
0466573;355030;São Paulo;SP;Sao Paulo;-23,5329;-46,6395;6;6;0;;70;;1031;Micro Porte;Baixa/Media Complexidade;100,0
0469734;355030;São Paulo;SP;Sao Paulo;-23,5329;-46,6395;11;0;11;;62;;3999;Micro Porte;Baixa/Media Complexidade;0,0
0473561;355250;Suzano;SP;Sao Paulo;-23,5448;-46,3112;111;0;111;;05;;2062;Medio Porte;Baixa/Media Complexidade;0,0
0478474;355030;São Paulo;SP;Sao Paulo;-23,5329;-46,6395;5;0;5;;20;;2062;Micro Porte;Baixa/Media Complexidade;0,0
0507733;355030;São Paulo;SP;Sao Paulo;-23,5329;-46,6395;14;0;14;;05;;2062;Micro Porte;Baixa/Media Complexidade;0,0
0561096;351130;Cedral;SP;Sao Paulo;-20,9009;-49,2664;30;0;30;;15;;2062;Pequeno Porte;Baixa/Media Complexidade;0,0
0605484;355220;Sorocaba;SP;Sao Paulo;-23,4969;-47,4451;134;30;104;;05;;2062;Medio Porte;Baixa/Media Complexidade;22,39
0643092;355240;Sumaré;SP;Sao Paulo;-22,8204;-47,2728;4;0;4;;73;;2054;Micro Porte;Baixa/Media Complexidade;0,0
0647101;353930;Pirassununga;SP;Sao Paulo;-21,996;-47,4257;7;7;0;;73;;1244;Micro Porte;Baixa/Media Complexidade;100,0
0652601;354580;Santa Bárbara d'Oeste;SP;Sao Paulo;-22,7553;-47,4143;32;0;32;;05;;2062;Pequeno Porte;Baixa/Media Complexidade;0,0
0653101;352940;Mauá;SP;Sao Paulo;-23,6677;-46,4613;110;0;110;;05;;2062;Medio Porte;Baixa/Media Complexidade;0,0
0663913;355030;São Paulo;SP;Sao Paulo;-23,5329;-46,6395;20;0;20;;05;;3999;Pequeno Porte;Baixa/Media Complexidade;0,0
0684910;354850;Santos;SP;Sao Paulo;-23,9535;-46,335;41;0;41;;05;;2143;Pequeno Porte;Baixa/Media Complexidade;0,0
0701394;355030;São Paulo;SP;Sao Paulo;-23,5329;-46,6395;61;0;61;;05;;2062;Medio Porte;Baixa/Media Complexidade;0,0
0749990;350115;Alumínio;SP;Sao Paulo;-23,5306;-47,2546;120;0;120;;36;;2062;Medio Porte;Baixa/Media Complexidade;0,0
0789585;352530;Jaú;SP;Sao Paulo;-22,2936;-48,5592;120;0;120;;05;;2143;Medio Porte;Baixa/Media Complexidade;0,0
0830488;354995;São Lourenço da Serra;SP;Sao Paulo;-23,8491;-46,9432;60;0;60;;36;;3999;Medio Porte;Baixa/Media Complexidade;0,0
0837164;350550;Barretos;SP;Sao Paulo;-20,5531;-48,5698;19;0;19;;05;;2062;Pequeno Porte;Baixa/Media Complexidade;0,0
0852554;351050;Caraguatatuba;SP;Sao Paulo;-23,6125;-45,4125;1;1;0;;62;;2062;Micro Porte;Baixa/Media Complexidade;100,0
0864560;353950;Pitangueiras;SP;Sao Paulo;-21,0132;-48,221;6;0;6;;05;;2054;Micro Porte;Baixa/Media Complexidade;0,0
0868949;355030;São Paulo;SP;Sao Paulo;-23,5329;-46,6395;34;0;34;;36;;2062;Pequeno Porte;Baixa/Media Complexidade;0,0
0894834;355030;São Paulo;SP;Sao Paulo;-23,5329;-46,6395;20;0;20;;69;;2062;Pequeno Porte;Baixa/Media Complexidade;0,0
0894842;355030;São Paulo;SP;Sao Paulo;-23,5329;-46,6395;10;0;10;;69;;2062;Micro Porte;Baixa/Media Complexidade;0,0
0908363;355030;São Paulo;SP;Sao Paulo;-23,5329;-46,6395;50;0;50;;69;;2062;Medio Porte;Baixa/Media Complexidade;0,0
0911046;355480;Tremembé;SP;Sao Paulo;-22,9571;-45,5475;10;0;10;;07;;2062;Micro Porte;Baixa/Media Complexidade;0,0
0911437;354970;São José do Rio Pardo;SP;Sao Paulo;-21,5953;-46,8873;12;0;12;;05;;2143;Micro Porte;Baixa/Media Complexidade;0,0
0923478;353860;Piracaia;SP;Sao Paulo;-23,0525;-46,3594;14;0;14;;36;;2062;Micro Porte;Baixa/Media Complexidade;0,0
0932760;350290;Araçoiaba da Serra;SP;Sao Paulo;-23,5029;-47,6166;4;4;0;;07;;2062;Micro Porte;Baixa/Media Complexidade;100,0
0940402;354880;São Caetano do Sul;SP;Sao Paulo;-23,6229;-46,5548;180;0;180;;05;;2062;Grande Porte;Baixa/Media Complexidade;0,0
0940623;353760;Peruíbe;SP;Sao Paulo;-24,312;-47,0012;3;0;3;;36;;2062;Micro Porte;Baixa/Media Complexidade;0,0
0953652;351970;Ibiúna;SP;Sao Paulo;-23,6596;-47,223;14;0;14;;36;;2062;Micro Porte;Baixa/Media Complexidade;0,0
0953709;355030;São Paulo;SP;Sao Paulo;-23,5329;-46,6395;8;8;0;;70;;1031;Micro Porte;Baixa/Media Complexidade;100,0
0955736;355030;São Paulo;SP;Sao Paulo;-23,5329;-46,6395;64;0;64;;05;;2062;Medio Porte;Baixa/Media Complexidade;0,0
0962589;354890;São Carlos;SP;Sao Paulo;-22,0174;-47,886;79;0;79;;05;;2143;Medio Porte;Baixa/Media Complexidade;0,0
0993956;355030;São Paulo;SP;Sao Paulo;-23,5329;-46,6395;230;0;230;;05;;2046;Grande Porte;Baixa/Media Complexidade;0,0
2022621;350950;Campinas;SP;Sao Paulo;-22,9053;-47,0659;231;124;107;;05;;3999;Grande Porte;Baixa/Media Complexidade;53,68
2022648;350950;Campinas;SP;Sao Paulo;-22,9053;-47,0659;140;59;81;;05;;3999;Medio Porte;Baixa/Media Complexidade;42,14
2023016;350940;Cajuru;SP;Sao Paulo;-21,2749;-47,303;73;55;18;;05;;3999;Medio Porte;Baixa/Media Complexidade;75,34
2023105;350950;Campinas;SP;Sao Paulo;-22,9053;-47,0659;8;8;0;;70;;1244;Micro Porte;Baixa/Media Complexidade;100,0
2023113;350950;Campinas;SP;Sao Paulo;-22,9053;-47,0659;8;8;0;;70;;1244;Micro Porte;Baixa/Media Complexidade;100,0
2023148;350950;Campinas;SP;Sao Paulo;-22,9053;-47,0659;180;0;180;;05;;3999;Grande Porte;Baixa/Media Complexidade;0,0
2023350;350950;Campinas;SP;Sao Paulo;-22,9053;-47,0659;5;5;0;;36;;1244;Micro Porte;Baixa/Media Complexidade;100,0
2023407;350950;Campinas;SP;Sao Paulo;-22,9053;-47,0659;8;8;0;;70;;1244;Micro Porte;Baixa/Media Complexidade;100,0
2023431;350950;Campinas;SP;Sao Paulo;-22,9053;-47,0659;8;8;0;;70;;1244;Micro Porte;Baixa/Media Complexidade;100,0
2023474;352470;Jaguariúna;SP;Sao Paulo;-22,7037;-46,9851;102;99;3;;05;;1244;Medio Porte;Baixa/Media Complexidade;97,06
2023512;350950;Campinas;SP;Sao Paulo;-22,9053;-47,0659;37;0;37;;05;;2062;Pequeno Porte;Baixa/Media Complexidade;0,0
2023547;350950;Campinas;SP;Sao Paulo;-22,9053;-47,0659;8;8;0;;70;;1244;Micro Porte;Baixa/Media Complexidade;100,0
2023709;352340;Itatiba;SP;Sao Paulo;-23,0035;-46,8464;120;74;46;;05;;3999;Medio Porte;Baixa/Media Complexidade;61,67
2023865;352420;Jaborandi;SP;Sao Paulo;-20,6884;-48,4112;17;17;0;;05;;1244;Pequeno Porte;Baixa/Media Complexidade;100,0
2024438;353110;Mongaguá;SP;Sao Paulo;-24,0809;-46,6265;36;36;0;;05;;1244;Pequeno Porte;Baixa/Media Complexidade;100,0
2024624;350400;Assis;SP;Sao Paulo;-22,66;-50,4183;65;0;65;;05;;2054;Medio Porte;Baixa/Media Complexidade;0,0
2024632;352690;Limeira;SP;Sao Paulo;-22,566;-47,397;80;0;80;;05;;2143;Medio Porte;Baixa/Media Complexidade;0,0
2024691;351340;Cruzeiro;SP;Sao Paulo;-22,5728;-44,969;135;101;34;;05;;3999;Medio Porte;Baixa/Media Complexidade;74,81
2024756;350850;Caçapava;SP;Sao Paulo;-23,0992;-45,7076;91;89;2;;05;;3069;Medio Porte;Baixa/Media Complexidade;97,8
2024772;350860;Cachoeira Paulista;SP;Sao Paulo;-22,6665;-45,0154;32;32;0;;05;;3999;Pequeno Porte;Baixa/Media Complexidade;100,0
2025361;354870;São Bernardo do Campo;SP;Sao Paulo;-23,6914;-46,5646;169;169;0;;05;;1244;Grande Porte;Baixa/Media Complexidade;100,0
2025477;352430;Jaboticabal;SP;Sao Paulo;-21,252;-48,3252;86;49;37;;05;;3999;Medio Porte;Baixa/Media Complexidade;56,98
2025507;352900;Marília;SP;Sao Paulo;-22,2171;-49,9501;335;315;20;;05;;3069;Grande Porte;Baixa/Media Complexidade;94,03
2025752;354850;Santos;SP;Sao Paulo;-23,9535;-46,335;533;256;277;;05;;3999;Grande Porte;Baixa/Media Complexidade;48,03
2025760;354850;Santos;SP;Sao Paulo;-23,9535;-46,335;224;0;224;;05;;2054;Grande Porte;Baixa/Media Complexidade;0,0
2026074;352440;Jacareí;SP;Sao Paulo;-23,2983;-45,9658;28;0;28;;05;;2054;Pequeno Porte;Baixa/Media Complexidade;0,0
2026112;352440;Jacareí;SP;Sao Paulo;-23,2983;-45,9658;50;0;50;;05;;2062;Medio Porte;Baixa/Media Complexidade;0,0
2026805;351860;Guariba;SP;Sao Paulo;-21,3594;-48,2316;61;53;8;;05;;3999;Medio Porte;Baixa/Media Complexidade;86,89
2027186;352240;Itapeva;SP;Sao Paulo;-23,9788;-48,8764;153;127;26;;05;;3999;Grande Porte;Baixa/Media Complexidade;83,01
2027240;355030;São Paulo;SP;Sao Paulo;-23,5329;-46,6395;4;4;0;;62;;1031;Micro Porte;Baixa/Media Complexidade;100,0
2027348;354870;São Bernardo do Campo;SP;Sao Paulo;-23,6914;-46,5646;170;0;170;;07;;3999;Grande Porte;Baixa/Media Complexidade;0,0
2027356;354870;São Bernardo do Campo;SP;Sao Paulo;-23,6914;-46,5646;142;142;0;;05;;1244;Medio Porte;Baixa/Media Complexidade;100,0
2027658;355030;São Paulo;SP;Sao Paulo;-23,5329;-46,6395;6;6;0;;70;;1031;Micro Porte;Baixa/Media Complexidade;100,0
2028204;353130;Monte Alto;SP;Sao Paulo;-21,2655;-48,4971;89;60;29;;05;;3999;Medio Porte;Baixa/Media Complexidade;67,42
2028239;355430;Teodoro Sampaio;SP;Sao Paulo;-22,5299;-52,1682;58;52;6;;05;;3999;Medio Porte;Baixa/Media Complexidade;89,66
2028840;355030;São Paulo;SP;Sao Paulo;-23,5329;-46,6395;311;311;0;;05;;1023;Grande Porte;Baixa/Media Complexidade;100,0
2029626;355030;São Paulo;SP;Sao Paulo;-23,5329;-46,6395;8;8;0;;70;;1031;Micro Porte;Baixa/Media Complexidade;100,0
2031884;354390;Rio Claro;SP;Sao Paulo;-22,3984;-47,5546;8;8;0;;70;;1155;Micro Porte;Baixa/Media Complexidade;100,0
2032104;352940;Mauá;SP;Sao Paulo;-23,6677;-46,4613;8;8;0;;70;;1244;Micro Porte;Baixa/Media Complexidade;100,0
2032481;355030;São Paulo;SP;Sao Paulo;-23,5329;-46,6395;96;0;96;;05;;2062;Medio Porte;Baixa/Media Complexidade;0,0
2033003;353440;Osasco;SP;Sao Paulo;-23,5324;-46,7916;4;0;4;;62;;2062;Micro Porte;Baixa/Media Complexidade;0,0
2034417;351380;Diadema;SP;Sao Paulo;-23,6813;-46,6205;12;12;0;;70;;1244;Micro Porte;Baixa/Media Complexidade;100,0
2034670;355250;Suzano;SP;Sao Paulo;-23,5448;-46,3112;1;1;0;;73;;1244;Micro Porte;Baixa/Media Complexidade;100,0
2035723;351840;Guaratinguetá;SP;Sao Paulo;-22,8075;-45,1938;39;5;34;;05;;2062;Pequeno Porte;Baixa/Media Complexidade;12,82
2037297;350380;Artur Nogueira;SP;Sao Paulo;-22,5727;-47,1727;12;12;0;;05;;1244;Micro Porte;Baixa/Media Complexidade;100,0
2038048;354690;Santa Lúcia;SP;Sao Paulo;-21,685;-48,0885;8;0;8;;20;;1244;Micro Porte;Baixa/Media Complexidade;0,0
2038315;355040;São Pedro;SP;Sao Paulo;-22,5483;-47,9096;1;1;0;;15;;1244;Micro Porte;Baixa/Media Complexidade;100,0
2038447;352100;Iperó;SP;Sao Paulo;-23,3513;-47,6927;15;15;0;;20;;1244;Pequeno Porte;Baixa/Media Complexidade;100,0
2039001;355250;Suzano;SP;Sao Paulo;-23,5448;-46,3112;37;37;0;;20;;1244;Pequeno Porte;Baixa/Media Complexidade;100,0
2039672;350950;Campinas;SP;Sao Paulo;-22,9053;-47,0659;7;7;0;;70;;1244;Micro Porte;Baixa/Media Complexidade;100,0
2040069;351880;Guarulhos;SP;Sao Paulo;-23,4538;-46,5333;125;125;0;;07;;3999;Medio Porte;Baixa/Media Complexidade;100,0
2040484;354850;Santos;SP;Sao Paulo;-23,9535;-46,335;6;6;0;;70;;1244;Micro Porte;Baixa/Media Complexidade;100,0
2040573;352050;Indaiatuba;SP;Sao Paulo;-23,0816;-47,2101;16;16;0;;62;;1244;Pequeno Porte;Baixa/Media Complexidade;100,0
2040808;355030;São Paulo;SP;Sao Paulo;-23,5329;-46,6395;6;6;0;;70;;1031;Micro Porte;Baixa/Media Complexidade;100,0
2042894;354850;Santos;SP;Sao Paulo;-23,9535;-46,335;26;26;0;;20;;1244;Pequeno Porte;Baixa/Media Complexidade;100,0
2043319;351110;Catanduva;SP;Sao Paulo;-21,1314;-48,977;2;1;1;;62;;2062;Micro Porte;Baixa/Media Complexidade;50,0
2043351;351110;Catanduva;SP;Sao Paulo;-21,1314;-48,977;2;1;1;;62;;2062;Micro Porte;Baixa/Media Complexidade;50,0
2043580;351620;Franca;SP;Sao Paulo;-20,5352;-47,4039;36;36;0;;20;;1244;Pequeno Porte;Baixa/Media Complexidade;100,0
2048132;350600;Bauru;SP;Sao Paulo;-22,3246;-49,0871;1;0;1;;07;;2062;Micro Porte;Baixa/Media Complexidade;0,0
2051788;351380;Diadema;SP;Sao Paulo;-23,6813;-46,6205;24;24;0;;70;;1244;Pequeno Porte;Baixa/Media Complexidade;100,0
2052415;354850;Santos;SP;Sao Paulo;-23,9535;-46,335;5;5;0;;70;;1244;Micro Porte;Baixa/Media Complexidade;100,0
2052431;354850;Santos;SP;Sao Paulo;-23,9535;-46,335;6;6;0;;70;;1244;Micro Porte;Baixa/Media Complexidade;100,0
2052474;354980;São José do Rio Preto;SP;Sao Paulo;-20,8113;-49,3758;12;0;12;;05;;2143;Micro Porte;Baixa/Media Complexidade;0,0
2053500;353150;Monte Azul Paulista;SP;Sao Paulo;-20,9065;-48,6387;40;25;15;;05;;3999;Pequeno Porte;Baixa/Media Complexidade;62,5
2053519;353150;Monte Azul Paulista;SP;Sao Paulo;-20,9065;-48,6387;30;26;4;;05;;3999;Pequeno Porte;Baixa/Media Complexidade;86,67
2054515;351880;Guarulhos;SP;Sao Paulo;-23,4538;-46,5333;9;9;0;;70;;1244;Micro Porte;Baixa/Media Complexidade;100,0
2055236;355100;São Vicente;SP;Sao Paulo;-23,9574;-46,3883;6;0;6;;62;;2062;Micro Porte;Baixa/Media Complexidade;0,0
2055260;354980;São José do Rio Preto;SP;Sao Paulo;-20,8113;-49,3758;1;0;1;;62;;2062;Micro Porte;Baixa/Media Complexidade;0,0
2058243;355090;São Simão;SP;Sao Paulo;-21,4732;-47,5518;40;36;4;;05;;3999;Pequeno Porte;Baixa/Media Complexidade;90,0
2058308;353340;Nova Odessa;SP;Sao Paulo;-22,7832;-47,2941;35;35;0;;05;;1244;Pequeno Porte;Baixa/Media Complexidade;100,0
2058332;350600;Bauru;SP;Sao Paulo;-22,3246;-49,0871;79;79;0;;05;;1023;Medio Porte;Baixa/Media Complexidade;100,0
2058340;354190;Queluz;SP;Sao Paulo;-22,5312;-44,7781;19;19;0;;05;;1244;Pequeno Porte;Baixa/Media Complexidade;100,0
2058391;355030;São Paulo;SP;Sao Paulo;-23,5329;-46,6395;669;28;641;;05;;3999;Grande Porte;Baixa/Media Complexidade;4,19
2058405;355200;Silveiras;SP;Sao Paulo;-22,6638;-44,8522;2;2;0;;15;;1244;Micro Porte;Baixa/Media Complexidade;100,0
2058502;355030;São Paulo;SP;Sao Paulo;-23,5329;-46,6395;886;6;880;;05;;1112;Grande Porte;Baixa/Media Complexidade;0,68
2058618;351110;Catanduva;SP;Sao Paulo;-21,1314;-48,977;1;0;1;;62;;2062;Micro Porte;Baixa/Media Complexidade;0,0
2058626;351110;Catanduva;SP;Sao Paulo;-21,1314;-48,977;184;138;46;;07;;3999;Grande Porte;Baixa/Media Complexidade;75,0
2058782;354140;Presidente Prudente;SP;Sao Paulo;-22,1207;-51,3925;172;160;12;;07;;3999;Grande Porte;Baixa/Media Complexidade;93,02
2058790;350160;Americana;SP;Sao Paulo;-22,7374;-47,3331;146;145;1;;05;;1244;Medio Porte;Baixa/Media Complexidade;99,32
2060140;354100;Praia Grande;SP;Sao Paulo;-24,0084;-46,4121;5;0;5;;62;;2240;Micro Porte;Baixa/Media Complexidade;0,0
2061562;352940;Mauá;SP;Sao Paulo;-23,6677;-46,4613;13;13;0;;73;;1244;Micro Porte;Baixa/Media Complexidade;100,0
2062054;355220;Sorocaba;SP;Sao Paulo;-23,4969;-47,4451;1;1;0;;73;;1244;Micro Porte;Baixa/Media Complexidade;100,0
2065606;354850;Santos;SP;Sao Paulo;-23,9535;-46,335;6;6;0;;70;;1244;Micro Porte;Baixa/Media Complexidade;100,0
2065665;355030;São Paulo;SP;Sao Paulo;-23,5329;-46,6395;89;89;0;;07;;1023;Medio Porte;Baixa/Media Complexidade;100,0
2066092;355030;São Paulo;SP;Sao Paulo;-23,5329;-46,6395;295;295;0;;05;;1023;Grande Porte;Baixa/Media Complexidade;100,0
2066386;352500;Jandira;SP;Sao Paulo;-23,5275;-46,9023;15;0;15;;62;;2240;Pequeno Porte;Baixa/Media Complexidade;0,0
2066572;355030;São Paulo;SP;Sao Paulo;-23,5329;-46,6395;290;290;0;;05;;1023;Grande Porte;Baixa/Media Complexidade;100,0
2068400;354880;São Caetano do Sul;SP;Sao Paulo;-23,6229;-46,5548;4;0;4;;62;;2062;Micro Porte;Baixa/Media Complexidade;0,0
2068974;355030;São Paulo;SP;Sao Paulo;-23,5329;-46,6395;19;19;0;;62;;1023;Pequeno Porte;Baixa/Media Complexidade;100,0
2069008;355030;São Paulo;SP;Sao Paulo;-23,5329;-46,6395;6;6;0;;62;;1023;Micro Porte;Baixa/Media Complexidade;100,0
2069474;350950;Campinas;SP;Sao Paulo;-22,9053;-47,0659;10;0;10;;62;;2062;Micro Porte;Baixa/Media Complexidade;0,0
2069776;354870;São Bernardo do Campo;SP;Sao Paulo;-23,6914;-46,5646;279;274;5;;05;;1244;Grande Porte;Baixa/Media Complexidade;98,21
2070413;351110;Catanduva;SP;Sao Paulo;-21,1314;-48,977;126;0;126;;05;;2143;Medio Porte;Baixa/Media Complexidade;0,0
2070502;351030;Capela do Alto;SP;Sao Paulo;-23,4685;-47,7388;14;14;0;;73;;1244;Micro Porte;Baixa/Media Complexidade;100,0
2070766;355030;São Paulo;SP;Sao Paulo;-23,5329;-46,6395;121;121;0;;07;;1023;Medio Porte;Baixa/Media Complexidade;100,0
2070804;355030;São Paulo;SP;Sao Paulo;-23,5329;-46,6395;5;5;0;;70;;1031;Micro Porte;Baixa/Media Complexidade;100,0
2071347;355220;Sorocaba;SP;Sao Paulo;-23,4969;-47,4451;6;6;0;;70;;1244;Micro Porte;Baixa/Media Complexidade;100,0
2071371;355030;São Paulo;SP;Sao Paulo;-23,5329;-46,6395;122;122;0;;07;;1023;Medio Porte;Baixa/Media Complexidade;100,0
2071568;355030;São Paulo;SP;Sao Paulo;-23,5329;-46,6395;445;390;55;;07;;3069;Grande Porte;Baixa/Media Complexidade;87,64
2072033;351510;Embu-Guaçu;SP;Sao Paulo;-23,8297;-46,8136;15;15;0;;15;;1244;Pequeno Porte;Baixa/Media Complexidade;100,0
2072513;354730;Santana de Parnaíba;SP;Sao Paulo;-23,4439;-46,9178;48;46;2;;05;;1244;Pequeno Porte;Baixa/Media Complexidade;95,83
2075717;355030;São Paulo;SP;Sao Paulo;-23,5329;-46,6395;72;61;11;;05;;1031;Medio Porte;Baixa/Media Complexidade;84,72
2075962;355030;São Paulo;SP;Sao Paulo;-23,5329;-46,6395;134;91;43;;05;;3999;Medio Porte;Baixa/Media Complexidade;67,91
2076896;355030;São Paulo;SP;Sao Paulo;-23,5329;-46,6395;231;177;54;;05;;3999;Grande Porte;Baixa/Media Complexidade;76,62
2076926;355030;São Paulo;SP;Sao Paulo;-23,5329;-46,6395;206;206;0;;05;;1112;Grande Porte;Baixa/Media Complexidade;100,0
2076942;352350;Itatinga;SP;Sao Paulo;-23,1047;-48,6157;14;7;7;;05;;3999;Micro Porte;Baixa/Media Complexidade;50,0
2076950;355030;São Paulo;SP;Sao Paulo;-23,5329;-46,6395;350;0;350;;05;;3999;Grande Porte;Baixa/Media Complexidade;0,0
2076985;355030;São Paulo;SP;Sao Paulo;-23,5329;-46,6395;89;89;0;;05;;3999;Medio Porte;Baixa/Media Complexidade;100,0
2077078;351500;Embu das Artes;SP;Sao Paulo;-23,6437;-46,8579;48;48;0;;05;;1244;Pequeno Porte;Baixa/Media Complexidade;100,0
2077124;351060;Carapicuíba;SP;Sao Paulo;-23,5235;-46,8407;17;17;0;;15;;1244;Pequeno Porte;Baixa/Media Complexidade;100,0
2077388;355030;São Paulo;SP;Sao Paulo;-23,5329;-46,6395;110;105;5;;07;;3999;Medio Porte;Baixa/Media Complexidade;95,45
2077396;354980;São José do Rio Preto;SP;Sao Paulo;-20,8113;-49,3758;1124;751;373;;05;;3069;Grande Porte;Baixa/Media Complexidade;66,81
2077418;355030;São Paulo;SP;Sao Paulo;-23,5329;-46,6395;136;136;0;;07;;1023;Medio Porte;Baixa/Media Complexidade;100,0
2077426;355030;São Paulo;SP;Sao Paulo;-23,5329;-46,6395;219;219;0;;05;;1023;Grande Porte;Baixa/Media Complexidade;100,0
2077434;353620;Pariquera-Açu;SP;Sao Paulo;-24,7147;-47,8742;191;191;0;;05;;1210;Grande Porte;Baixa/Media Complexidade;100,0
2077450;355030;São Paulo;SP;Sao Paulo;-23,5329;-46,6395;80;67;13;;05;;1031;Medio Porte;Baixa/Media Complexidade;83,75
2077469;355030;São Paulo;SP;Sao Paulo;-23,5329;-46,6395;149;71;78;;05;;3999;Medio Porte;Baixa/Media Complexidade;47,65
2077477;355030;São Paulo;SP;Sao Paulo;-23,5329;-46,6395;671;549;122;;05;;3999;Grande Porte;Baixa/Media Complexidade;81,82
2077485;355030;São Paulo;SP;Sao Paulo;-23,5329;-46,6395;842;798;44;;05;;3999;Grande Porte;Baixa/Media Complexidade;94,77
2077493;355030;São Paulo;SP;Sao Paulo;-23,5329;-46,6395;251;251;0;;05;;1023;Grande Porte;Baixa/Media Complexidade;100,0
2077507;355030;São Paulo;SP;Sao Paulo;-23,5329;-46,6395;270;48;222;;05;;2054;Grande Porte;Baixa/Media Complexidade;17,78
2077515;350310;Arandu;SP;Sao Paulo;-23,1386;-49,0487;6;6;0;;05;;1244;Micro Porte;Baixa/Media Complexidade;100,0
2077523;355030;São Paulo;SP;Sao Paulo;-23,5329;-46,6395;314;307;7;;05;;1023;Grande Porte;Baixa/Media Complexidade;97,77
2077531;355030;São Paulo;SP;Sao Paulo;-23,5329;-46,6395;355;209;146;;07;;3069;Grande Porte;Baixa/Media Complexidade;58,87
2077558;350050;Águas de Lindóia;SP;Sao Paulo;-22,4733;-46,6314;42;30;12;;05;;3999;Pequeno Porte;Baixa/Media Complexidade;71,43
2077574;355030;São Paulo;SP;Sao Paulo;-23,5329;-46,6395;419;419;0;;05;;1023;Grande Porte;Baixa/Media Complexidade;100,0
2077582;352680;Lençóis Paulista;SP;Sao Paulo;-22,6027;-48,8037;81;50;31;;05;;3999;Medio Porte;Baixa/Media Complexidade;61,73
2077590;355030;São Paulo;SP;Sao Paulo;-23,5329;-46,6395;181;95;86;;07;;3999;Grande Porte;Baixa/Media Complexidade;52,49
2077604;355030;São Paulo;SP;Sao Paulo;-23,5329;-46,6395;122;0;122;;05;;2240;Medio Porte;Baixa/Media Complexidade;0,0
2077612;355030;São Paulo;SP;Sao Paulo;-23,5329;-46,6395;190;0;190;;07;;3999;Grande Porte;Baixa/Media Complexidade;0,0
2077620;355030;São Paulo;SP;Sao Paulo;-23,5329;-46,6395;332;332;0;;05;;1023;Grande Porte;Baixa/Media Complexidade;100,0
2077639;355030;São Paulo;SP;Sao Paulo;-23,5329;-46,6395;217;179;38;;05;;1031;Grande Porte;Baixa/Media Complexidade;82,49
2077647;350010;Adamantina;SP;Sao Paulo;-21,682;-51,0737;121;61;60;;05;;3999;Medio Porte;Baixa/Media Complexidade;50,41
2077655;355030;São Paulo;SP;Sao Paulo;-23,5329;-46,6395;87;27;60;;07;;3999;Medio Porte;Baixa/Media Complexidade;31,03
2077671;355030;São Paulo;SP;Sao Paulo;-23,5329;-46,6395;260;254;6;;05;;1023;Grande Porte;Baixa/Media Complexidade;97,69
2077701;355030;São Paulo;SP;Sao Paulo;-23,5329;-46,6395;167;167;0;;07;;1023;Grande Porte;Baixa/Media Complexidade;100,0
2077752;355030;São Paulo;SP;Sao Paulo;-23,5329;-46,6395;50;50;0;;05;;3999;Medio Porte;Baixa/Media Complexidade;100,0
2077957;355030;São Paulo;SP;Sao Paulo;-23,5329;-46,6395;46;46;0;;07;;1023;Pequeno Porte;Baixa/Media Complexidade;100,0
2077973;354340;Ribeirão Preto;SP;Sao Paulo;-21,1699;-47,8099;89;1;88;;05;;2054;Medio Porte;Baixa/Media Complexidade;1,12
2078015;355030;São Paulo;SP;Sao Paulo;-23,5329;-46,6395;1543;1476;67;;05;;3069;Grande Porte;Baixa/Media Complexidade;95,66
2078031;354340;Ribeirão Preto;SP;Sao Paulo;-21,1699;-47,8099;273;273;0;;07;;1023;Grande Porte;Baixa/Media Complexidade;100,0
2078066;352590;Jundiaí;SP;Sao Paulo;-23,1852;-46,8974;149;0;149;;05;;2054;Medio Porte;Baixa/Media Complexidade;0,0
2078074;352670;Leme;SP;Sao Paulo;-22,1809;-47,3841;112;85;27;;05;;3999;Medio Porte;Baixa/Media Complexidade;75,89
2078082;355030;São Paulo;SP;Sao Paulo;-23,5329;-46,6395;88;0;88;;05;;2062;Medio Porte;Baixa/Media Complexidade;0,0
2078104;352250;Itapevi;SP;Sao Paulo;-23,5488;-46,9327;277;260;17;;05;;1023;Grande Porte;Baixa/Media Complexidade;93,86
2078112;354490;Sales Oliveira;SP;Sao Paulo;-20,7696;-47,8369;30;20;10;;05;;3999;Pequeno Porte;Baixa/Media Complexidade;66,67
2078139;354150;Presidente Venceslau;SP;Sao Paulo;-21,8732;-51,8447;112;72;40;;05;;3999;Medio Porte;Baixa/Media Complexidade;64,29
2078147;354140;Presidente Prudente;SP;Sao Paulo;-22,1207;-51,3925;115;0;115;;05;;2062;Medio Porte;Baixa/Media Complexidade;0,0
2078155;351880;Guarulhos;SP;Sao Paulo;-23,4538;-46,5333;96;63;33;;05;;3999;Medio Porte;Baixa/Media Complexidade;65,62
2078198;354790;Santo Antônio da Alegria;SP;Sao Paulo;-21,0864;-47,1464;9;9;0;;15;;1244;Micro Porte;Baixa/Media Complexidade;100,0
2078228;350410;Atibaia;SP;Sao Paulo;-23,1171;-46,5563;87;0;87;;05;;2054;Medio Porte;Baixa/Media Complexidade;0,0
2078252;350650;Birigui;SP;Sao Paulo;-21,291;-50,3432;120;76;44;;05;;3999;Medio Porte;Baixa/Media Complexidade;63,33
2078287;355030;São Paulo;SP;Sao Paulo;-23,5329;-46,6395;139;139;0;;07;;1023;Medio Porte;Baixa/Media Complexidade;100,0
2078295;355370;Taquaritinga;SP;Sao Paulo;-21,4049;-48,5103;138;88;50;;05;;3999;Medio Porte;Baixa/Media Complexidade;63,77
2078325;355030;São Paulo;SP;Sao Paulo;-23,5329;-46,6395;103;59;44;;07;;1031;Medio Porte;Baixa/Media Complexidade;57,28
2078341;353180;Monte Mor;SP;Sao Paulo;-22,945;-47,3122;35;26;9;;05;;3999;Pequeno Porte;Baixa/Media Complexidade;74,29
2078376;350950;Campinas;SP;Sao Paulo;-22,9053;-47,0659;152;0;152;;05;;2054;Grande Porte;Baixa/Media Complexidade;0,0
2078384;353730;Penápolis;SP;Sao Paulo;-21,4148;-50,0769;58;58;0;;07;;3999;Medio Porte;Baixa/Media Complexidade;100,0
2078406;355030;São Paulo;SP;Sao Paulo;-23,5329;-46,6395;103;0;103;;05;;2062;Medio Porte;Baixa/Media Complexidade;0,0
2078414;351740;Guaíra;SP;Sao Paulo;-20,3196;-48,312;81;63;18;;05;;3999;Medio Porte;Baixa/Media Complexidade;77,78
2078422;353710;Pedreira;SP;Sao Paulo;-22,7413;-46,8948;46;36;10;;05;;1279;Pequeno Porte;Baixa/Media Complexidade;78,26
2078430;351550;Fernandópolis;SP;Sao Paulo;-20,2806;-50,2471;14;0;14;;05;;2240;Micro Porte;Baixa/Media Complexidade;0,0
2078449;353630;Patrocínio Paulista;SP;Sao Paulo;-20,6384;-47,2801;35;23;12;;05;;3999;Pequeno Porte;Baixa/Media Complexidade;65,71
2078457;355030;São Paulo;SP;Sao Paulo;-23,5329;-46,6395;67;0;67;;05;;3999;Medio Porte;Baixa/Media Complexidade;0,0
2078465;350950;Campinas;SP;Sao Paulo;-22,9053;-47,0659;135;47;88;;05;;3999;Medio Porte;Baixa/Media Complexidade;34,81
2078473;351350;Cubatão;SP;Sao Paulo;-23,8911;-46,424;138;138;0;;05;;1244;Medio Porte;Baixa/Media Complexidade;100,0
2078481;355030;São Paulo;SP;Sao Paulo;-23,5329;-46,6395;96;0;96;;05;;2046;Medio Porte;Baixa/Media Complexidade;0,0
2078503;353730;Penápolis;SP;Sao Paulo;-21,4148;-50,0769;92;74;18;;05;;3999;Medio Porte;Baixa/Media Complexidade;80,43
2078511;352044;Ilha Solteira;SP;Sao Paulo;-20,4326;-51,3426;123;85;38;;05;;3999;Medio Porte;Baixa/Media Complexidade;69,11
2078538;352400;Itupeva;SP;Sao Paulo;-23,1526;-47,0593;50;50;0;;05;;1244;Medio Porte;Baixa/Media Complexidade;100,0
2078546;354860;São Bento do Sapucaí;SP;Sao Paulo;-22,6837;-45,7287;40;26;14;;05;;3999;Pequeno Porte;Baixa/Media Complexidade;65,0
2078562;352310;Itaquaquecetuba;SP;Sao Paulo;-23,4835;-46,3457;276;276;0;;05;;1023;Grande Porte;Baixa/Media Complexidade;100,0
2078570;355030;São Paulo;SP;Sao Paulo;-23,5329;-46,6395;114;100;14;;05;;3999;Medio Porte;Baixa/Media Complexidade;87,72
2078589;355030;São Paulo;SP;Sao Paulo;-23,5329;-46,6395;304;1;303;;05;;3999;Grande Porte;Baixa/Media Complexidade;0,33
2078597;355030;São Paulo;SP;Sao Paulo;-23,5329;-46,6395;232;38;194;;05;;3999;Grande Porte;Baixa/Media Complexidade;16,38
2078600;355030;São Paulo;SP;Sao Paulo;-23,5329;-46,6395;58;0;58;;05;;1015;Medio Porte;Baixa/Media Complexidade;0,0
2078619;355030;São Paulo;SP;Sao Paulo;-23,5329;-46,6395;75;0;75;;05;;2054;Medio Porte;Baixa/Media Complexidade;0,0
2078627;355030;São Paulo;SP;Sao Paulo;-23,5329;-46,6395;68;0;68;;05;;2062;Medio Porte;Baixa/Media Complexidade;0,0
2078635;355030;São Paulo;SP;Sao Paulo;-23,5329;-46,6395;120;0;120;;05;;2240;Medio Porte;Baixa/Media Complexidade;0,0
2078678;350950;Campinas;SP;Sao Paulo;-22,9053;-47,0659;74;0;74;;05;;2054;Medio Porte;Baixa/Media Complexidade;0,0
2078686;352410;Ituverava;SP;Sao Paulo;-20,3355;-47,7902;30;0;30;;05;;2062;Pequeno Porte;Baixa/Media Complexidade;0,0
2078732;355220;Sorocaba;SP;Sao Paulo;-23,4969;-47,4451;130;0;130;;05;;2054;Medio Porte;Baixa/Media Complexidade;0,0
2078740;354850;Santos;SP;Sao Paulo;-23,9535;-46,335;111;0;111;;05;;2062;Medio Porte;Baixa/Media Complexidade;0,0
2078759;352590;Jundiaí;SP;Sao Paulo;-23,1852;-46,8974;93;0;93;;05;;2062;Medio Porte;Baixa/Media Complexidade;0,0
2078767;352590;Jundiaí;SP;Sao Paulo;-23,1852;-46,8974;164;0;164;;05;;2054;Grande Porte;Baixa/Media Complexidade;0,0
2078775;350280;Araçatuba;SP;Sao Paulo;-21,2076;-50,4401;330;266;64;;05;;3999;Grande Porte;Baixa/Media Complexidade;80,61
2078791;354340;Ribeirão Preto;SP;Sao Paulo;-21,1699;-47,8099;93;0;93;;07;;2054;Medio Porte;Baixa/Media Complexidade;0,0
2078813;355220;Sorocaba;SP;Sao Paulo;-23,4969;-47,4451;16;10;6;;07;;3999;Pequeno Porte;Baixa/Media Complexidade;62,5
2078848;350190;Amparo;SP;Sao Paulo;-22,7088;-46,772;68;55;13;;05;;3999;Medio Porte;Baixa/Media Complexidade;80,88
2078872;352050;Indaiatuba;SP;Sao Paulo;-23,0816;-47,2101;83;0;83;;05;;2062;Medio Porte;Baixa/Media Complexidade;0,0
2078902;353790;Pilar do Sul;SP;Sao Paulo;-23,8077;-47,7222;35;27;8;;05;;3999;Pequeno Porte;Baixa/Media Complexidade;77,14
2078937;350260;Aparecida d'Oeste;SP;Sao Paulo;-20,4487;-50,8835;14;13;1;;05;;3999;Micro Porte;Baixa/Media Complexidade;92,86
2078961;355170;Sertãozinho;SP;Sao Paulo;-21,1316;-47,9875;26;0;26;;05;;2054;Pequeno Porte;Baixa/Media Complexidade;0,0
2079011;351500;Embu das Artes;SP;Sao Paulo;-23,6437;-46,8579;51;51;0;;05;;1244;Medio Porte;Baixa/Media Complexidade;100,0
2079038;354340;Ribeirão Preto;SP;Sao Paulo;-21,1699;-47,8099;95;0;95;;05;;2054;Medio Porte;Baixa/Media Complexidade;0,0
2079046;354430;Roseira;SP;Sao Paulo;-22,8938;-45,307;14;14;0;;15;;1244;Micro Porte;Baixa/Media Complexidade;100,0
2079089;355030;São Paulo;SP;Sao Paulo;-23,5329;-46,6395;224;0;224;;05;;2054;Grande Porte;Baixa/Media Complexidade;0,0
2079097;351020;Capão Bonito;SP;Sao Paulo;-24,0113;-48,3482;63;55;8;;05;;3999;Medio Porte;Baixa/Media Complexidade;87,3
2079119;354340;Ribeirão Preto;SP;Sao Paulo;-21,1699;-47,8099;49;49;0;;07;;1023;Pequeno Porte;Baixa/Media Complexidade;100,0
2079127;355030;São Paulo;SP;Sao Paulo;-23,5329;-46,6395;469;14;455;;05;;3999;Grande Porte;Baixa/Media Complexidade;2,99
2079135;355400;Tatuí;SP;Sao Paulo;-23,3487;-47,8461;105;91;14;;05;;3999;Medio Porte;Baixa/Media Complexidade;86,67
2079178;354530;Salto de Pirapora;SP;Sao Paulo;-23,6474;-47,5743;5;5;0;;07;;1244;Micro Porte;Baixa/Media Complexidade;100,0
2079186;355030;São Paulo;SP;Sao Paulo;-23,5329;-46,6395;192;192;0;;07;;1031;Grande Porte;Baixa/Media Complexidade;100,0
2079194;350170;Américo Brasiliense;SP;Sao Paulo;-21,7288;-48,1147;161;161;0;;05;;1023;Grande Porte;Baixa/Media Complexidade;100,0
2079208;353080;Mogi Mirim;SP;Sao Paulo;-22,4332;-46,9532;62;55;7;;05;;3999;Medio Porte;Baixa/Media Complexidade;88,71
2079216;351100;Castilho;SP;Sao Paulo;-20,8689;-51,4884;31;30;1;;05;;3069;Pequeno Porte;Baixa/Media Complexidade;96,77
2079224;352290;Itapuí;SP;Sao Paulo;-22,2324;-48,7197;35;35;0;;05;;1244;Pequeno Porte;Baixa/Media Complexidade;100,0
2079232;354580;Santa Bárbara d'Oeste;SP;Sao Paulo;-22,7553;-47,4143;138;103;35;;05;;3999;Medio Porte;Baixa/Media Complexidade;74,64
2079240;355030;São Paulo;SP;Sao Paulo;-23,5329;-46,6395;253;249;4;;05;;1023;Grande Porte;Baixa/Media Complexidade;98,42
2079275;354340;Ribeirão Preto;SP;Sao Paulo;-21,1699;-47,8099;163;9;154;;05;;2054;Grande Porte;Baixa/Media Complexidade;5,52
2079291;353520;Palmeira d'Oeste;SP;Sao Paulo;-20,4148;-50,7632;20;12;8;;05;;3999;Pequeno Porte;Baixa/Media Complexidade;60,0
2079313;350840;Cabreúva;SP;Sao Paulo;-23,3053;-47,1362;17;15;2;;05;;3999;Pequeno Porte;Baixa/Media Complexidade;88,24
2079321;355220;Sorocaba;SP;Sao Paulo;-23,4969;-47,4451;91;66;25;;07;;3999;Medio Porte;Baixa/Media Complexidade;72,53
2079348;352010;Igarapava;SP;Sao Paulo;-20,0407;-47,7466;44;33;11;;05;;3999;Pequeno Porte;Baixa/Media Complexidade;75,0
2079356;355340;Tanabi;SP;Sao Paulo;-20,6228;-49,6563;72;30;42;;05;;3999;Medio Porte;Baixa/Media Complexidade;41,67
2079364;355150;Serrana;SP;Sao Paulo;-21,2043;-47,5952;16;14;2;;05;;3999;Pequeno Porte;Baixa/Media Complexidade;87,5
2079380;354500;Salesópolis;SP;Sao Paulo;-23,5288;-45,8465;11;11;0;;05;;3999;Micro Porte;Baixa/Media Complexidade;100,0
2079399;355270;Tabatinga;SP;Sao Paulo;-21,7239;-48,6896;36;22;14;;05;;3999;Pequeno Porte;Baixa/Media Complexidade;61,11
2079402;350670;Boa Esperança do Sul;SP;Sao Paulo;-21,9918;-48,3906;16;15;1;;05;;3999;Pequeno Porte;Baixa/Media Complexidade;93,75
2079410;351880;Guarulhos;SP;Sao Paulo;-23,4538;-46,5333;162;162;0;;05;;1023;Grande Porte;Baixa/Media Complexidade;100,0
2079429;354530;Salto de Pirapora;SP;Sao Paulo;-23,6474;-47,5743;47;38;9;;05;;3999;Pequeno Porte;Baixa/Media Complexidade;80,85
2079437;352880;Maracaí;SP;Sao Paulo;-22,6149;-50,6713;26;22;4;;05;;3999;Pequeno Porte;Baixa/Media Complexidade;84,62
2079445;355030;São Paulo;SP;Sao Paulo;-23,5329;-46,6395;103;2;101;;05;;3999;Medio Porte;Baixa/Media Complexidade;1,94
2079461;350810;Buritama;SP;Sao Paulo;-21,0661;-50,1475;36;27;9;;05;;3999;Pequeno Porte;Baixa/Media Complexidade;75,0
2079496;351310;Cravinhos;SP;Sao Paulo;-21,338;-47,7324;15;13;2;;05;;3999;Pequeno Porte;Baixa/Media Complexidade;86,67
2079518;351360;Cunha;SP;Sao Paulo;-23,0731;-44,9576;40;25;15;;05;;3999;Pequeno Porte;Baixa/Media Complexidade;62,5
2079542;355030;São Paulo;SP;Sao Paulo;-23,5329;-46,6395;351;0;351;;07;;2054;Grande Porte;Baixa/Media Complexidade;0,0
2079550;354560;Santa Adélia;SP;Sao Paulo;-21,2427;-48,8063;19;11;8;;05;;3999;Pequeno Porte;Baixa/Media Complexidade;57,89
2079593;354260;Registro;SP;Sao Paulo;-24,4979;-47,8449;98;79;19;;05;;3999;Medio Porte;Baixa/Media Complexidade;80,61
2079607;354780;Santo André;SP;Sao Paulo;-23,6737;-46,5432;189;0;189;;05;;2054;Grande Porte;Baixa/Media Complexidade;0,0
2079615;351970;Ibiúna;SP;Sao Paulo;-23,6596;-47,223;70;70;0;;05;;1244;Medio Porte;Baixa/Media Complexidade;100,0
2079666;350950;Campinas;SP;Sao Paulo;-22,9053;-47,0659;225;0;225;;05;;3069;Grande Porte;Baixa/Media Complexidade;0,0
2079674;353470;Ourinhos;SP;Sao Paulo;-22,9797;-49,8697;5;0;5;;05;;2062;Micro Porte;Baixa/Media Complexidade;0,0
2079682;353250;Neves Paulista;SP;Sao Paulo;-20,843;-49,6358;21;10;11;;05;;3999;Pequeno Porte;Baixa/Media Complexidade;47,62
2079690;355000;São Luiz do Paraitinga;SP;Sao Paulo;-23,222;-45,3109;25;16;9;;05;;3999;Pequeno Porte;Baixa/Media Complexidade;64,0
2079704;355210;Socorro;SP;Sao Paulo;-22,5903;-46,5251;77;70;7;;05;;3999;Medio Porte;Baixa/Media Complexidade;90,91
2079720;354850;Santos;SP;Sao Paulo;-23,9535;-46,335;233;233;0;;05;;1023;Grande Porte;Baixa/Media Complexidade;100,0
2079763;350320;Araraquara;SP;Sao Paulo;-21,7845;-48,178;46;46;0;;07;;3999;Pequeno Porte;Baixa/Media Complexidade;100,0
2079798;350950;Campinas;SP;Sao Paulo;-22,9053;-47,0659;629;629;0;;05;;1112;Grande Porte;Baixa/Media Complexidade;100,0
2079828;355280;Taboão da Serra;SP;Sao Paulo;-23,6019;-46,7526;282;282;0;;05;;1023;Grande Porte;Baixa/Media Complexidade;100,0
2079836;352270;Itápolis;SP;Sao Paulo;-21,5942;-48,8149;90;64;26;;05;;3999;Medio Porte;Baixa/Media Complexidade;71,11
2079852;353860;Piracaia;SP;Sao Paulo;-23,0525;-46,3594;28;28;0;;05;;3999;Pequeno Porte;Baixa/Media Complexidade;100,0
2079860;355250;Suzano;SP;Sao Paulo;-23,5448;-46,3112;99;91;8;;05;;3999;Medio Porte;Baixa/Media Complexidade;91,92
2079879;355380;Taquarituba;SP;Sao Paulo;-23,5307;-49,241;50;35;15;;05;;3999;Medio Porte;Baixa/Media Complexidade;70,0
2079887;353440;Osasco;SP;Sao Paulo;-23,5324;-46,7916;136;0;136;;05;;2054;Medio Porte;Baixa/Media Complexidade;0,0
2079895;352480;Jales;SP;Sao Paulo;-20,2672;-50,5494;141;89;52;;05;;3999;Medio Porte;Baixa/Media Complexidade;63,12
2079909;353900;Pirangi;SP;Sao Paulo;-21,0886;-48,6607;47;22;25;;05;;3999;Pequeno Porte;Baixa/Media Complexidade;46,81
2079917;352730;Louveira;SP;Sao Paulo;-23,0856;-46,9484;40;28;12;;05;;3999;Pequeno Porte;Baixa/Media Complexidade;70,0
2079925;354060;Porto Feliz;SP;Sao Paulo;-23,2093;-47,5251;73;45;28;;05;;3999;Medio Porte;Baixa/Media Complexidade;61,64
2079968;355580;Urânia;SP;Sao Paulo;-20,2455;-50,6455;26;24;2;;05;;3999;Pequeno Porte;Baixa/Media Complexidade;92,31
2079976;352640;Laranjal Paulista;SP;Sao Paulo;-23,0506;-47,8375;48;30;18;;05;;3999;Pequeno Porte;Baixa/Media Complexidade;62,5
2080001;355280;Taboão da Serra;SP;Sao Paulo;-23,6019;-46,7526;61;0;61;;05;;2054;Medio Porte;Baixa/Media Complexidade;0,0
2080028;351380;Diadema;SP;Sao Paulo;-23,6813;-46,6205;214;214;0;;05;;1244;Grande Porte;Baixa/Media Complexidade;100,0
2080044;354940;São Joaquim da Barra;SP;Sao Paulo;-20,5812;-47,8593;114;71;43;;05;;3999;Medio Porte;Baixa/Media Complexidade;62,28
2080052;353060;Mogi das Cruzes;SP;Sao Paulo;-23,5208;-46,1854;188;160;28;;05;;3999;Grande Porte;Baixa/Media Complexidade;85,11
2080079;351570;Ferraz de Vasconcelos;SP;Sao Paulo;-23,5411;-46,371;266;236;30;;05;;1023;Grande Porte;Baixa/Media Complexidade;88,72
2080087;355450;Tietê;SP;Sao Paulo;-23,1101;-47,7164;56;34;22;;05;;3999;Medio Porte;Baixa/Media Complexidade;60,71
2080095;352570;José Bonifácio;SP;Sao Paulo;-21,0551;-49,6892;67;37;30;;05;;3999;Medio Porte;Baixa/Media Complexidade;55,22
2080109;354040;Populina;SP;Sao Paulo;-19,9453;-50,538;18;6;12;;05;;3999;Pequeno Porte;Baixa/Media Complexidade;33,33
2080117;351620;Franca;SP;Sao Paulo;-20,5352;-47,4039;90;90;0;;07;;3069;Medio Porte;Baixa/Media Complexidade;100,0
2080125;355030;São Paulo;SP;Sao Paulo;-23,5329;-46,6395;80;80;0;;07;;3999;Medio Porte;Baixa/Media Complexidade;100,0
2080133;354780;Santo André;SP;Sao Paulo;-23,6737;-46,5432;98;0;98;;05;;3999;Medio Porte;Baixa/Media Complexidade;0,0
2080168;355030;São Paulo;SP;Sao Paulo;-23,5329;-46,6395;71;0;71;;07;;2046;Medio Porte;Baixa/Media Complexidade;0,0
2080184;352390;Itu;SP;Sao Paulo;-23,2544;-47,2927;30;22;8;;05;;1244;Pequeno Porte;Baixa/Media Complexidade;73,33
2080192;352390;Itu;SP;Sao Paulo;-23,2544;-47,2927;251;251;0;;07;;1023;Grande Porte;Baixa/Media Complexidade;100,0
2080206;352340;Itatiba;SP;Sao Paulo;-23,0035;-46,8464;20;0;20;;05;;2062;Pequeno Porte;Baixa/Media Complexidade;0,0
2080222;350870;Caconde;SP;Sao Paulo;-21,528;-46,6437;50;50;0;;05;;3999;Medio Porte;Baixa/Media Complexidade;100,0
2080273;354780;Santo André;SP;Sao Paulo;-23,6737;-46,5432;337;335;2;;05;;1023;Grande Porte;Baixa/Media Complexidade;99,41
2080281;351900;Herculândia;SP;Sao Paulo;-22,0038;-50,3907;58;58;0;;05;;3999;Medio Porte;Baixa/Media Complexidade;100,0
2080338;351880;Guarulhos;SP;Sao Paulo;-23,4538;-46,5333;319;319;0;;05;;1023;Grande Porte;Baixa/Media Complexidade;100,0
2080346;355030;São Paulo;SP;Sao Paulo;-23,5329;-46,6395;392;385;7;;05;;1031;Grande Porte;Baixa/Media Complexidade;98,21
2080354;354850;Santos;SP;Sao Paulo;-23,9535;-46,335;157;75;82;;07;;3999;Grande Porte;Baixa/Media Complexidade;47,77
2080362;352070;Indiaporã;SP;Sao Paulo;-19,979;-50,2909;36;4;32;;05;;3999;Pequeno Porte;Baixa/Media Complexidade;11,11
2080370;353890;Pirajuí;SP;Sao Paulo;-21,999;-49,4608;54;46;8;;05;;3999;Medio Porte;Baixa/Media Complexidade;85,19
2080400;354340;Ribeirão Preto;SP;Sao Paulo;-21,1699;-47,8099;151;100;51;;05;;3999;Grande Porte;Baixa/Media Complexidade;66,23
2080427;351880;Guarulhos;SP;Sao Paulo;-23,4538;-46,5333;80;80;0;;07;;1244;Medio Porte;Baixa/Media Complexidade;100,0
2080443;355010;São Manuel;SP;Sao Paulo;-22,7321;-48,5723;70;44;26;;05;;3999;Medio Porte;Baixa/Media Complexidade;62,86
2080451;352130;Ipuã;SP;Sao Paulo;-20,4438;-48,0129;50;43;7;;05;;3999;Medio Porte;Baixa/Media Complexidade;86,0
2080478;353700;Pedregulho;SP;Sao Paulo;-20,2535;-47,4775;64;55;9;;05;;3999;Medio Porte;Baixa/Media Complexidade;85,94
2080494;355030;São Paulo;SP;Sao Paulo;-23,5329;-46,6395;40;0;40;;05;;3999;Pequeno Porte;Baixa/Media Complexidade;0,0
2080508;350130;Álvares Machado;SP;Sao Paulo;-22,0764;-51,4722;18;16;2;;05;;3999;Pequeno Porte;Baixa/Media Complexidade;88,89
2080516;354140;Presidente Prudente;SP;Sao Paulo;-22,1207;-51,3925;99;0;99;;05;;2062;Medio Porte;Baixa/Media Complexidade;0,0
2080524;354240;Regente Feijó;SP;Sao Paulo;-22,2181;-51,3055;42;33;9;;05;;3999;Pequeno Porte;Baixa/Media Complexidade;78,57
2080532;354140;Presidente Prudente;SP;Sao Paulo;-22,1207;-51,3925;209;106;103;;05;;3999;Grande Porte;Baixa/Media Complexidade;50,72
2080575;355030;São Paulo;SP;Sao Paulo;-23,5329;-46,6395;887;252;635;;05;;3999;Grande Porte;Baixa/Media Complexidade;28,41
2080583;355030;São Paulo;SP;Sao Paulo;-23,5329;-46,6395;207;193;14;;05;;1031;Grande Porte;Baixa/Media Complexidade;93,24
2080591;354870;São Bernardo do Campo;SP;Sao Paulo;-23,6914;-46,5646;54;0;54;;05;;2046;Medio Porte;Baixa/Media Complexidade;0,0
2080605;355470;Torrinha;SP;Sao Paulo;-22,4237;-48,1731;20;13;7;;05;;3999;Pequeno Porte;Baixa/Media Complexidade;65,0
2080613;354880;São Caetano do Sul;SP;Sao Paulo;-23,6229;-46,5548;84;0;84;;05;;2062;Medio Porte;Baixa/Media Complexidade;0,0
2080621;354000;Pompéia;SP;Sao Paulo;-22,107;-50,176;26;19;7;;05;;3999;Pequeno Porte;Baixa/Media Complexidade;73,08
2080664;355500;Tupã;SP;Sao Paulo;-21,9335;-50,5191;158;142;16;;05;;3999;Grande Porte;Baixa/Media Complexidade;89,87
2080680;353060;Mogi das Cruzes;SP;Sao Paulo;-23,5208;-46,1854;302;292;10;;05;;1023;Grande Porte;Baixa/Media Complexidade;96,69
2080699;353870;Piracicaba;SP;Sao Paulo;-22,7338;-47,6476;220;1;219;;05;;2143;Grande Porte;Baixa/Media Complexidade;0,45
2080729;355100;São Vicente;SP;Sao Paulo;-23,9574;-46,3883;96;6;90;;05;;3999;Medio Porte;Baixa/Media Complexidade;6,25
2080737;351660;Gália;SP;Sao Paulo;-22,2918;-49,5504;45;27;18;;05;;3999;Pequeno Porte;Baixa/Media Complexidade;60,0
2080745;354630;Santa Cruz das Palmeiras;SP;Sao Paulo;-21,8235;-47,248;35;25;10;;05;;3999;Pequeno Porte;Baixa/Media Complexidade;71,43
2080753;351620;Franca;SP;Sao Paulo;-20,5352;-47,4039;106;0;106;;05;;2062;Medio Porte;Baixa/Media Complexidade;0,0
2080761;354980;São José do Rio Preto;SP;Sao Paulo;-20,8113;-49,3758;39;0;39;;07;;2062;Pequeno Porte;Baixa/Media Complexidade;0,0
2080788;355030;São Paulo;SP;Sao Paulo;-23,5329;-46,6395;48;48;0;;05;;1031;Pequeno Porte;Baixa/Media Complexidade;100,0
2080796;355030;São Paulo;SP;Sao Paulo;-23,5329;-46,6395;302;0;302;;05;;3999;Grande Porte;Baixa/Media Complexidade;0,0
2080818;355030;São Paulo;SP;Sao Paulo;-23,5329;-46,6395;314;0;314;;05;;2054;Grande Porte;Baixa/Media Complexidade;0,0
2080826;352190;Itajobi;SP;Sao Paulo;-21,3123;-49,0629;50;35;15;;05;;3999;Medio Porte;Baixa/Media Complexidade;70,0
2080842;351000;Cândido Mota;SP;Sao Paulo;-22,7471;-50,3873;30;25;5;;05;;3999;Pequeno Porte;Baixa/Media Complexidade;83,33
2080869;353660;Paulo de Faria;SP;Sao Paulo;-20,0296;-49,4;24;18;6;;05;;3999;Pequeno Porte;Baixa/Media Complexidade;75,0
2080915;350640;Bilac;SP;Sao Paulo;-21,404;-50,4746;36;35;1;;05;;3999;Pequeno Porte;Baixa/Media Complexidade;97,22
2080923;354970;São José do Rio Pardo;SP;Sao Paulo;-21,5953;-46,8873;138;86;52;;05;;3999;Medio Porte;Baixa/Media Complexidade;62,32
2080931;354890;São Carlos;SP;Sao Paulo;-22,0174;-47,886;278;177;101;;05;;3999;Grande Porte;Baixa/Media Complexidade;63,67
2080958;353530;Palmital;SP;Sao Paulo;-22,7858;-50,218;43;29;14;;05;;3999;Pequeno Porte;Baixa/Media Complexidade;67,44
2080966;351520;Estrela d'Oeste;SP;Sao Paulo;-20,2875;-50,4049;51;45;6;;05;;3999;Medio Porte;Baixa/Media Complexidade;88,24
2080974;355030;São Paulo;SP;Sao Paulo;-23,5329;-46,6395;44;0;44;;07;;2062;Pequeno Porte;Baixa/Media Complexidade;0,0
2080982;351190;Clementina;SP;Sao Paulo;-21,5604;-50,4525;24;21;3;;05;;3999;Pequeno Porte;Baixa/Media Complexidade;87,5
2080990;352900;Marília;SP;Sao Paulo;-22,2171;-49,9501;163;80;83;;07;;3999;Grande Porte;Baixa/Media Complexidade;49,08
2081016;353070;Mogi Guaçu;SP;Sao Paulo;-22,3675;-46,9428;138;0;138;;05;;2062;Medio Porte;Baixa/Media Complexidade;0,0
2081032;354390;Rio Claro;SP;Sao Paulo;-22,3984;-47,5546;53;0;53;;05;;2143;Medio Porte;Baixa/Media Complexidade;0,0
2081040;350330;Araras;SP;Sao Paulo;-22,3572;-47,3842;81;0;81;;05;;2143;Medio Porte;Baixa/Media Complexidade;0,0
2081059;353650;Paulínia;SP;Sao Paulo;-22,7542;-47,1488;110;106;4;;05;;1244;Medio Porte;Baixa/Media Complexidade;96,36
2081075;352050;Indaiatuba;SP;Sao Paulo;-23,0816;-47,2101;10;2;8;;62;;2062;Micro Porte;Baixa/Media Complexidade;20,0
2081083;350400;Assis;SP;Sao Paulo;-22,66;-50,4183;114;69;45;;05;;3999;Medio Porte;Baixa/Media Complexidade;60,53
2081091;352260;Itapira;SP;Sao Paulo;-22,4357;-46,8224;97;97;0;;05;;1244;Medio Porte;Baixa/Media Complexidade;100,0
2081105;355630;Valparaíso;SP;Sao Paulo;-21,2229;-50,8699;55;31;24;;05;;3999;Medio Porte;Baixa/Media Complexidade;56,36
2081113;354390;Rio Claro;SP;Sao Paulo;-22,3984;-47,5546;62;6;56;;05;;2054;Medio Porte;Baixa/Media Complexidade;9,68
2081164;354340;Ribeirão Preto;SP;Sao Paulo;-21,1699;-47,8099;99;79;20;;05;;3069;Medio Porte;Baixa/Media Complexidade;79,8
2081202;354330;Ribeirão Pires;SP;Sao Paulo;-23,7067;-46,4058;43;43;0;;05;;1244;Pequeno Porte;Baixa/Media Complexidade;100,0
2081229;353600;Parapuã;SP;Sao Paulo;-21,7792;-50,7949;32;26;6;;05;;3999;Pequeno Porte;Baixa/Media Complexidade;81,25
2081237;354380;Rinópolis;SP;Sao Paulo;-21,7284;-50,7239;24;23;1;;05;;3999;Pequeno Porte;Baixa/Media Complexidade;95,83
2081245;355230;Sud Mennucci;SP;Sao Paulo;-20,6872;-50,9238;22;20;2;;05;;3999;Pequeno Porte;Baixa/Media Complexidade;90,91
2081253;350330;Araras;SP;Sao Paulo;-22,3572;-47,3842;179;123;56;;05;;3999;Grande Porte;Baixa/Media Complexidade;68,72
2081261;350700;Boituva;SP;Sao Paulo;-23,2855;-47,6786;54;39;15;;05;;3069;Medio Porte;Baixa/Media Complexidade;72,22
2081288;355030;São Paulo;SP;Sao Paulo;-23,5329;-46,6395;292;5;287;;05;;3999;Grande Porte;Baixa/Media Complexidade;1,71
2081296;350930;Cajobi;SP;Sao Paulo;-20,8773;-48,8063;32;21;11;;05;;3999;Pequeno Porte;Baixa/Media Complexidade;65,62
2081342;355600;Urupês;SP;Sao Paulo;-21,2032;-49,2931;20;10;10;;05;;3999;Pequeno Porte;Baixa/Media Complexidade;50,0
2081350;353880;Piraju;SP;Sao Paulo;-23,1981;-49,3803;68;49;19;;05;;3999;Medio Porte;Baixa/Media Complexidade;72,06
2081377;355710;Votuporanga;SP;Sao Paulo;-20,4237;-49,9781;214;141;73;;05;;3999;Grande Porte;Baixa/Media Complexidade;65,89
2081385;355510;Tupi Paulista;SP;Sao Paulo;-21,3825;-51,575;48;30;18;;05;;3999;Pequeno Porte;Baixa/Media Complexidade;62,5
2081393;355160;Serra Negra;SP;Sao Paulo;-22,6139;-46,7033;49;33;16;;05;;3999;Pequeno Porte;Baixa/Media Complexidade;67,35
2081407;352520;Jarinu;SP;Sao Paulo;-23,1039;-46,728;18;18;0;;15;;1244;Pequeno Porte;Baixa/Media Complexidade;100,0
2081431;352740;Lucélia;SP;Sao Paulo;-21,7182;-51,0215;36;30;6;;05;;3999;Pequeno Porte;Baixa/Media Complexidade;83,33
2081458;352690;Limeira;SP;Sao Paulo;-22,566;-47,397;236;189;47;;05;;3999;Grande Porte;Baixa/Media Complexidade;80,08
2081466;352450;Jaci;SP;Sao Paulo;-20,8805;-49,5797;216;168;48;;05;;3999;Grande Porte;Baixa/Media Complexidade;77,78
2081482;350950;Campinas;SP;Sao Paulo;-22,9053;-47,0659;79;62;17;;07;;3999;Medio Porte;Baixa/Media Complexidade;78,48
2081490;350950;Campinas;SP;Sao Paulo;-22,9053;-47,0659;213;209;4;;05;;1120;Grande Porte;Baixa/Media Complexidade;98,12
2081504;351870;Guarujá;SP;Sao Paulo;-23,9888;-46,258;6;6;0;;62;;1244;Micro Porte;Baixa/Media Complexidade;100,0
2081512;351840;Guaratinguetá;SP;Sao Paulo;-22,8075;-45,1938;146;104;42;;05;;3999;Medio Porte;Baixa/Media Complexidade;71,23
2081520;351780;Guaraçaí;SP;Sao Paulo;-21,0292;-51,2119;23;15;8;;05;;3999;Pequeno Porte;Baixa/Media Complexidade;65,22
2081539;354870;São Bernardo do Campo;SP;Sao Paulo;-23,6914;-46,5646;8;0;8;;20;;2054;Micro Porte;Baixa/Media Complexidade;0,0
2081555;352320;Itararé;SP;Sao Paulo;-24,1085;-49,3352;80;53;27;;05;;3999;Medio Porte;Baixa/Media Complexidade;66,25
2081563;351518;Espírito Santo do Pinhal;SP;Sao Paulo;-22,1909;-46,7477;99;50;49;;07;;2240;Medio Porte;Baixa/Media Complexidade;50,51
2081571;354420;Riolândia;SP;Sao Paulo;-19,9868;-49,6836;36;25;11;;05;;3999;Pequeno Porte;Baixa/Media Complexidade;69,44
2081598;355360;Tapiratiba;SP;Sao Paulo;-21,4713;-46,7448;25;24;1;;05;;3999;Pequeno Porte;Baixa/Media Complexidade;96,0
2081601;351620;Franca;SP;Sao Paulo;-20,5352;-47,4039;78;0;78;;05;;2054;Medio Porte;Baixa/Media Complexidade;0,0
2081628;351880;Guarulhos;SP;Sao Paulo;-23,4538;-46,5333;186;0;186;;05;;2054;Grande Porte;Baixa/Media Complexidade;0,0
2081636;354850;Santos;SP;Sao Paulo;-23,9535;-46,335;38;0;38;;05;;2054;Pequeno Porte;Baixa/Media Complexidade;0,0
2081644;351840;Guaratinguetá;SP;Sao Paulo;-22,8075;-45,1938;161;94;67;;05;;3999;Grande Porte;Baixa/Media Complexidade;58,39
2081652;351690;General Salgado;SP;Sao Paulo;-20,6485;-50,364;28;19;9;;05;;3999;Pequeno Porte;Baixa/Media Complexidade;67,86
2081660;352090;Ipaussu;SP;Sao Paulo;-23,0575;-49,6279;49;28;21;;05;;3999;Pequeno Porte;Baixa/Media Complexidade;57,14
2081695;355220;Sorocaba;SP;Sao Paulo;-23,4969;-47,4451;427;411;16;;05;;1023;Grande Porte;Baixa/Media Complexidade;96,25
2081717;351370;Descalvado;SP;Sao Paulo;-21,9002;-47,6181;40;25;15;;05;;3999;Pequeno Porte;Baixa/Media Complexidade;62,5
2081725;352710;Lins;SP;Sao Paulo;-21,6718;-49,7526;224;207;17;;05;;1023;Grande Porte;Baixa/Media Complexidade;92,41
2081733;350160;Americana;SP;Sao Paulo;-22,7374;-47,3331;70;20;50;;07;;3999;Medio Porte;Baixa/Media Complexidade;28,57
2081741;355030;São Paulo;SP;Sao Paulo;-23,5329;-46,6395;32;0;32;;05;;3999;Pequeno Porte;Baixa/Media Complexidade;0,0
2081768;350420;Auriflama;SP;Sao Paulo;-20,6836;-50,5572;44;35;9;;05;;3999;Pequeno Porte;Baixa/Media Complexidade;79,55
2081784;350790;Brotas;SP;Sao Paulo;-22,2795;-48,1251;42;36;6;;05;;3999;Pequeno Porte;Baixa/Media Complexidade;85,71
2081792;352810;Macaubal;SP;Sao Paulo;-20,8022;-49,9687;15;10;5;;05;;3999;Pequeno Porte;Baixa/Media Complexidade;66,67
2081806;350110;Alto Alegre;SP;Sao Paulo;-21,5811;-50,168;22;19;3;;05;;1244;Pequeno Porte;Baixa/Media Complexidade;86,36
2081814;351820;Guararapes;SP;Sao Paulo;-21,2544;-50,6453;74;48;26;;05;;3999;Medio Porte;Baixa/Media Complexidade;64,86
2081830;353720;Pedro de Toledo;SP;Sao Paulo;-24,2764;-47,2354;3;3;0;;15;;1244;Micro Porte;Baixa/Media Complexidade;100,0
2081865;350410;Atibaia;SP;Sao Paulo;-23,1171;-46,5563;71;0;71;;05;;2062;Medio Porte;Baixa/Media Complexidade;0,0
2081873;354220;Rancharia;SP;Sao Paulo;-22,2269;-50,893;115;81;34;;05;;3999;Medio Porte;Baixa/Media Complexidade;70,43
2081881;354780;Santo André;SP;Sao Paulo;-23,6737;-46,5432;132;0;132;;05;;2062;Medio Porte;Baixa/Media Complexidade;0,0
2081903;355640;Vargem Grande do Sul;SP;Sao Paulo;-21,8322;-46,8913;50;31;19;;05;;3999;Medio Porte;Baixa/Media Complexidade;62,0
2081938;350950;Campinas;SP;Sao Paulo;-22,9053;-47,0659;179;0;179;;05;;2062;Grande Porte;Baixa/Media Complexidade;0,0
2081946;350950;Campinas;SP;Sao Paulo;-22,9053;-47,0659;131;0;131;;05;;2054;Medio Porte;Baixa/Media Complexidade;0,0
2081970;355030;São Paulo;SP;Sao Paulo;-23,5329;-46,6395;207;198;9;;05;;1031;Grande Porte;Baixa/Media Complexidade;95,65
2081989;350740;Borborema;SP;Sao Paulo;-21,6214;-49,0741;26;16;10;;05;;3999;Pequeno Porte;Baixa/Media Complexidade;61,54
2082012;354850;Santos;SP;Sao Paulo;-23,9535;-46,335;11;0;11;;62;;2062;Micro Porte;Baixa/Media Complexidade;0,0
2082071;351070;Cardoso;SP;Sao Paulo;-20,08;-49,9183;31;10;21;;05;;3999;Pequeno Porte;Baixa/Media Complexidade;32,26
2082098;350270;Apiaí;SP;Sao Paulo;-24,5108;-48,8443;51;45;6;;05;;3999;Medio Porte;Baixa/Media Complexidade;88,24
2082101;355220;Sorocaba;SP;Sao Paulo;-23,4969;-47,4451;93;0;93;;05;;2054;Medio Porte;Baixa/Media Complexidade;0,0
2082128;350950;Campinas;SP;Sao Paulo;-22,9053;-47,0659;341;207;134;;05;;3999;Grande Porte;Baixa/Media Complexidade;60,7
2082179;350160;Americana;SP;Sao Paulo;-22,7374;-47,3331;111;12;99;;05;;3999;Medio Porte;Baixa/Media Complexidade;10,81
2082187;354340;Ribeirão Preto;SP;Sao Paulo;-21,1699;-47,8099;883;833;50;;05;;3069;Grande Porte;Baixa/Media Complexidade;94,34
2082195;350190;Amparo;SP;Sao Paulo;-22,7088;-46,772;43;7;36;;05;;3999;Pequeno Porte;Baixa/Media Complexidade;16,28
2082209;350570;Barueri;SP;Sao Paulo;-23,5057;-46,879;114;114;0;;21;;1244;Medio Porte;Baixa/Media Complexidade;100,0
2082225;355030;São Paulo;SP;Sao Paulo;-23,5329;-46,6395;285;252;33;;05;;1023;Grande Porte;Baixa/Media Complexidade;88,42
2082276;351880;Guarulhos;SP;Sao Paulo;-23,4538;-46,5333;600;600;0;;07;;3999;Grande Porte;Baixa/Media Complexidade;100,0
2082284;355080;São Sebastião da Grama;SP;Sao Paulo;-21,7041;-46,8208;30;26;4;;05;;3999;Pequeno Porte;Baixa/Media Complexidade;86,67
2082292;354870;São Bernardo do Campo;SP;Sao Paulo;-23,6914;-46,5646;185;0;185;;07;;3999;Grande Porte;Baixa/Media Complexidade;0,0
2082306;351080;Casa Branca;SP;Sao Paulo;-21,7708;-47,0852;35;27;8;;05;;3999;Pequeno Porte;Baixa/Media Complexidade;77,14
2082314;355030;São Paulo;SP;Sao Paulo;-23,5329;-46,6395;80;0;80;;05;;2062;Medio Porte;Baixa/Media Complexidade;0,0
2082322;354070;Porto Ferreira;SP;Sao Paulo;-21,8498;-47,487;61;37;24;;05;;3999;Medio Porte;Baixa/Media Complexidade;60,66
2082330;354880;São Caetano do Sul;SP;Sao Paulo;-23,6229;-46,5548;189;0;189;;05;;3999;Grande Porte;Baixa/Media Complexidade;0,0
2082349;352940;Mauá;SP;Sao Paulo;-23,6677;-46,4613;231;231;0;;05;;1244;Grande Porte;Baixa/Media Complexidade;100,0
2082381;350610;Bebedouro;SP;Sao Paulo;-20,9491;-48,4791;51;51;0;;05;;1244;Medio Porte;Baixa/Media Complexidade;100,0
2082411;353980;Poá;SP;Sao Paulo;-23,5333;-46,3473;10;10;0;;73;;1244;Micro Porte;Baixa/Media Complexidade;100,0
2082438;355720;Chavantes;SP;Sao Paulo;-23,0366;-49,7096;51;30;21;;05;;3999;Medio Porte;Baixa/Media Complexidade;58,82
2082446;350010;Adamantina;SP;Sao Paulo;-21,682;-51,0737;85;85;0;;07;;3999;Medio Porte;Baixa/Media Complexidade;100,0
2082454;355500;Tupã;SP;Sao Paulo;-21,9335;-50,5191;210;210;0;;07;;3999;Grande Porte;Baixa/Media Complexidade;100,0
2082462;352670;Leme;SP;Sao Paulo;-22,1809;-47,3841;33;0;33;;05;;2143;Pequeno Porte;Baixa/Media Complexidade;0,0
2082470;350330;Araras;SP;Sao Paulo;-22,3572;-47,3842;185;65;120;;07;;3999;Grande Porte;Baixa/Media Complexidade;35,14
2082497;350630;Bernardino de Campos;SP;Sao Paulo;-23,0164;-49,4679;23;23;0;;05;;3999;Pequeno Porte;Baixa/Media Complexidade;100,0
2082519;353550;Paraguaçu Paulista;SP;Sao Paulo;-22,4114;-50,5732;113;89;24;;05;;3999;Medio Porte;Baixa/Media Complexidade;78,76
2082527;350320;Araraquara;SP;Sao Paulo;-21,7845;-48,178;191;162;29;;05;;3999;Grande Porte;Baixa/Media Complexidade;84,82
2082535;355030;São Paulo;SP;Sao Paulo;-23,5329;-46,6395;132;0;132;;05;;2054;Medio Porte;Baixa/Media Complexidade;0,0
2082551;351940;Ibirá;SP;Sao Paulo;-21,083;-49,2448;27;9;18;;05;;3999;Pequeno Porte;Baixa/Media Complexidade;33,33
2082586;353460;Osvaldo Cruz;SP;Sao Paulo;-21,7968;-50,8793;72;58;14;;05;;3999;Medio Porte;Baixa/Media Complexidade;80,56
2082594;354880;São Caetano do Sul;SP;Sao Paulo;-23,6229;-46,5548;180;167;13;;05;;1244;Grande Porte;Baixa/Media Complexidade;92,78
2082608;353030;Mirassol;SP;Sao Paulo;-20,8169;-49,5206;33;0;33;;05;;2062;Pequeno Porte;Baixa/Media Complexidade;0,0
2082624;355030;São Paulo;SP;Sao Paulo;-23,5329;-46,6395;168;30;138;;05;;3999;Grande Porte;Baixa/Media Complexidade;17,86
2082632;350530;Barra Bonita;SP;Sao Paulo;-22,4909;-48,5583;58;36;22;;05;;3999;Medio Porte;Baixa/Media Complexidade;62,07
2082640;351960;Ibitinga;SP;Sao Paulo;-21,7562;-48,8319;107;58;49;;05;;3999;Medio Porte;Baixa/Media Complexidade;54,21
2082659;353300;Nova Granada;SP;Sao Paulo;-20,5321;-49,3123;62;19;43;;05;;3999;Medio Porte;Baixa/Media Complexidade;30,65
2082667;353140;Monte Aprazível;SP;Sao Paulo;-20,768;-49,7184;80;30;50;;05;;3999;Medio Porte;Baixa/Media Complexidade;37,5
2082675;350280;Araçatuba;SP;Sao Paulo;-21,2076;-50,4401;86;86;0;;05;;3999;Medio Porte;Baixa/Media Complexidade;100,0
2082691;350210;Andradina;SP;Sao Paulo;-20,8948;-51,3786;127;89;38;;05;;3999;Medio Porte;Baixa/Media Complexidade;70,08
2082705;354390;Rio Claro;SP;Sao Paulo;-22,3984;-47,5546;3;0;3;;62;;2062;Micro Porte;Baixa/Media Complexidade;0,0
2082721;355060;São Roque;SP;Sao Paulo;-23,5226;-47,1357;70;70;0;;05;;3999;Medio Porte;Baixa/Media Complexidade;100,0
2082748;350220;Angatuba;SP;Sao Paulo;-23,4917;-48,4139;57;54;3;;05;;3999;Medio Porte;Baixa/Media Complexidade;94,74
2082756;354540;Salto Grande;SP;Sao Paulo;-22,8894;-49,9831;34;22;12;;05;;3999;Pequeno Porte;Baixa/Media Complexidade;64,71
2082780;351160;Cesário Lange;SP;Sao Paulo;-23,226;-47,9545;27;23;4;;05;;3999;Pequeno Porte;Baixa/Media Complexidade;85,19
2082810;351390;Divinolândia;SP;Sao Paulo;-21,6637;-46,7361;186;186;0;;05;;3999;Grande Porte;Baixa/Media Complexidade;100,0
2082829;355030;São Paulo;SP;Sao Paulo;-23,5329;-46,6395;286;256;30;;05;;1031;Grande Porte;Baixa/Media Complexidade;89,51
2082845;353390;Olímpia;SP;Sao Paulo;-20,7366;-48,9106;81;50;31;;05;;3999;Medio Porte;Baixa/Media Complexidade;61,73
2082853;350590;Batatais;SP;Sao Paulo;-20,8929;-47,5921;141;108;33;;05;;3999;Medio Porte;Baixa/Media Complexidade;76,6
2082861;351880;Guarulhos;SP;Sao Paulo;-23,4538;-46,5333;109;109;0;;05;;1244;Medio Porte;Baixa/Media Complexidade;100,0
2082888;354390;Rio Claro;SP;Sao Paulo;-22,3984;-47,5546;190;126;64;;05;;3999;Grande Porte;Baixa/Media Complexidade;66,32
2082926;351050;Caraguatatuba;SP;Sao Paulo;-23,6125;-45,4125;171;121;50;;05;;3999;Grande Porte;Baixa/Media Complexidade;70,76
2082934;355300;Taguaí;SP;Sao Paulo;-23,4452;-49,4024;30;25;5;;05;;3999;Pequeno Porte;Baixa/Media Complexidade;83,33
2082942;352800;Macatuba;SP;Sao Paulo;-22,5002;-48,7102;31;18;13;;05;;3999;Pequeno Porte;Baixa/Media Complexidade;58,06
2082977;354140;Presidente Prudente;SP;Sao Paulo;-22,1207;-51,3925;4;0;4;;62;;2232;Micro Porte;Baixa/Media Complexidade;0,0
2082985;355320;Taiúva;SP;Sao Paulo;-21,1223;-48,4528;4;4;0;;15;;1244;Micro Porte;Baixa/Media Complexidade;100,0
2083019;353010;Mirandópolis;SP;Sao Paulo;-21,1313;-51,1035;100;100;0;;05;;1023;Medio Porte;Baixa/Media Complexidade;100,0
2083027;353740;Pereira Barreto;SP;Sao Paulo;-20,6368;-51,1123;56;50;6;;05;;3999;Medio Porte;Baixa/Media Complexidade;89,29
2083051;350250;Aparecida;SP;Sao Paulo;-22,8495;-45,2325;101;78;23;;05;;3999;Medio Porte;Baixa/Media Complexidade;77,23
2083086;352530;Jaú;SP;Sao Paulo;-22,2936;-48,5592;315;245;70;;07;;3069;Grande Porte;Baixa/Media Complexidade;77,78
2083094;350400;Assis;SP;Sao Paulo;-22,66;-50,4183;124;124;0;;05;;1023;Medio Porte;Baixa/Media Complexidade;100,0
2083116;352900;Marília;SP;Sao Paulo;-22,2171;-49,9501;197;98;99;;05;;3999;Grande Porte;Baixa/Media Complexidade;49,75
2083140;354680;Santa Isabel;SP;Sao Paulo;-23,3172;-46,2237;76;64;12;;05;;3999;Medio Porte;Baixa/Media Complexidade;84,21
2083159;354390;Rio Claro;SP;Sao Paulo;-22,3984;-47,5546;133;93;40;;07;;3999;Medio Porte;Baixa/Media Complexidade;69,92
2083175;353780;Piedade;SP;Sao Paulo;-23,7139;-47,4256;73;59;14;;05;;3069;Medio Porte;Baixa/Media Complexidade;80,82
2083191;351060;Carapicuíba;SP;Sao Paulo;-23,5235;-46,8407;57;0;57;;05;;2054;Medio Porte;Baixa/Media Complexidade;0,0
2083213;355440;Terra Roxa;SP;Sao Paulo;-20,787;-48,3314;34;30;4;;05;;3999;Pequeno Porte;Baixa/Media Complexidade;88,24
2083248;354870;São Bernardo do Campo;SP;Sao Paulo;-23,6914;-46,5646;68;0;68;;05;;2062;Medio Porte;Baixa/Media Complexidade;0,0
2083256;353060;Mogi das Cruzes;SP;Sao Paulo;-23,5208;-46,1854;95;0;95;;05;;2054;Medio Porte;Baixa/Media Complexidade;0,0
2083272;350635;Bertioga;SP;Sao Paulo;-23,8486;-46,1396;49;49;0;;05;;1244;Pequeno Porte;Baixa/Media Complexidade;100,0
2083299;354890;São Carlos;SP;Sao Paulo;-22,0174;-47,886;72;0;72;;05;;2143;Medio Porte;Baixa/Media Complexidade;0,0
2083493;354020;Pontal;SP;Sao Paulo;-21,0216;-48,0423;38;30;8;;05;;3999;Pequeno Porte;Baixa/Media Complexidade;78,95
2083604;350450;Avaré;SP;Sao Paulo;-23,1067;-48,9251;199;152;47;;05;;3999;Grande Porte;Baixa/Media Complexidade;76,38
2083876;351630;Francisco Morato;SP;Sao Paulo;-23,2792;-46,7448;94;94;0;;05;;3999;Medio Porte;Baixa/Media Complexidade;100,0
2083973;351770;Guará;SP;Sao Paulo;-20,4302;-47,8236;60;52;8;;05;;3999;Medio Porte;Baixa/Media Complexidade;86,67
2083981;355240;Sumaré;SP;Sao Paulo;-22,8204;-47,2728;211;211;0;;05;;1023;Grande Porte;Baixa/Media Complexidade;100,0
2084007;350710;Bom Jesus dos Perdões;SP;Sao Paulo;-23,1356;-46,4675;13;13;0;;15;;1244;Micro Porte;Baixa/Media Complexidade;100,0
2084023;353240;Nazaré Paulista;SP;Sao Paulo;-23,1747;-46,3983;20;20;0;;05;;1244;Pequeno Porte;Baixa/Media Complexidade;100,0
2084058;354640;Santa Cruz do Rio Pardo;SP;Sao Paulo;-22,8988;-49,6354;123;72;51;;05;;3999;Medio Porte;Baixa/Media Complexidade;58,54
2084074;355260;Tabapuã;SP;Sao Paulo;-20,9602;-49,0307;30;11;19;;05;;3999;Pequeno Porte;Baixa/Media Complexidade;36,67
2084090;354780;Santo André;SP;Sao Paulo;-23,6737;-46,5432;105;0;105;;05;;2046;Medio Porte;Baixa/Media Complexidade;0,0
2084120;350330;Araras;SP;Sao Paulo;-22,3572;-47,3842;15;0;15;;05;;3999;Pequeno Porte;Baixa/Media Complexidade;0,0
2084139;355030;São Paulo;SP;Sao Paulo;-23,5329;-46,6395;54;45;9;;05;;1031;Medio Porte;Baixa/Media Complexidade;83,33
2084163;351380;Diadema;SP;Sao Paulo;-23,6813;-46,6205;286;286;0;;05;;1023;Grande Porte;Baixa/Media Complexidade;100,0
2084171;355170;Sertãozinho;SP;Sao Paulo;-21,1316;-47,9875;134;81;53;;05;;3999;Medio Porte;Baixa/Media Complexidade;60,45
2084201;353470;Ourinhos;SP;Sao Paulo;-22,9797;-49,8697;36;0;36;;05;;2143;Pequeno Porte;Baixa/Media Complexidade;0,0
2084228;354910;São João da Boa Vista;SP;Sao Paulo;-21,9707;-46,7944;169;112;57;;05;;3999;Grande Porte;Baixa/Media Complexidade;66,27
2084236;353060;Mogi das Cruzes;SP;Sao Paulo;-23,5208;-46,1854;192;170;22;;05;;1023;Grande Porte;Baixa/Media Complexidade;88,54
2084244;352050;Indaiatuba;SP;Sao Paulo;-23,0816;-47,2101;115;69;46;;07;;3999;Medio Porte;Baixa/Media Complexidade;60,0
2084252;350950;Campinas;SP;Sao Paulo;-22,9053;-47,0659;19;19;0;;07;;3999;Pequeno Porte;Baixa/Media Complexidade;100,0
2084287;352260;Itapira;SP;Sao Paulo;-22,4357;-46,8224;54;2;52;;05;;3999;Medio Porte;Baixa/Media Complexidade;3,7
2084309;355710;Votuporanga;SP;Sao Paulo;-20,4237;-49,9781;35;0;35;;05;;2143;Pequeno Porte;Baixa/Media Complexidade;0,0
2084317;350190;Amparo;SP;Sao Paulo;-22,7088;-46,772;273;160;113;;07;;3999;Grande Porte;Baixa/Media Complexidade;58,61
2084333;355030;São Paulo;SP;Sao Paulo;-23,5329;-46,6395;160;0;160;;05;;2054;Grande Porte;Baixa/Media Complexidade;0,0
2084368;355030;São Paulo;SP;Sao Paulo;-23,5329;-46,6395;73;0;73;;05;;2054;Medio Porte;Baixa/Media Complexidade;0,0
2084376;355030;São Paulo;SP;Sao Paulo;-23,5329;-46,6395;165;0;165;;05;;2054;Grande Porte;Baixa/Media Complexidade;0,0
2084384;351518;Espírito Santo do Pinhal;SP;Sao Paulo;-22,1909;-46,7477;241;241;0;;07;;3999;Grande Porte;Baixa/Media Complexidade;100,0
2084414;354340;Ribeirão Preto;SP;Sao Paulo;-21,1699;-47,8099;263;169;94;;05;;3999;Grande Porte;Baixa/Media Complexidade;64,26
2084422;355040;São Pedro;SP;Sao Paulo;-22,5483;-47,9096;72;60;12;;05;;3999;Medio Porte;Baixa/Media Complexidade;83,33
2084430;351220;Conchal;SP;Sao Paulo;-22,3375;-47,1729;50;40;10;;05;;3999;Medio Porte;Baixa/Media Complexidade;80,0
2084473;355030;São Paulo;SP;Sao Paulo;-23,5329;-46,6395;124;107;17;;05;;1031;Medio Porte;Baixa/Media Complexidade;86,29
2084902;354910;São João da Boa Vista;SP;Sao Paulo;-21,9707;-46,7944;56;0;56;;05;;2143;Medio Porte;Baixa/Media Complexidade;0,0
2085143;352260;Itapira;SP;Sao Paulo;-22,4357;-46,8224;732;452;280;;07;;3069;Grande Porte;Baixa/Media Complexidade;61,75
2085194;352440;Jacareí;SP;Sao Paulo;-23,2983;-45,9658;172;76;96;;05;;3999;Grande Porte;Baixa/Media Complexidade;44,19
2085569;354990;São José dos Campos;SP;Sao Paulo;-23,1896;-45,8841;126;100;26;;07;;3999;Medio Porte;Baixa/Media Complexidade;79,37
2085976;350900;Caieiras;SP;Sao Paulo;-23,3607;-46,7397;32;32;0;;15;;1244;Pequeno Porte;Baixa/Media Complexidade;100,0
2086050;352900;Marília;SP;Sao Paulo;-22,2171;-49,9501;32;32;0;;07;;3999;Pequeno Porte;Baixa/Media Complexidade;100,0
2086271;352220;Itapecerica da Serra;SP;Sao Paulo;-23,7161;-46,8572;19;19;0;;07;;1120;Pequeno Porte;Baixa/Media Complexidade;100,0
2086336;352850;Mairiporã;SP;Sao Paulo;-23,3171;-46,5897;11;11;0;;05;;3999;Micro Porte;Baixa/Media Complexidade;100,0
2086719;352550;Joanópolis;SP;Sao Paulo;-22,927;-46,2741;11;11;0;;05;;3999;Micro Porte;Baixa/Media Complexidade;100,0
2087057;353870;Piracicaba;SP;Sao Paulo;-22,7338;-47,6476;214;133;81;;05;;3999;Grande Porte;Baixa/Media Complexidade;62,15
2087103;352690;Limeira;SP;Sao Paulo;-22,566;-47,397;81;50;31;;05;;3999;Medio Porte;Baixa/Media Complexidade;61,73
2087111;352720;Lorena;SP;Sao Paulo;-22,7334;-45,1197;151;128;23;;05;;3999;Grande Porte;Baixa/Media Complexidade;84,77
2087219;350960;Campo Limpo Paulista;SP;Sao Paulo;-23,2078;-46,7889;66;66;0;;05;;1244;Medio Porte;Baixa/Media Complexidade;100,0
2087618;355700;Votorantim;SP;Sao Paulo;-23,5446;-47,4388;75;74;1;;05;;1244;Medio Porte;Baixa/Media Complexidade;98,67
2087642;350490;Bananal;SP;Sao Paulo;-22,6819;-44,3281;15;15;0;;15;;1244;Pequeno Porte;Baixa/Media Complexidade;100,0
2087715;351907;Hortolândia;SP;Sao Paulo;-22,8529;-47,2143;69;66;3;;05;;1244;Medio Porte;Baixa/Media Complexidade;95,65
2087804;352210;Itanhaém;SP;Sao Paulo;-24,1736;-46,788;181;181;0;;05;;1023;Grande Porte;Baixa/Media Complexidade;100,0
2088193;353080;Mogi Mirim;SP;Sao Paulo;-22,4332;-46,9532;81;78;3;;05;;3999;Medio Porte;Baixa/Media Complexidade;96,3
2088487;353350;Novo Horizonte;SP;Sao Paulo;-21,4651;-49,2234;83;49;34;;05;;3999;Medio Porte;Baixa/Media Complexidade;59,04
2088495;355030;São Paulo;SP;Sao Paulo;-23,5329;-46,6395;402;386;16;;07;;3069;Grande Porte;Baixa/Media Complexidade;96,02
2088517;355030;São Paulo;SP;Sao Paulo;-23,5329;-46,6395;114;108;6;;07;;1023;Medio Porte;Baixa/Media Complexidade;94,74
2088525;352970;Miguelópolis;SP;Sao Paulo;-20,1796;-48,031;72;51;21;;05;;3999;Medio Porte;Baixa/Media Complexidade;70,83
2088576;355030;São Paulo;SP;Sao Paulo;-23,5329;-46,6395;168;168;0;;05;;1023;Grande Porte;Baixa/Media Complexidade;100,0
2089084;355030;São Paulo;SP;Sao Paulo;-23,5329;-46,6395;57;0;57;;07;;2240;Medio Porte;Baixa/Media Complexidade;0,0
2089203;355030;São Paulo;SP;Sao Paulo;-23,5329;-46,6395;144;0;144;;07;;3999;Medio Porte;Baixa/Media Complexidade;0,0
2089238;355030;São Paulo;SP;Sao Paulo;-23,5329;-46,6395;148;0;148;;05;;2062;Medio Porte;Baixa/Media Complexidade;0,0
2089327;351110;Catanduva;SP;Sao Paulo;-21,1314;-48,977;207;139;68;;05;;3069;Grande Porte;Baixa/Media Complexidade;67,15
2089335;351110;Catanduva;SP;Sao Paulo;-21,1314;-48,977;164;142;22;;05;;3069;Grande Porte;Baixa/Media Complexidade;86,59
2089432;352220;Itapecerica da Serra;SP;Sao Paulo;-23,7161;-46,8572;250;0;250;;07;;2062;Grande Porte;Baixa/Media Complexidade;0,0
2089483;355030;São Paulo;SP;Sao Paulo;-23,5329;-46,6395;59;0;59;;05;;2062;Medio Porte;Baixa/Media Complexidade;0,0
2089548;353950;Pitangueiras;SP;Sao Paulo;-21,0132;-48,221;50;32;18;;05;;3999;Medio Porte;Baixa/Media Complexidade;64,0
2089564;355030;São Paulo;SP;Sao Paulo;-23,5329;-46,6395;28;0;28;;05;;2062;Pequeno Porte;Baixa/Media Complexidade;0,0
2089572;355030;São Paulo;SP;Sao Paulo;-23,5329;-46,6395;204;204;0;;07;;3999;Grande Porte;Baixa/Media Complexidade;100,0
2089599;355030;São Paulo;SP;Sao Paulo;-23,5329;-46,6395;159;0;159;;05;;2046;Grande Porte;Baixa/Media Complexidade;0,0
2089602;355030;São Paulo;SP;Sao Paulo;-23,5329;-46,6395;259;19;240;;05;;3999;Grande Porte;Baixa/Media Complexidade;7,34
2089610;355030;São Paulo;SP;Sao Paulo;-23,5329;-46,6395;157;0;157;;05;;3069;Grande Porte;Baixa/Media Complexidade;0,0
2089653;355030;São Paulo;SP;Sao Paulo;-23,5329;-46,6395;128;0;128;;05;;2062;Medio Porte;Baixa/Media Complexidade;0,0
2089661;355030;São Paulo;SP;Sao Paulo;-23,5329;-46,6395;15;0;15;;05;;2240;Pequeno Porte;Baixa/Media Complexidade;0,0
2089696;355030;São Paulo;SP;Sao Paulo;-23,5329;-46,6395;73;59;14;;07;;3999;Medio Porte;Baixa/Media Complexidade;80,82
2089777;355030;São Paulo;SP;Sao Paulo;-23,5329;-46,6395;245;0;245;;05;;3999;Grande Porte;Baixa/Media Complexidade;0,0
2089785;355030;São Paulo;SP;Sao Paulo;-23,5329;-46,6395;151;146;5;;07;;3069;Grande Porte;Baixa/Media Complexidade;96,69
2090171;350170;Américo Brasiliense;SP;Sao Paulo;-21,7288;-48,1147;18;18;0;;15;;1244;Pequeno Porte;Baixa/Media Complexidade;100,0
2090236;350550;Barretos;SP;Sao Paulo;-20,5531;-48,5698;231;231;0;;07;;3069;Grande Porte;Baixa/Media Complexidade;100,0
2090309;350750;Botucatu;SP;Sao Paulo;-22,8837;-48,4437;42;42;0;;07;;1023;Pequeno Porte;Baixa/Media Complexidade;100,0
2090333;351140;Cerqueira César;SP;Sao Paulo;-23,038;-49,1655;38;35;3;;05;;3999;Pequeno Porte;Baixa/Media Complexidade;92,11
2090376;351210;Colômbia;SP;Sao Paulo;-20,1768;-48,6865;20;20;0;;15;;1244;Pequeno Porte;Baixa/Media Complexidade;100,0
2090422;351260;Coronel Macedo;SP;Sao Paulo;-23,6261;-49,31;2;2;0;;15;;1244;Micro Porte;Baixa/Media Complexidade;100,0
2090457;351270;Corumbataí;SP;Sao Paulo;-22,2213;-47,6215;2;2;0;;15;;1244;Micro Porte;Baixa/Media Complexidade;100,0
2090619;352020;Igaratá;SP;Sao Paulo;-23,2037;-46,157;8;8;0;;15;;1244;Micro Porte;Baixa/Media Complexidade;100,0
2090961;352930;Matão;SP;Sao Paulo;-21,6025;-48,364;194;122;72;;05;;3999;Grande Porte;Baixa/Media Complexidade;62,89
2091267;354750;Santa Rita do Passa Quatro;SP;Sao Paulo;-21,7083;-47,478;33;21;12;;05;;3999;Pequeno Porte;Baixa/Media Complexidade;63,64
2091275;354750;Santa Rita do Passa Quatro;SP;Sao Paulo;-21,7083;-47,478;232;232;0;;07;;1023;Grande Porte;Baixa/Media Complexidade;100,0
2091305;354980;São José do Rio Preto;SP;Sao Paulo;-20,8113;-49,3758;2;1;1;;62;;2062;Micro Porte;Baixa/Media Complexidade;50,0
2091313;355030;São Paulo;SP;Sao Paulo;-23,5329;-46,6395;212;209;3;;05;;1023;Grande Porte;Baixa/Media Complexidade;98,58
2091356;355030;São Paulo;SP;Sao Paulo;-23,5329;-46,6395;11;11;0;;07;;1023;Micro Porte;Baixa/Media Complexidade;100,0
2091399;355030;São Paulo;SP;Sao Paulo;-23,5329;-46,6395;62;53;9;;07;;3999;Medio Porte;Baixa/Media Complexidade;85,48
2091542;355030;São Paulo;SP;Sao Paulo;-23,5329;-46,6395;19;19;0;;62;;1023;Pequeno Porte;Baixa/Media Complexidade;100,0
2091550;355030;São Paulo;SP;Sao Paulo;-23,5329;-46,6395;31;31;0;;05;;3999;Pequeno Porte;Baixa/Media Complexidade;100,0
2091577;355030;São Paulo;SP;Sao Paulo;-23,5329;-46,6395;2;0;2;;36;;3999;Micro Porte;Baixa/Media Complexidade;0,0
2091585;355030;São Paulo;SP;Sao Paulo;-23,5329;-46,6395;162;162;0;;05;;1023;Grande Porte;Baixa/Media Complexidade;100,0
2091658;355030;São Paulo;SP;Sao Paulo;-23,5329;-46,6395;6;6;0;;62;;1031;Micro Porte;Baixa/Media Complexidade;100,0
2091666;355030;São Paulo;SP;Sao Paulo;-23,5329;-46,6395;1;0;1;;62;;3999;Micro Porte;Baixa/Media Complexidade;0,0
2091755;355030;São Paulo;SP;Sao Paulo;-23,5329;-46,6395;169;160;9;;05;;1023;Grande Porte;Baixa/Media Complexidade;94,67
2091763;355030;São Paulo;SP;Sao Paulo;-23,5329;-46,6395;130;0;130;;07;;2240;Medio Porte;Baixa/Media Complexidade;0,0
2091801;355030;São Paulo;SP;Sao Paulo;-23,5329;-46,6395;95;0;95;;05;;2062;Medio Porte;Baixa/Media Complexidade;0,0
2092093;355680;Viradouro;SP;Sao Paulo;-20,8734;-48,293;48;30;18;;05;;3999;Pequeno Porte;Baixa/Media Complexidade;62,5
2092107;351640;Franco da Rocha;SP;Sao Paulo;-23,3229;-46,729;3;3;0;;05;;1023;Micro Porte;Baixa/Media Complexidade;100,0
2092298;352390;Itu;SP;Sao Paulo;-23,2544;-47,2927;106;106;0;;05;;1244;Medio Porte;Baixa/Media Complexidade;100,0
2092395;351930;Ibaté;SP;Sao Paulo;-21,9584;-47,9882;27;27;0;;05;;1244;Pequeno Porte;Baixa/Media Complexidade;100,0
2092611;350550;Barretos;SP;Sao Paulo;-20,5531;-48,5698;264;211;53;;05;;3999;Grande Porte;Baixa/Media Complexidade;79,92
2092638;351540;Fartura;SP;Sao Paulo;-23,3916;-49,5124;20;12;8;;05;;3999;Pequeno Porte;Baixa/Media Complexidade;60,0
2092980;350580;Bastos;SP;Sao Paulo;-21,921;-50,7357;30;23;7;;05;;3999;Pequeno Porte;Baixa/Media Complexidade;76,67
2093022;351480;Eldorado;SP;Sao Paulo;-24,5281;-48,1141;2;2;0;;20;;1244;Micro Porte;Baixa/Media Complexidade;100,0
2093227;352180;Itaí;SP;Sao Paulo;-23,4213;-49,092;33;33;0;;05;;3999;Pequeno Porte;Baixa/Media Complexidade;100,0
2093324;351550;Fernandópolis;SP;Sao Paulo;-20,2806;-50,2471;126;93;33;;05;;3999;Medio Porte;Baixa/Media Complexidade;73,81
2093332;354660;Santa Fé do Sul;SP;Sao Paulo;-20,2083;-50,932;91;67;24;;05;;3999;Medio Porte;Baixa/Media Complexidade;73,63
2093405;353260;Nhandeara;SP;Sao Paulo;-20,6945;-50,0436;80;11;69;;07;;3999;Medio Porte;Baixa/Media Complexidade;13,75
2093502;353260;Nhandeara;SP;Sao Paulo;-20,6945;-50,0436;49;24;25;;05;;3999;Pequeno Porte;Baixa/Media Complexidade;48,98
2093677;350550;Barretos;SP;Sao Paulo;-20,5531;-48,5698;5;5;0;;70;;1244;Micro Porte;Baixa/Media Complexidade;100,0
2095777;352590;Jundiaí;SP;Sao Paulo;-23,1852;-46,8974;5;5;0;;70;;1244;Micro Porte;Baixa/Media Complexidade;100,0
2095912;351200;Colina;SP;Sao Paulo;-20,7114;-48,5387;64;51;13;;05;;3999;Medio Porte;Baixa/Media Complexidade;79,69
2096005;353130;Monte Alto;SP;Sao Paulo;-21,2655;-48,4971;35;6;29;;05;;2143;Pequeno Porte;Baixa/Media Complexidade;17,14
2096196;350920;Cajamar;SP;Sao Paulo;-23,355;-46,8781;51;41;10;;05;;1244;Medio Porte;Baixa/Media Complexidade;80,39
2096412;352440;Jacareí;SP;Sao Paulo;-23,2983;-45,9658;143;139;4;;05;;3999;Medio Porte;Baixa/Media Complexidade;97,2
2096463;353070;Mogi Guaçu;SP;Sao Paulo;-22,3675;-46,9428;200;131;69;;05;;3999;Grande Porte;Baixa/Media Complexidade;65,5
2096498;353070;Mogi Guaçu;SP;Sao Paulo;-22,3675;-46,9428;63;63;0;;05;;1244;Medio Porte;Baixa/Media Complexidade;100,0
2096617;354080;Potirendaba;SP;Sao Paulo;-21,0428;-49,3815;32;28;4;;05;;3999;Pequeno Porte;Baixa/Media Complexidade;87,5
2097117;354980;São José do Rio Preto;SP;Sao Paulo;-20,8113;-49,3758;136;0;136;;05;;2054;Medio Porte;Baixa/Media Complexidade;0,0
2097613;354980;São José do Rio Preto;SP;Sao Paulo;-20,8113;-49,3758;229;35;194;;05;;3999;Grande Porte;Baixa/Media Complexidade;15,28
2097648;354980;São José do Rio Preto;SP;Sao Paulo;-20,8113;-49,3758;209;160;49;;07;;3999;Grande Porte;Baixa/Media Complexidade;76,56
2097656;354980;São José do Rio Preto;SP;Sao Paulo;-20,8113;-49,3758;5;0;5;;62;;2062;Micro Porte;Baixa/Media Complexidade;0,0
2097877;355620;Valinhos;SP;Sao Paulo;-22,9698;-46,9974;104;67;37;;05;;3999;Medio Porte;Baixa/Media Complexidade;64,42
2680785;355030;São Paulo;SP;Sao Paulo;-23,5329;-46,6395;70;0;70;;05;;2062;Medio Porte;Baixa/Media Complexidade;0,0
2688255;350160;Americana;SP;Sao Paulo;-22,7374;-47,3331;2;0;2;;62;;2062;Micro Porte;Baixa/Media Complexidade;0,0
2688433;350760;Bragança Paulista;SP;Sao Paulo;-22,9527;-46,5419;148;67;81;;05;;3999;Medio Porte;Baixa/Media Complexidade;45,27
2688514;355030;São Paulo;SP;Sao Paulo;-23,5329;-46,6395;77;77;0;;07;;1023;Medio Porte;Baixa/Media Complexidade;100,0
2688522;355030;São Paulo;SP;Sao Paulo;-23,5329;-46,6395;281;265;16;;07;;3999;Grande Porte;Baixa/Media Complexidade;94,31
2688565;355030;São Paulo;SP;Sao Paulo;-23,5329;-46,6395;292;0;292;;05;;3999;Grande Porte;Baixa/Media Complexidade;0,0
2688573;355030;São Paulo;SP;Sao Paulo;-23,5329;-46,6395;210;185;25;;05;;1023;Grande Porte;Baixa/Media Complexidade;88,1
2688581;355030;São Paulo;SP;Sao Paulo;-23,5329;-46,6395;457;457;0;;05;;3999;Grande Porte;Baixa/Media Complexidade;100,0
2688603;355030;São Paulo;SP;Sao Paulo;-23,5329;-46,6395;330;0;330;;05;;3999;Grande Porte;Baixa/Media Complexidade;0,0
2688611;355030;São Paulo;SP;Sao Paulo;-23,5329;-46,6395;274;0;274;;05;;2046;Grande Porte;Baixa/Media Complexidade;0,0
2688638;355030;São Paulo;SP;Sao Paulo;-23,5329;-46,6395;16;16;0;;07;;3999;Pequeno Porte;Baixa/Media Complexidade;100,0
2688689;355030;São Paulo;SP;Sao Paulo;-23,5329;-46,6395;1086;1078;8;;05;;3999;Grande Porte;Baixa/Media Complexidade;99,26
2688700;350160;Americana;SP;Sao Paulo;-22,7374;-47,3331;80;0;80;;05;;2054;Medio Porte;Baixa/Media Complexidade;0,0
2690764;352940;Mauá;SP;Sao Paulo;-23,6677;-46,4613;115;0;115;;05;;2054;Medio Porte;Baixa/Media Complexidade;0,0
2698129;354850;Santos;SP;Sao Paulo;-23,9535;-46,335;4;4;0;;70;;1244;Micro Porte;Baixa/Media Complexidade;100,0
2698374;354120;Presidente Bernardes;SP;Sao Paulo;-22,0082;-51,5565;51;40;11;;05;;3999;Medio Porte;Baixa/Media Complexidade;78,43
2698439;354850;Santos;SP;Sao Paulo;-23,9535;-46,335;1;1;0;;36;;1244;Micro Porte;Baixa/Media Complexidade;100,0
2698463;354850;Santos;SP;Sao Paulo;-23,9535;-46,335;51;46;5;;05;;1244;Medio Porte;Baixa/Media Complexidade;90,2
2698471;354850;Santos;SP;Sao Paulo;-23,9535;-46,335;70;70;0;;05;;1244;Medio Porte;Baixa/Media Complexidade;100,0
2699915;355670;Vinhedo;SP;Sao Paulo;-23,0302;-46,9833;103;62;41;;05;;3999;Medio Porte;Baixa/Media Complexidade;60,19
2701561;352590;Jundiaí;SP;Sao Paulo;-23,1852;-46,8974;3;3;0;;62;;3999;Micro Porte;Baixa/Media Complexidade;100,0
2702193;355540;Ubatuba;SP;Sao Paulo;-23,4332;-45,0834;94;92;2;;05;;3999;Medio Porte;Baixa/Media Complexidade;97,87
2702622;354850;Santos;SP;Sao Paulo;-23,9535;-46,335;27;0;27;;07;;2062;Pequeno Porte;Baixa/Media Complexidade;0,0
2704900;350760;Bragança Paulista;SP;Sao Paulo;-22,9527;-46,5419;236;165;71;;05;;3999;Grande Porte;Baixa/Media Complexidade;69,92
2705044;354980;São José do Rio Preto;SP;Sao Paulo;-20,8113;-49,3758;2;0;2;;62;;2062;Micro Porte;Baixa/Media Complexidade;0,0
2705222;353050;Mococa;SP;Sao Paulo;-21,4647;-47,0024;145;96;49;;05;;3999;Medio Porte;Baixa/Media Complexidade;66,21
2705249;354300;Ribeirão Branco;SP;Sao Paulo;-24,2206;-48,7635;28;28;0;;05;;1244;Pequeno Porte;Baixa/Media Complexidade;100,0
2705869;351620;Franca;SP;Sao Paulo;-20,5352;-47,4039;10;10;0;;70;;1244;Micro Porte;Baixa/Media Complexidade;100,0
2705982;351620;Franca;SP;Sao Paulo;-20,5352;-47,4039;334;315;19;;05;;3069;Grande Porte;Baixa/Media Complexidade;94,31
2707209;354850;Santos;SP;Sao Paulo;-23,9535;-46,335;8;8;0;;36;;1244;Micro Porte;Baixa/Media Complexidade;100,0
2708523;355220;Sorocaba;SP;Sao Paulo;-23,4969;-47,4451;6;0;6;;62;;2062;Micro Porte;Baixa/Media Complexidade;0,0
2708558;355220;Sorocaba;SP;Sao Paulo;-23,4969;-47,4451;135;0;135;;05;;2054;Medio Porte;Baixa/Media Complexidade;0,0
2708566;355220;Sorocaba;SP;Sao Paulo;-23,4969;-47,4451;330;13;317;;05;;2143;Grande Porte;Baixa/Media Complexidade;3,94
2708779;355220;Sorocaba;SP;Sao Paulo;-23,4969;-47,4451;253;250;3;;05;;3999;Grande Porte;Baixa/Media Complexidade;98,81
2716089;354100;Praia Grande;SP;Sao Paulo;-24,0084;-46,4121;1;1;0;;62;;1244;Micro Porte;Baixa/Media Complexidade;100,0
2716097;354100;Praia Grande;SP;Sao Paulo;-24,0084;-46,4121;241;241;0;;05;;1244;Grande Porte;Baixa/Media Complexidade;100,0
2716275;353030;Mirassol;SP;Sao Paulo;-20,8169;-49,5206;46;28;18;;05;;3999;Pequeno Porte;Baixa/Media Complexidade;60,87
2716291;353475;Ouroeste;SP;Sao Paulo;-20,0061;-50,3768;33;28;5;;05;;1244;Pequeno Porte;Baixa/Media Complexidade;84,85
2716593;350100;Altinópolis;SP;Sao Paulo;-21,0214;-47,3712;21;19;2;;05;;3999;Pequeno Porte;Baixa/Media Complexidade;90,48
2716801;352590;Jundiaí;SP;Sao Paulo;-23,1852;-46,8974;16;12;4;;07;;3999;Pequeno Porte;Baixa/Media Complexidade;75,0
2717980;355250;Suzano;SP;Sao Paulo;-23,5448;-46,3112;1;1;0;;36;;1244;Micro Porte;Baixa/Media Complexidade;100,0
2718324;351880;Guarulhos;SP;Sao Paulo;-23,4538;-46,5333;96;0;96;;05;;2062;Medio Porte;Baixa/Media Complexidade;0,0
2745356;351670;Garça;SP;Sao Paulo;-22,2125;-49,6546;182;177;5;;07;;3999;Grande Porte;Baixa/Media Complexidade;97,25
2745402;351600;Flórida Paulista;SP;Sao Paulo;-21,6127;-51,1724;47;30;17;;05;;3999;Pequeno Porte;Baixa/Media Complexidade;63,83
2745798;353430;Orlândia;SP;Sao Paulo;-20,7169;-47,8852;98;60;38;;05;;3999;Medio Porte;Baixa/Media Complexidade;61,22
2745801;353190;Morro Agudo;SP;Sao Paulo;-20,7288;-48,0581;61;47;14;;05;;3999;Medio Porte;Baixa/Media Complexidade;77,05
2746220;351640;Franco da Rocha;SP;Sao Paulo;-23,3229;-46,729;21;21;0;;07;;1023;Pequeno Porte;Baixa/Media Complexidade;100,0
2746298;354760;Santa Rosa de Viterbo;SP;Sao Paulo;-21,4776;-47,3622;32;19;13;;05;;3999;Pequeno Porte;Baixa/Media Complexidade;59,38
2747308;355370;Taquaritinga;SP;Sao Paulo;-21,4049;-48,5103;4;3;1;;62;;3999;Micro Porte;Baixa/Media Complexidade;75,0
2747685;353290;Nova Europa;SP;Sao Paulo;-21,7765;-48,5705;18;13;5;;05;;3999;Pequeno Porte;Baixa/Media Complexidade;72,22
2747693;354290;Ribeirão Bonito;SP;Sao Paulo;-22,0685;-48,182;13;10;3;;05;;3999;Micro Porte;Baixa/Media Complexidade;76,92
2747871;352040;Ilhabela;SP;Sao Paulo;-23,7785;-45,3552;47;47;0;;05;;1244;Pequeno Porte;Baixa/Media Complexidade;100,0
2748029;354990;São José dos Campos;SP;Sao Paulo;-23,1896;-45,8841;211;127;84;;05;;3999;Grande Porte;Baixa/Media Complexidade;60,19
2748223;350750;Botucatu;SP;Sao Paulo;-22,8837;-48,4437;664;518;146;;05;;3069;Grande Porte;Baixa/Media Complexidade;78,01
2748320;354700;Santa Maria da Serra;SP;Sao Paulo;-22,5661;-48,1593;6;6;0;;15;;1244;Micro Porte;Baixa/Media Complexidade;100,0
2748436;351170;Charqueada;SP;Sao Paulo;-22,5096;-47,7755;33;26;7;;05;;3999;Pequeno Porte;Baixa/Media Complexidade;78,79
2748568;351040;Capivari;SP;Sao Paulo;-22,9951;-47,5071;73;68;5;;05;;3999;Medio Porte;Baixa/Media Complexidade;93,15
2748746;351490;Elias Fausto;SP;Sao Paulo;-23,0428;-47,3682;6;6;0;;15;;1244;Micro Porte;Baixa/Media Complexidade;100,0
2749033;351080;Casa Branca;SP;Sao Paulo;-21,7708;-47,0852;366;366;0;;07;;1023;Grande Porte;Baixa/Media Complexidade;100,0
2749149;355330;Tambaú;SP;Sao Paulo;-21,7029;-47,2703;36;28;8;;05;;3999;Pequeno Porte;Baixa/Media Complexidade;77,78
2749319;355410;Taubaté;SP;Sao Paulo;-23,0104;-45,5593;206;206;0;;05;;1244;Grande Porte;Baixa/Media Complexidade;100,0
2750511;354140;Presidente Prudente;SP;Sao Paulo;-22,1207;-51,3925;66;51;15;;07;;1023;Medio Porte;Baixa/Media Complexidade;77,27
2750538;351990;Iepê;SP;Sao Paulo;-22,6602;-51,0779;18;18;0;;05;;1244;Pequeno Porte;Baixa/Media Complexidade;100,0
2750546;354425;Rosana;SP;Sao Paulo;-22,5782;-53,0603;82;82;0;;05;;1023;Medio Porte;Baixa/Media Complexidade;100,0
2750988;351440;Dracena;SP;Sao Paulo;-21,4843;-51,535;163;128;35;;05;;3999;Grande Porte;Baixa/Media Complexidade;78,53
2751003;352600;Junqueirópolis;SP;Sao Paulo;-21,5103;-51,4342;46;25;21;;05;;3999;Pequeno Porte;Baixa/Media Complexidade;54,35
2751011;352920;Martinópolis;SP;Sao Paulo;-22,1462;-51,1709;45;40;5;;05;;3999;Pequeno Porte;Baixa/Media Complexidade;88,89
2751038;354130;Presidente Epitácio;SP;Sao Paulo;-21,7651;-52,1111;78;68;10;;05;;3999;Medio Porte;Baixa/Media Complexidade;87,18
2751046;354770;Santo Anastácio;SP;Sao Paulo;-21,9747;-51,6527;56;37;19;;05;;3999;Medio Porte;Baixa/Media Complexidade;66,07
2751518;351050;Caraguatatuba;SP;Sao Paulo;-23,6125;-45,4125;9;0;9;;62;;2062;Micro Porte;Baixa/Media Complexidade;0,0
2751569;351150;Cerquilho;SP;Sao Paulo;-23,1665;-47,7459;40;27;13;;05;;3999;Pequeno Porte;Baixa/Media Complexidade;67,5
2751623;351518;Espírito Santo do Pinhal;SP;Sao Paulo;-22,1909;-46,7477;85;55;30;;05;;3999;Medio Porte;Baixa/Media Complexidade;64,71
2751674;352280;Itaporanga;SP;Sao Paulo;-23,7043;-49,4819;42;30;12;;05;;3999;Pequeno Porte;Baixa/Media Complexidade;71,43
2751704;352410;Ituverava;SP;Sao Paulo;-20,3355;-47,7902;102;62;40;;05;;3999;Medio Porte;Baixa/Media Complexidade;60,78
2751747;352940;Mauá;SP;Sao Paulo;-23,6677;-46,4613;93;0;93;;05;;3999;Medio Porte;Baixa/Media Complexidade;0,0
2751852;355030;São Paulo;SP;Sao Paulo;-23,5329;-46,6395;6;6;0;;62;;1031;Micro Porte;Baixa/Media Complexidade;100,0
2751860;355030;São Paulo;SP;Sao Paulo;-23,5329;-46,6395;8;8;0;;62;;1031;Micro Porte;Baixa/Media Complexidade;100,0
2751925;355030;São Paulo;SP;Sao Paulo;-23,5329;-46,6395;14;14;0;;62;;1031;Micro Porte;Baixa/Media Complexidade;100,0
2751933;355030;São Paulo;SP;Sao Paulo;-23,5329;-46,6395;8;8;0;;62;;1031;Micro Porte;Baixa/Media Complexidade;100,0
2751976;355030;São Paulo;SP;Sao Paulo;-23,5329;-46,6395;8;8;0;;62;;1031;Micro Porte;Baixa/Media Complexidade;100,0
2752077;355030;São Paulo;SP;Sao Paulo;-23,5329;-46,6395;208;14;194;;05;;1120;Grande Porte;Baixa/Media Complexidade;6,73
2754819;351050;Caraguatatuba;SP;Sao Paulo;-23,6125;-45,4125;1;0;1;;62;;2062;Micro Porte;Baixa/Media Complexidade;0,0
2754843;351870;Guarujá;SP;Sao Paulo;-23,9888;-46,258;214;214;0;;05;;3999;Grande Porte;Baixa/Media Complexidade;100,0
2755092;353800;Pindamonhangaba;SP;Sao Paulo;-22,9246;-45,4613;216;161;55;;05;;3999;Grande Porte;Baixa/Media Complexidade;74,54
2755130;354140;Presidente Prudente;SP;Sao Paulo;-22,1207;-51,3925;464;444;20;;05;;1023;Grande Porte;Baixa/Media Complexidade;95,69
2758245;352710;Lins;SP;Sao Paulo;-21,6718;-49,7526;106;88;18;;05;;3999;Medio Porte;Baixa/Media Complexidade;83,02
2765934;355070;São Sebastião;SP;Sao Paulo;-23,7951;-45,4143;85;84;1;;05;;3999;Medio Porte;Baixa/Media Complexidade;98,82
2765942;355220;Sorocaba;SP;Sao Paulo;-23,4969;-47,4451;140;86;54;;05;;3069;Medio Porte;Baixa/Media Complexidade;61,43
2766167;354400;Rio das Pedras;SP;Sao Paulo;-22,8417;-47,6047;36;32;4;;05;;3999;Pequeno Porte;Baixa/Media Complexidade;88,89
2766221;355030;São Paulo;SP;Sao Paulo;-23,5329;-46,6395;10;8;2;;70;;1031;Micro Porte;Baixa/Media Complexidade;80,0
2772310;353870;Piracicaba;SP;Sao Paulo;-22,7338;-47,6476;321;202;119;;05;;3999;Grande Porte;Baixa/Media Complexidade;62,93
2773333;351830;Guararema;SP;Sao Paulo;-23,4112;-46,0369;31;29;2;;05;;3999;Pequeno Porte;Baixa/Media Complexidade;93,55
2774720;350070;Agudos;SP;Sao Paulo;-22,4694;-48,9863;54;38;16;;05;;3999;Medio Porte;Baixa/Media Complexidade;70,37
2784602;352050;Indaiatuba;SP;Sao Paulo;-23,0816;-47,2101;299;221;78;;05;;3069;Grande Porte;Baixa/Media Complexidade;73,91
2784874;353060;Mogi das Cruzes;SP;Sao Paulo;-23,5208;-46,1854;65;0;65;;05;;2062;Medio Porte;Baixa/Media Complexidade;0,0
2785188;355280;Taboão da Serra;SP;Sao Paulo;-23,6019;-46,7526;57;57;0;;05;;1244;Medio Porte;Baixa/Media Complexidade;100,0
2785382;353930;Pirassununga;SP;Sao Paulo;-21,996;-47,4257;107;65;42;;05;;3999;Medio Porte;Baixa/Media Complexidade;60,75
2786435;352590;Jundiaí;SP;Sao Paulo;-23,1852;-46,8974;281;271;10;;05;;3999;Grande Porte;Baixa/Media Complexidade;96,44
2786508;355030;São Paulo;SP;Sao Paulo;-23,5329;-46,6395;10;8;2;;70;;1031;Micro Porte;Baixa/Media Complexidade;80,0
2786532;355030;São Paulo;SP;Sao Paulo;-23,5329;-46,6395;5;5;0;;70;;1031;Micro Porte;Baixa/Media Complexidade;100,0
2786540;355030;São Paulo;SP;Sao Paulo;-23,5329;-46,6395;8;8;0;;70;;1031;Micro Porte;Baixa/Media Complexidade;100,0
2786575;355030;São Paulo;SP;Sao Paulo;-23,5329;-46,6395;8;8;0;;70;;1031;Micro Porte;Baixa/Media Complexidade;100,0
2786680;355030;São Paulo;SP;Sao Paulo;-23,5329;-46,6395;327;303;24;;05;;1031;Grande Porte;Baixa/Media Complexidade;92,66
2789345;351870;Guarujá;SP;Sao Paulo;-23,9888;-46,258;31;31;0;;20;;1244;Pequeno Porte;Baixa/Media Complexidade;100,0
2789353;351870;Guarujá;SP;Sao Paulo;-23,9888;-46,258;78;78;0;;20;;1244;Medio Porte;Baixa/Media Complexidade;100,0
2789590;354780;Santo André;SP;Sao Paulo;-23,6737;-46,5432;349;0;349;;05;;2046;Grande Porte;Baixa/Media Complexidade;0,0
2790556;350600;Bauru;SP;Sao Paulo;-22,3246;-49,0871;175;175;0;;05;;1023;Grande Porte;Baixa/Media Complexidade;100,0
2790564;350600;Bauru;SP;Sao Paulo;-22,3246;-49,0871;91;91;0;;07;;1112;Medio Porte;Baixa/Media Complexidade;100,0
2790580;350600;Bauru;SP;Sao Paulo;-22,3246;-49,0871;85;82;3;;07;;1023;Medio Porte;Baixa/Media Complexidade;96,47
2790602;350600;Bauru;SP;Sao Paulo;-22,3246;-49,0871;334;319;15;;05;;1023;Grande Porte;Baixa/Media Complexidade;95,51
2790610;354160;Promissão;SP;Sao Paulo;-21,5356;-49,8599;74;74;0;;05;;1023;Medio Porte;Baixa/Media Complexidade;100,0
2790637;351450;Duartina;SP;Sao Paulo;-22,4146;-49,4084;87;77;10;;05;;3999;Medio Porte;Baixa/Media Complexidade;88,51
2790653;352530;Jaú;SP;Sao Paulo;-22,2936;-48,5592;270;200;70;;07;;3999;Grande Porte;Baixa/Media Complexidade;74,07
2790661;350600;Bauru;SP;Sao Paulo;-22,3246;-49,0871;283;0;283;;05;;2143;Grande Porte;Baixa/Media Complexidade;0,0
2790734;350600;Bauru;SP;Sao Paulo;-22,3246;-49,0871;83;63;20;;07;;1023;Medio Porte;Baixa/Media Complexidade;75,9
2790998;353890;Pirajuí;SP;Sao Paulo;-21,999;-49,4608;236;39;197;;07;;3999;Grande Porte;Baixa/Media Complexidade;16,53
2791668;350340;Arealva;SP;Sao Paulo;-22,031;-48,9135;32;15;17;;05;;3999;Pequeno Porte;Baixa/Media Complexidade;46,88
2791676;350520;Bariri;SP;Sao Paulo;-22,073;-48,7438;65;52;13;;05;;3999;Medio Porte;Baixa/Media Complexidade;80,0
2791684;350880;Cafelândia;SP;Sao Paulo;-21,8031;-49,6092;45;34;11;;05;;3999;Pequeno Porte;Baixa/Media Complexidade;75,56
2791692;351410;Dois Córregos;SP;Sao Paulo;-22,3673;-48,3819;67;47;20;;05;;3999;Medio Porte;Baixa/Media Complexidade;70,15
2791706;351700;Getulina;SP;Sao Paulo;-21,7961;-49,9312;38;36;2;;05;;3999;Pequeno Porte;Baixa/Media Complexidade;94,74
2791714;351910;Iacanga;SP;Sao Paulo;-21,8896;-49,031;30;28;2;;05;;3999;Pequeno Porte;Baixa/Media Complexidade;93,33
2791722;352530;Jaú;SP;Sao Paulo;-22,2936;-48,5592;280;193;87;;05;;3999;Grande Porte;Baixa/Media Complexidade;68,93
2791730;350680;Bocaina;SP;Sao Paulo;-22,1365;-48,523;18;18;0;;05;;3999;Pequeno Porte;Baixa/Media Complexidade;100,0
2791749;353670;Pederneiras;SP;Sao Paulo;-22,3511;-48,7781;73;64;9;;05;;3999;Medio Porte;Baixa/Media Complexidade;87,67
2791757;353940;Piratininga;SP;Sao Paulo;-22,4142;-49,1339;23;21;2;;05;;3999;Pequeno Porte;Baixa/Media Complexidade;91,3
2791773;350600;Bauru;SP;Sao Paulo;-22,3246;-49,0871;8;8;0;;36;;1244;Micro Porte;Baixa/Media Complexidade;100,0
2792141;351300;Cotia;SP;Sao Paulo;-23,6022;-46,919;165;165;0;;05;;1023;Grande Porte;Baixa/Media Complexidade;100,0
2792168;351060;Carapicuíba;SP;Sao Paulo;-23,5235;-46,8407;241;241;0;;05;;1023;Grande Porte;Baixa/Media Complexidade;100,0
2792176;352220;Itapecerica da Serra;SP;Sao Paulo;-23,7161;-46,8572;202;200;2;;05;;1023;Grande Porte;Baixa/Media Complexidade;99,01
2792346;353870;Piracicaba;SP;Sao Paulo;-22,7338;-47,6476;1;1;0;;73;;1244;Micro Porte;Baixa/Media Complexidade;100,0
2793466;352440;Jacareí;SP;Sao Paulo;-23,2983;-45,9658;43;0;43;;05;;2062;Pequeno Porte;Baixa/Media Complexidade;0,0
2797844;354980;São José do Rio Preto;SP;Sao Paulo;-20,8113;-49,3758;84;0;84;;05;;2062;Medio Porte;Baixa/Media Complexidade;0,0
2798220;351640;Franco da Rocha;SP;Sao Paulo;-23,3229;-46,729;79;0;79;;05;;2054;Medio Porte;Baixa/Media Complexidade;0,0
2798239;352360;Itirapina;SP;Sao Paulo;-22,2562;-47,8166;13;13;0;;05;;1244;Micro Porte;Baixa/Media Complexidade;100,0
2798298;354980;São José do Rio Preto;SP;Sao Paulo;-20,8113;-49,3758;335;223;112;;05;;3999;Grande Porte;Baixa/Media Complexidade;66,57
2801043;351380;Diadema;SP;Sao Paulo;-23,6813;-46,6205;2;2;0;;62;;1244;Micro Porte;Baixa/Media Complexidade;100,0
2801051;351380;Diadema;SP;Sao Paulo;-23,6813;-46,6205;61;61;0;;20;;1244;Medio Porte;Baixa/Media Complexidade;100,0
2812681;352140;Iracemápolis;SP;Sao Paulo;-22,5832;-47,523;3;3;0;;20;;1244;Micro Porte;Baixa/Media Complexidade;100,0
2812703;355030;São Paulo;SP;Sao Paulo;-23,5329;-46,6395;123;123;0;;07;;3069;Medio Porte;Baixa/Media Complexidade;100,0
2815435;355030;São Paulo;SP;Sao Paulo;-23,5329;-46,6395;6;6;0;;70;;1031;Micro Porte;Baixa/Media Complexidade;100,0
2819473;355030;São Paulo;SP;Sao Paulo;-23,5329;-46,6395;42;0;42;;05;;2054;Pequeno Porte;Baixa/Media Complexidade;0,0
2821613;355030;São Paulo;SP;Sao Paulo;-23,5329;-46,6395;51;0;51;;07;;2062;Medio Porte;Baixa/Media Complexidade;0,0
2823209;355030;São Paulo;SP;Sao Paulo;-23,5329;-46,6395;109;0;109;;05;;2062;Medio Porte;Baixa/Media Complexidade;0,0
2825260;355240;Sumaré;SP;Sao Paulo;-22,8204;-47,2728;20;20;0;;73;;1244;Pequeno Porte;Baixa/Media Complexidade;100,0
2825309;352690;Limeira;SP;Sao Paulo;-22,566;-47,397;98;0;98;;05;;2054;Medio Porte;Baixa/Media Complexidade;0,0
2831503;350450;Avaré;SP;Sao Paulo;-23,1067;-48,9251;6;6;0;;36;;1023;Micro Porte;Baixa/Media Complexidade;100,0
2838818;354870;São Bernardo do Campo;SP;Sao Paulo;-23,6914;-46,5646;23;0;23;;07;;2062;Pequeno Porte;Baixa/Media Complexidade;0,0
2855917;355410;Taubaté;SP;Sao Paulo;-23,0104;-45,5593;8;8;0;;62;;1023;Micro Porte;Baixa/Media Complexidade;100,0
2867257;351840;Guaratinguetá;SP;Sao Paulo;-22,8075;-45,1938;10;7;3;;62;;2054;Micro Porte;Baixa/Media Complexidade;70,0
2879441;355030;São Paulo;SP;Sao Paulo;-23,5329;-46,6395;35;0;35;;05;;2062;Pequeno Porte;Baixa/Media Complexidade;0,0
2882949;352390;Itu;SP;Sao Paulo;-23,2544;-47,2927;26;16;10;;21;;1244;Pequeno Porte;Baixa/Media Complexidade;61,54
2884887;350320;Araraquara;SP;Sao Paulo;-21,7845;-48,178;6;0;6;;62;;2240;Micro Porte;Baixa/Media Complexidade;0,0
2886367;355030;São Paulo;SP;Sao Paulo;-23,5329;-46,6395;101;0;101;;36;;2062;Medio Porte;Baixa/Media Complexidade;0,0
2886618;355030;São Paulo;SP;Sao Paulo;-23,5329;-46,6395;30;0;30;;36;;2062;Pequeno Porte;Baixa/Media Complexidade;0,0
2888491;354400;Rio das Pedras;SP;Sao Paulo;-22,8417;-47,6047;36;32;4;;05;;2062;Pequeno Porte;Baixa/Media Complexidade;88,89
2935406;353060;Mogi das Cruzes;SP;Sao Paulo;-23,5208;-46,1854;25;0;25;;05;;2054;Pequeno Porte;Baixa/Media Complexidade;0,0
2952149;355030;São Paulo;SP;Sao Paulo;-23,5329;-46,6395;8;8;0;;70;;1031;Micro Porte;Baixa/Media Complexidade;100,0
2952157;355030;São Paulo;SP;Sao Paulo;-23,5329;-46,6395;10;10;0;;70;;1031;Micro Porte;Baixa/Media Complexidade;100,0
2956098;350030;Aguaí;SP;Sao Paulo;-22,0572;-46,9735;24;24;0;;05;;1244;Pequeno Porte;Baixa/Media Complexidade;100,0
2960281;355030;São Paulo;SP;Sao Paulo;-23,5329;-46,6395;9;9;0;;70;;1031;Micro Porte;Baixa/Media Complexidade;100,0
2960303;355030;São Paulo;SP;Sao Paulo;-23,5329;-46,6395;10;10;0;;70;;1031;Micro Porte;Baixa/Media Complexidade;100,0
2991918;355030;São Paulo;SP;Sao Paulo;-23,5329;-46,6395;70;0;70;;05;;2062;Medio Porte;Baixa/Media Complexidade;0,0
2992094;352390;Itu;SP;Sao Paulo;-23,2544;-47,2927;115;0;115;;05;;2143;Medio Porte;Baixa/Media Complexidade;0,0
3001466;355030;São Paulo;SP;Sao Paulo;-23,5329;-46,6395;251;251;0;;05;;1023;Grande Porte;Baixa/Media Complexidade;100,0
3003280;351640;Franco da Rocha;SP;Sao Paulo;-23,3229;-46,729;210;210;0;;36;;1023;Grande Porte;Baixa/Media Complexidade;100,0
3003361;350600;Bauru;SP;Sao Paulo;-22,3246;-49,0871;204;0;204;;05;;3999;Grande Porte;Baixa/Media Complexidade;0,0
3008398;354850;Santos;SP;Sao Paulo;-23,9535;-46,335;134;0;134;;05;;3999;Medio Porte;Baixa/Media Complexidade;0,0
3012212;352590;Jundiaí;SP;Sao Paulo;-23,1852;-46,8974;138;124;14;;07;;1120;Medio Porte;Baixa/Media Complexidade;89,86
3017044;355170;Sertãozinho;SP;Sao Paulo;-21,1316;-47,9875;8;0;8;;62;;2062;Micro Porte;Baixa/Media Complexidade;0,0
3019012;355030;São Paulo;SP;Sao Paulo;-23,5329;-46,6395;32;0;32;;05;;2062;Pequeno Porte;Baixa/Media Complexidade;0,0
3019594;354140;Presidente Prudente;SP;Sao Paulo;-22,1207;-51,3925;11;0;11;;05;;2240;Micro Porte;Baixa/Media Complexidade;0,0
3021378;355100;São Vicente;SP;Sao Paulo;-23,9574;-46,3883;105;96;9;;05;;1244;Medio Porte;Baixa/Media Complexidade;91,43
3022242;352260;Itapira;SP;Sao Paulo;-22,4357;-46,8224;30;0;30;;07;;2062;Pequeno Porte;Baixa/Media Complexidade;0,0
3022609;350950;Campinas;SP;Sao Paulo;-22,9053;-47,0659;20;0;20;;07;;2240;Pequeno Porte;Baixa/Media Complexidade;0,0
3024660;354870;São Bernardo do Campo;SP;Sao Paulo;-23,6914;-46,5646;135;0;135;;05;;2046;Medio Porte;Baixa/Media Complexidade;0,0
3025012;355030;São Paulo;SP;Sao Paulo;-23,5329;-46,6395;8;8;0;;70;;1031;Micro Porte;Baixa/Media Complexidade;100,0
3027600;355030;São Paulo;SP;Sao Paulo;-23,5329;-46,6395;128;0;128;;05;;3999;Medio Porte;Baixa/Media Complexidade;0,0
3027805;355030;São Paulo;SP;Sao Paulo;-23,5329;-46,6395;152;0;152;;05;;3999;Grande Porte;Baixa/Media Complexidade;0,0
3027813;355030;São Paulo;SP;Sao Paulo;-23,5329;-46,6395;62;0;62;;05;;2062;Medio Porte;Baixa/Media Complexidade;0,0
3028399;351630;Francisco Morato;SP;Sao Paulo;-23,2792;-46,7448;141;121;20;;05;;1023;Medio Porte;Baixa/Media Complexidade;85,82
3030431;354340;Ribeirão Preto;SP;Sao Paulo;-21,1699;-47,8099;15;0;15;;05;;2062;Pequeno Porte;Baixa/Media Complexidade;0,0
3037274;355030;São Paulo;SP;Sao Paulo;-23,5329;-46,6395;218;0;218;;07;;2054;Grande Porte;Baixa/Media Complexidade;0,0
3038130;350160;Americana;SP;Sao Paulo;-22,7374;-47,3331;123;0;123;;05;;2143;Medio Porte;Baixa/Media Complexidade;0,0
3039420;355030;São Paulo;SP;Sao Paulo;-23,5329;-46,6395;247;0;247;;05;;3999;Grande Porte;Baixa/Media Complexidade;0,0
3041549;355030;São Paulo;SP;Sao Paulo;-23,5329;-46,6395;26;0;26;;07;;2062;Pequeno Porte;Baixa/Media Complexidade;0,0
3042529;354990;São José dos Campos;SP;Sao Paulo;-23,1896;-45,8841;100;0;100;;05;;2054;Medio Porte;Baixa/Media Complexidade;0,0
3044831;350850;Caçapava;SP;Sao Paulo;-23,0992;-45,7076;17;0;17;;05;;2054;Pequeno Porte;Baixa/Media Complexidade;0,0
3045625;355030;São Paulo;SP;Sao Paulo;-23,5329;-46,6395;44;0;44;;05;;2062;Pequeno Porte;Baixa/Media Complexidade;0,0
3057429;352590;Jundiaí;SP;Sao Paulo;-23,1852;-46,8974;4;0;4;;62;;2062;Micro Porte;Baixa/Media Complexidade;0,0
3058808;350610;Bebedouro;SP;Sao Paulo;-20,9491;-48,4791;91;81;10;;05;;1023;Medio Porte;Baixa/Media Complexidade;89,01
3060616;352710;Lins;SP;Sao Paulo;-21,6718;-49,7526;22;0;22;;05;;2054;Pequeno Porte;Baixa/Media Complexidade;0,0
3065340;354780;Santo André;SP;Sao Paulo;-23,6737;-46,5432;2;0;2;;62;;2062;Micro Porte;Baixa/Media Complexidade;0,0
3071448;354730;Santana de Parnaíba;SP;Sao Paulo;-23,4439;-46,9178;20;20;0;;05;;1244;Pequeno Porte;Baixa/Media Complexidade;100,0
3101126;351300;Cotia;SP;Sao Paulo;-23,6022;-46,919;250;0;250;;05;;2062;Grande Porte;Baixa/Media Complexidade;0,0
3101363;355030;São Paulo;SP;Sao Paulo;-23,5329;-46,6395;4;0;4;;62;;2062;Micro Porte;Baixa/Media Complexidade;0,0
3105571;354990;São José dos Campos;SP;Sao Paulo;-23,1896;-45,8841;13;0;13;;05;;2240;Micro Porte;Baixa/Media Complexidade;0,0
3105598;354990;São José dos Campos;SP;Sao Paulo;-23,1896;-45,8841;8;0;8;;07;;2062;Micro Porte;Baixa/Media Complexidade;0,0
3109216;350950;Campinas;SP;Sao Paulo;-22,9053;-47,0659;13;0;13;;05;;2240;Micro Porte;Baixa/Media Complexidade;0,0
3119122;355030;São Paulo;SP;Sao Paulo;-23,5329;-46,6395;111;0;111;;07;;2062;Medio Porte;Baixa/Media Complexidade;0,0
3126838;355410;Taubaté;SP;Sao Paulo;-23,0104;-45,5593;249;213;36;;05;;3999;Grande Porte;Baixa/Media Complexidade;85,54
3137163;350610;Bebedouro;SP;Sao Paulo;-20,9491;-48,4791;26;0;26;;05;;2143;Pequeno Porte;Baixa/Media Complexidade;0,0
3137171;350610;Bebedouro;SP;Sao Paulo;-20,9491;-48,4791;20;0;20;;05;;2143;Pequeno Porte;Baixa/Media Complexidade;0,0
3139050;352230;Itapetininga;SP;Sao Paulo;-23,5886;-48,0483;170;170;0;;05;;3999;Grande Porte;Baixa/Media Complexidade;100,0
3139751;355030;São Paulo;SP;Sao Paulo;-23,5329;-46,6395;3;0;3;;21;;2232;Micro Porte;Baixa/Media Complexidade;0,0
3142531;350550;Barretos;SP;Sao Paulo;-20,5531;-48,5698;46;0;46;;05;;2062;Pequeno Porte;Baixa/Media Complexidade;0,0
3156702;355030;São Paulo;SP;Sao Paulo;-23,5329;-46,6395;16;0;16;;07;;2062;Pequeno Porte;Baixa/Media Complexidade;0,0
3160548;355030;São Paulo;SP;Sao Paulo;-23,5329;-46,6395;7;0;7;;62;;2062;Micro Porte;Baixa/Media Complexidade;0,0
3166597;355030;São Paulo;SP;Sao Paulo;-23,5329;-46,6395;44;0;44;;05;;3999;Pequeno Porte;Baixa/Media Complexidade;0,0
3172120;352590;Jundiaí;SP;Sao Paulo;-23,1852;-46,8974;16;0;16;;62;;2062;Pequeno Porte;Baixa/Media Complexidade;0,0
3177092;354980;São José do Rio Preto;SP;Sao Paulo;-20,8113;-49,3758;19;0;19;;07;;2062;Pequeno Porte;Baixa/Media Complexidade;0,0
3180204;354140;Presidente Prudente;SP;Sao Paulo;-22,1207;-51,3925;6;0;6;;62;;2062;Micro Porte;Baixa/Media Complexidade;0,0
3190153;350950;Campinas;SP;Sao Paulo;-22,9053;-47,0659;10;0;10;;62;;2062;Micro Porte;Baixa/Media Complexidade;0,0
3192059;354990;São José dos Campos;SP;Sao Paulo;-23,1896;-45,8841;12;0;12;;21;;2062;Micro Porte;Baixa/Media Complexidade;0,0
3199770;354990;São José dos Campos;SP;Sao Paulo;-23,1896;-45,8841;12;0;12;;05;;2143;Micro Porte;Baixa/Media Complexidade;0,0
3205495;354910;São João da Boa Vista;SP;Sao Paulo;-21,9707;-46,7944;1;0;1;;62;;2062;Micro Porte;Baixa/Media Complexidade;0,0
3212130;355030;São Paulo;SP;Sao Paulo;-23,5329;-46,6395;201;181;20;;05;;1031;Grande Porte;Baixa/Media Complexidade;90,05
3221792;354850;Santos;SP;Sao Paulo;-23,9535;-46,335;37;0;37;;07;;2143;Pequeno Porte;Baixa/Media Complexidade;0,0
3223728;354870;São Bernardo do Campo;SP;Sao Paulo;-23,6914;-46,5646;60;40;20;;05;;3999;Medio Porte;Baixa/Media Complexidade;66,67
3225860;352590;Jundiaí;SP;Sao Paulo;-23,1852;-46,8974;5;0;5;;36;;2062;Micro Porte;Baixa/Media Complexidade;0,0
3251187;355220;Sorocaba;SP;Sao Paulo;-23,4969;-47,4451;6;0;6;;62;;2062;Micro Porte;Baixa/Media Complexidade;0,0
3254631;350950;Campinas;SP;Sao Paulo;-22,9053;-47,0659;4;4;0;;36;;3069;Micro Porte;Baixa/Media Complexidade;100,0
3272591;350570;Barueri;SP;Sao Paulo;-23,5057;-46,879;94;0;94;;05;;2062;Medio Porte;Baixa/Media Complexidade;0,0
3293971;355030;São Paulo;SP;Sao Paulo;-23,5329;-46,6395;50;0;50;;62;;2240;Medio Porte;Baixa/Media Complexidade;0,0
3295028;355030;São Paulo;SP;Sao Paulo;-23,5329;-46,6395;9;0;9;;62;;2054;Micro Porte;Baixa/Media Complexidade;0,0
3301052;350950;Campinas;SP;Sao Paulo;-22,9053;-47,0659;10;0;10;;62;;2062;Micro Porte;Baixa/Media Complexidade;0,0
3304566;355030;São Paulo;SP;Sao Paulo;-23,5329;-46,6395;8;8;0;;70;;1031;Micro Porte;Baixa/Media Complexidade;100,0
3308227;355030;São Paulo;SP;Sao Paulo;-23,5329;-46,6395;6;0;6;;07;;2240;Micro Porte;Baixa/Media Complexidade;0,0
3309959;355030;São Paulo;SP;Sao Paulo;-23,5329;-46,6395;141;0;141;;05;;2054;Medio Porte;Baixa/Media Complexidade;0,0
3314766;354340;Ribeirão Preto;SP;Sao Paulo;-21,1699;-47,8099;35;26;9;;05;;3999;Pequeno Porte;Baixa/Media Complexidade;74,29
3320316;350570;Barueri;SP;Sao Paulo;-23,5057;-46,879;4;0;4;;62;;2054;Micro Porte;Baixa/Media Complexidade;0,0
3326829;355030;São Paulo;SP;Sao Paulo;-23,5329;-46,6395;1;0;1;;62;;3999;Micro Porte;Baixa/Media Complexidade;0,0
3334678;351040;Capivari;SP;Sao Paulo;-22,9951;-47,5071;48;0;48;;05;;2143;Pequeno Porte;Baixa/Media Complexidade;0,0
3345130;352590;Jundiaí;SP;Sao Paulo;-23,1852;-46,8974;11;10;1;;70;;1244;Micro Porte;Baixa/Media Complexidade;90,91
3345327;354980;São José do Rio Preto;SP;Sao Paulo;-20,8113;-49,3758;3;0;3;;62;;2062;Micro Porte;Baixa/Media Complexidade;0,0
3346072;354990;São José dos Campos;SP;Sao Paulo;-23,1896;-45,8841;2;0;2;;62;;2062;Micro Porte;Baixa/Media Complexidade;0,0
3346110;354990;São José dos Campos;SP;Sao Paulo;-23,1896;-45,8841;21;0;21;;07;;2062;Pequeno Porte;Baixa/Media Complexidade;0,0
3354938;350760;Bragança Paulista;SP;Sao Paulo;-22,9527;-46,5419;1;0;1;;62;;2062;Micro Porte;Baixa/Media Complexidade;0,0
3357082;352940;Mauá;SP;Sao Paulo;-23,6677;-46,4613;16;16;0;;70;;1244;Pequeno Porte;Baixa/Media Complexidade;100,0
3366219;350280;Araçatuba;SP;Sao Paulo;-21,2076;-50,4401;81;0;81;;05;;2143;Medio Porte;Baixa/Media Complexidade;0,0
3367312;354870;São Bernardo do Campo;SP;Sao Paulo;-23,6914;-46,5646;9;0;9;;62;;2062;Micro Porte;Baixa/Media Complexidade;0,0
3367371;355030;São Paulo;SP;Sao Paulo;-23,5329;-46,6395;143;0;143;;05;;2062;Medio Porte;Baixa/Media Complexidade;0,0
3398900;355030;São Paulo;SP;Sao Paulo;-23,5329;-46,6395;3;0;3;;62;;2062;Micro Porte;Baixa/Media Complexidade;0,0
3427285;355030;São Paulo;SP;Sao Paulo;-23,5329;-46,6395;6;0;6;;62;;2240;Micro Porte;Baixa/Media Complexidade;0,0
3446816;354340;Ribeirão Preto;SP;Sao Paulo;-21,1699;-47,8099;3;0;3;;62;;2240;Micro Porte;Baixa/Media Complexidade;0,0
3455254;355410;Taubaté;SP;Sao Paulo;-23,0104;-45,5593;4;0;4;;62;;2062;Micro Porte;Baixa/Media Complexidade;0,0
3464555;355030;São Paulo;SP;Sao Paulo;-23,5329;-46,6395;95;0;95;;05;;1023;Medio Porte;Baixa/Media Complexidade;0,0
3468518;355410;Taubaté;SP;Sao Paulo;-23,0104;-45,5593;12;0;12;;62;;2062;Micro Porte;Baixa/Media Complexidade;0,0
3477355;355030;São Paulo;SP;Sao Paulo;-23,5329;-46,6395;74;0;74;;05;;2054;Medio Porte;Baixa/Media Complexidade;0,0
3482146;351960;Ibitinga;SP;Sao Paulo;-21,7562;-48,8319;7;0;7;;05;;2062;Micro Porte;Baixa/Media Complexidade;0,0
3483096;355030;São Paulo;SP;Sao Paulo;-23,5329;-46,6395;10;0;10;;05;;2062;Micro Porte;Baixa/Media Complexidade;0,0
3486346;354340;Ribeirão Preto;SP;Sao Paulo;-21,1699;-47,8099;21;0;21;;05;;2062;Pequeno Porte;Baixa/Media Complexidade;0,0
3512401;355030;São Paulo;SP;Sao Paulo;-23,5329;-46,6395;25;0;25;;05;;2062;Pequeno Porte;Baixa/Media Complexidade;0,0
3513785;355410;Taubaté;SP;Sao Paulo;-23,0104;-45,5593;30;0;30;;07;;2062;Pequeno Porte;Baixa/Media Complexidade;0,0
3514617;350950;Campinas;SP;Sao Paulo;-22,9053;-47,0659;5;0;5;;62;;2240;Micro Porte;Baixa/Media Complexidade;0,0
3517918;354990;São José dos Campos;SP;Sao Paulo;-23,1896;-45,8841;69;0;69;;05;;2054;Medio Porte;Baixa/Media Complexidade;0,0
3518043;351880;Guarulhos;SP;Sao Paulo;-23,4538;-46,5333;2;0;2;;62;;2062;Micro Porte;Baixa/Media Complexidade;0,0
3518949;352710;Lins;SP;Sao Paulo;-21,6718;-49,7526;47;0;47;;05;;2143;Pequeno Porte;Baixa/Media Complexidade;0,0
3521575;354580;Santa Bárbara d'Oeste;SP;Sao Paulo;-22,7553;-47,4143;21;0;21;;62;;2143;Pequeno Porte;Baixa/Media Complexidade;0,0
3528596;354780;Santo André;SP;Sao Paulo;-23,6737;-46,5432;135;0;135;;05;;2054;Medio Porte;Baixa/Media Complexidade;0,0
3529282;354980;São José do Rio Preto;SP;Sao Paulo;-20,8113;-49,3758;65;60;5;;05;;1244;Medio Porte;Baixa/Media Complexidade;92,31
3557081;352720;Lorena;SP;Sao Paulo;-22,7334;-45,1197;55;0;55;;05;;2143;Medio Porte;Baixa/Media Complexidade;0,0
3559203;355030;São Paulo;SP;Sao Paulo;-23,5329;-46,6395;47;0;47;;05;;2240;Pequeno Porte;Baixa/Media Complexidade;0,0
3569373;354850;Santos;SP;Sao Paulo;-23,9535;-46,335;2;0;2;;62;;2062;Micro Porte;Baixa/Media Complexidade;0,0
3575667;350400;Assis;SP;Sao Paulo;-22,66;-50,4183;3;0;3;;62;;2062;Micro Porte;Baixa/Media Complexidade;0,0
3580822;354330;Ribeirão Pires;SP;Sao Paulo;-23,7067;-46,4058;125;0;125;;05;;2046;Medio Porte;Baixa/Media Complexidade;0,0
3585239;350570;Barueri;SP;Sao Paulo;-23,5057;-46,879;4;0;4;;20;;2062;Micro Porte;Baixa/Media Complexidade;0,0
3585409;355030;São Paulo;SP;Sao Paulo;-23,5329;-46,6395;31;0;31;;05;;2062;Pequeno Porte;Baixa/Media Complexidade;0,0
3586707;351110;Catanduva;SP;Sao Paulo;-21,1314;-48,977;1;0;1;;62;;2062;Micro Porte;Baixa/Media Complexidade;0,0
3594807;355030;São Paulo;SP;Sao Paulo;-23,5329;-46,6395;7;0;7;;62;;2062;Micro Porte;Baixa/Media Complexidade;0,0
3625087;350320;Araraquara;SP;Sao Paulo;-21,7845;-48,178;187;0;187;;05;;2143;Grande Porte;Baixa/Media Complexidade;0,0
3679144;355660;Vera Cruz;SP;Sao Paulo;-22,2183;-49,8207;36;0;36;;36;;2062;Pequeno Porte;Baixa/Media Complexidade;0,0
3689972;350650;Birigui;SP;Sao Paulo;-21,291;-50,3432;44;0;44;;05;;2143;Pequeno Porte;Baixa/Media Complexidade;0,0
3691616;355240;Sumaré;SP;Sao Paulo;-22,8204;-47,2728;4;0;4;;62;;2062;Micro Porte;Baixa/Media Complexidade;0,0
3701832;355030;São Paulo;SP;Sao Paulo;-23,5329;-46,6395;120;0;120;;05;;2062;Medio Porte;Baixa/Media Complexidade;0,0
3723860;354140;Presidente Prudente;SP;Sao Paulo;-22,1207;-51,3925;3;0;3;;62;;2062;Micro Porte;Baixa/Media Complexidade;0,0
3743500;354850;Santos;SP;Sao Paulo;-23,9535;-46,335;26;0;26;;62;;2062;Pequeno Porte;Baixa/Media Complexidade;0,0
3745546;354980;São José do Rio Preto;SP;Sao Paulo;-20,8113;-49,3758;130;0;130;;07;;3999;Medio Porte;Baixa/Media Complexidade;0,0
3751112;355030;São Paulo;SP;Sao Paulo;-23,5329;-46,6395;4;0;4;;62;;2062;Micro Porte;Baixa/Media Complexidade;0,0
3753433;350970;Campos do Jordão;SP;Sao Paulo;-22,7296;-45,5833;146;136;10;;05;;3999;Medio Porte;Baixa/Media Complexidade;93,15
3759660;352590;Jundiaí;SP;Sao Paulo;-23,1852;-46,8974;5;3;2;;07;;2062;Micro Porte;Baixa/Media Complexidade;60,0
3761800;350400;Assis;SP;Sao Paulo;-22,66;-50,4183;2;0;2;;62;;2062;Micro Porte;Baixa/Media Complexidade;0,0
3765415;355030;São Paulo;SP;Sao Paulo;-23,5329;-46,6395;8;0;8;;62;;2240;Micro Porte;Baixa/Media Complexidade;0,0
3774554;354520;Salto;SP;Sao Paulo;-23,1996;-47,2931;126;126;0;;05;;1244;Medio Porte;Baixa/Media Complexidade;100,0
3775887;354340;Ribeirão Preto;SP;Sao Paulo;-21,1699;-47,8099;2;0;2;;07;;2062;Micro Porte;Baixa/Media Complexidade;0,0
3781747;354850;Santos;SP;Sao Paulo;-23,9535;-46,335;4;0;4;;62;;2240;Micro Porte;Baixa/Media Complexidade;0,0
3789020;353440;Osasco;SP;Sao Paulo;-23,5324;-46,7916;2;0;2;;62;;2240;Micro Porte;Baixa/Media Complexidade;0,0
3794563;355410;Taubaté;SP;Sao Paulo;-23,0104;-45,5593;12;0;12;;62;;2062;Micro Porte;Baixa/Media Complexidade;0,0
3812545;350400;Assis;SP;Sao Paulo;-22,66;-50,4183;21;0;21;;05;;2062;Pequeno Porte;Baixa/Media Complexidade;0,0
3815285;351340;Cruzeiro;SP;Sao Paulo;-22,5728;-44,969;4;0;4;;62;;2240;Micro Porte;Baixa/Media Complexidade;0,0
3824802;355030;São Paulo;SP;Sao Paulo;-23,5329;-46,6395;187;0;187;;05;;2046;Grande Porte;Baixa/Media Complexidade;0,0
3825752;353440;Osasco;SP;Sao Paulo;-23,5324;-46,7916;21;21;0;;20;;1244;Pequeno Porte;Baixa/Media Complexidade;100,0
3827984;355540;Ubatuba;SP;Sao Paulo;-23,4332;-45,0834;1;0;1;;62;;2240;Micro Porte;Baixa/Media Complexidade;0,0
3828107;353440;Osasco;SP;Sao Paulo;-23,5324;-46,7916;5;5;0;;20;;1244;Micro Porte;Baixa/Media Complexidade;100,0
3831124;351930;Ibaté;SP;Sao Paulo;-21,9584;-47,9882;10;0;10;;36;;2062;Micro Porte;Baixa/Media Complexidade;0,0
3838714;350950;Campinas;SP;Sao Paulo;-22,9053;-47,0659;16;0;16;;62;;2062;Pequeno Porte;Baixa/Media Complexidade;0,0
3844307;353050;Mococa;SP;Sao Paulo;-21,4647;-47,0024;12;0;12;;36;;2240;Micro Porte;Baixa/Media Complexidade;0,0
3861643;351670;Garça;SP;Sao Paulo;-22,2125;-49,6546;2;0;2;;62;;2240;Micro Porte;Baixa/Media Complexidade;0,0
3863131;354850;Santos;SP;Sao Paulo;-23,9535;-46,335;7;0;7;;62;;2062;Micro Porte;Baixa/Media Complexidade;0,0
3875377;354340;Ribeirão Preto;SP;Sao Paulo;-21,1699;-47,8099;7;0;7;;62;;2062;Micro Porte;Baixa/Media Complexidade;0,0
3880966;350600;Bauru;SP;Sao Paulo;-22,3246;-49,0871;82;56;26;;05;;1023;Medio Porte;Baixa/Media Complexidade;68,29
3884937;355220;Sorocaba;SP;Sao Paulo;-23,4969;-47,4451;8;8;0;;70;;1244;Micro Porte;Baixa/Media Complexidade;100,0
3888169;350610;Bebedouro;SP;Sao Paulo;-20,9491;-48,4791;1;0;1;;62;;2232;Micro Porte;Baixa/Media Complexidade;0,0
3905608;350950;Campinas;SP;Sao Paulo;-22,9053;-47,0659;8;8;0;;70;;1244;Micro Porte;Baixa/Media Complexidade;100,0
3906388;355030;São Paulo;SP;Sao Paulo;-23,5329;-46,6395;8;8;0;;70;;1031;Micro Porte;Baixa/Media Complexidade;100,0
3916715;350400;Assis;SP;Sao Paulo;-22,66;-50,4183;2;0;2;;62;;2062;Micro Porte;Baixa/Media Complexidade;0,0
3919072;355030;São Paulo;SP;Sao Paulo;-23,5329;-46,6395;133;0;133;;05;;2062;Medio Porte;Baixa/Media Complexidade;0,0
3949532;352440;Jacareí;SP;Sao Paulo;-23,2983;-45,9658;2;0;2;;62;;2062;Micro Porte;Baixa/Media Complexidade;0,0
3949621;355650;Várzea Paulista;SP;Sao Paulo;-23,2136;-46,8234;34;32;2;;05;;1244;Pequeno Porte;Baixa/Media Complexidade;94,12
3957225;351110;Catanduva;SP;Sao Paulo;-21,1314;-48,977;2;0;2;;62;;2240;Micro Porte;Baixa/Media Complexidade;0,0
3958299;354340;Ribeirão Preto;SP;Sao Paulo;-21,1699;-47,8099;20;0;20;;70;;1244;Pequeno Porte;Baixa/Media Complexidade;0,0
3966097;350950;Campinas;SP;Sao Paulo;-22,9053;-47,0659;7;0;7;;62;;2062;Micro Porte;Baixa/Media Complexidade;0,0
3986683;355030;São Paulo;SP;Sao Paulo;-23,5329;-46,6395;5;0;5;;07;;2062;Micro Porte;Baixa/Media Complexidade;0,0
3987957;352230;Itapetininga;SP;Sao Paulo;-23,5886;-48,0483;51;0;51;;05;;2143;Medio Porte;Baixa/Media Complexidade;0,0
4009487;355030;São Paulo;SP;Sao Paulo;-23,5329;-46,6395;58;0;58;;07;;3069;Medio Porte;Baixa/Media Complexidade;0,0
4017382;355030;São Paulo;SP;Sao Paulo;-23,5329;-46,6395;28;0;28;;62;;2054;Pequeno Porte;Baixa/Media Complexidade;0,0
4023587;355220;Sorocaba;SP;Sao Paulo;-23,4969;-47,4451;1;0;1;;69;;2062;Micro Porte;Baixa/Media Complexidade;0,0
4039904;355030;São Paulo;SP;Sao Paulo;-23,5329;-46,6395;2;0;2;;62;;2062;Micro Porte;Baixa/Media Complexidade;0,0
4042115;355030;São Paulo;SP;Sao Paulo;-23,5329;-46,6395;2;2;0;;36;;1031;Micro Porte;Baixa/Media Complexidade;100,0
4047184;350320;Araraquara;SP;Sao Paulo;-21,7845;-48,178;9;9;0;;73;;1244;Micro Porte;Baixa/Media Complexidade;100,0
4047613;351060;Carapicuíba;SP;Sao Paulo;-23,5235;-46,8407;17;17;0;;20;;1244;Pequeno Porte;Baixa/Media Complexidade;100,0
4047656;351080;Casa Branca;SP;Sao Paulo;-21,7708;-47,0852;5;5;0;;70;;1023;Micro Porte;Baixa/Media Complexidade;100,0
4048660;352620;Juquitiba;SP;Sao Paulo;-23,9244;-47,0653;1;1;0;;15;;1244;Micro Porte;Baixa/Media Complexidade;100,0
4048725;352980;Mineiros do Tietê;SP;Sao Paulo;-22,412;-48,451;11;11;0;;20;;1244;Micro Porte;Baixa/Media Complexidade;100,0
4049020;353470;Ourinhos;SP;Sao Paulo;-22,9797;-49,8697;174;129;45;;05;;3999;Grande Porte;Baixa/Media Complexidade;74,14
4049829;355030;São Paulo;SP;Sao Paulo;-23,5329;-46,6395;6;6;0;;70;;1031;Micro Porte;Baixa/Media Complexidade;100,0
4050169;355030;São Paulo;SP;Sao Paulo;-23,5329;-46,6395;28;28;0;;73;;1031;Pequeno Porte;Baixa/Media Complexidade;100,0
4050290;355030;São Paulo;SP;Sao Paulo;-23,5329;-46,6395;6;6;0;;70;;1031;Micro Porte;Baixa/Media Complexidade;100,0
4050665;355410;Taubaté;SP;Sao Paulo;-23,0104;-45,5593;2;2;0;;73;;1244;Micro Porte;Baixa/Media Complexidade;100,0
4051297;354880;São Caetano do Sul;SP;Sao Paulo;-23,6229;-46,5548;60;0;60;;05;;2062;Medio Porte;Baixa/Media Complexidade;0,0
4057821;350280;Araçatuba;SP;Sao Paulo;-21,2076;-50,4401;5;5;0;;62;;1244;Micro Porte;Baixa/Media Complexidade;100,0
4060105;355030;São Paulo;SP;Sao Paulo;-23,5329;-46,6395;115;0;115;;05;;2054;Medio Porte;Baixa/Media Complexidade;0,0
4077040;355030;São Paulo;SP;Sao Paulo;-23,5329;-46,6395;40;0;40;;05;;2054;Pequeno Porte;Baixa/Media Complexidade;0,0
4077164;355030;São Paulo;SP;Sao Paulo;-23,5329;-46,6395;2;0;2;;62;;2062;Micro Porte;Baixa/Media Complexidade;0,0
4116402;350570;Barueri;SP;Sao Paulo;-23,5057;-46,879;3;0;3;;62;;2062;Micro Porte;Baixa/Media Complexidade;0,0
4123077;354100;Praia Grande;SP;Sao Paulo;-24,0084;-46,4121;84;16;68;;05;;2054;Medio Porte;Baixa/Media Complexidade;19,05
4135059;350950;Campinas;SP;Sao Paulo;-22,9053;-47,0659;174;0;174;;05;;2046;Grande Porte;Baixa/Media Complexidade;0,0
4164814;350570;Barueri;SP;Sao Paulo;-23,5057;-46,879;3;0;3;;05;;2062;Micro Porte;Baixa/Media Complexidade;0,0
4171934;351930;Ibaté;SP;Sao Paulo;-21,9584;-47,9882;1;0;1;;36;;2062;Micro Porte;Baixa/Media Complexidade;0,0
4193423;353440;Osasco;SP;Sao Paulo;-23,5324;-46,7916;27;0;27;;05;;2062;Pequeno Porte;Baixa/Media Complexidade;0,0
4205898;354850;Santos;SP;Sao Paulo;-23,9535;-46,335;1;0;1;;62;;2062;Micro Porte;Baixa/Media Complexidade;0,0
4223683;355030;São Paulo;SP;Sao Paulo;-23,5329;-46,6395;109;0;109;;05;;3999;Medio Porte;Baixa/Media Complexidade;0,0
4233646;355250;Suzano;SP;Sao Paulo;-23,5448;-46,3112;80;80;0;;05;;1023;Medio Porte;Baixa/Media Complexidade;100,0
4262670;351970;Ibiúna;SP;Sao Paulo;-23,6596;-47,223;30;0;30;;36;;3999;Pequeno Porte;Baixa/Media Complexidade;0,0
4285514;350950;Campinas;SP;Sao Paulo;-22,9053;-47,0659;10;0;10;;05;;3069;Micro Porte;Baixa/Media Complexidade;0,0
4307348;353930;Pirassununga;SP;Sao Paulo;-21,996;-47,4257;4;0;4;;07;;2062;Micro Porte;Baixa/Media Complexidade;0,0
4312813;355030;São Paulo;SP;Sao Paulo;-23,5329;-46,6395;4;0;4;;07;;2062;Micro Porte;Baixa/Media Complexidade;0,0
4349547;353200;Morungaba;SP;Sao Paulo;-22,8811;-46,7896;1;0;1;;36;;2062;Micro Porte;Baixa/Media Complexidade;0,0
4376439;354980;São José do Rio Preto;SP;Sao Paulo;-20,8113;-49,3758;83;0;83;;05;;2062;Medio Porte;Baixa/Media Complexidade;0,0
4386167;354780;Santo André;SP;Sao Paulo;-23,6737;-46,5432;3;0;3;;05;;2062;Micro Porte;Baixa/Media Complexidade;0,0
4390563;354340;Ribeirão Preto;SP;Sao Paulo;-21,1699;-47,8099;11;1;10;;36;;1023;Micro Porte;Baixa/Media Complexidade;9,09
4411498;352110;Ipeúna;SP;Sao Paulo;-22,4355;-47,7151;1;0;1;;36;;2062;Micro Porte;Baixa/Media Complexidade;0,0
4428560;355030;São Paulo;SP;Sao Paulo;-23,5329;-46,6395;75;0;75;;05;;3999;Medio Porte;Baixa/Media Complexidade;0,0
4451562;351880;Guarulhos;SP;Sao Paulo;-23,4538;-46,5333;11;0;11;;07;;2062;Micro Porte;Baixa/Media Complexidade;0,0
4452690;351880;Guarulhos;SP;Sao Paulo;-23,4538;-46,5333;12;0;12;;05;;2062;Micro Porte;Baixa/Media Complexidade;0,0
4453220;351300;Cotia;SP;Sao Paulo;-23,6022;-46,919;16;0;16;;07;;2062;Pequeno Porte;Baixa/Media Complexidade;0,0
5031532;350400;Assis;SP;Sao Paulo;-22,66;-50,4183;2;0;2;;62;;2240;Micro Porte;Baixa/Media Complexidade;0,0
5033543;350550;Barretos;SP;Sao Paulo;-20,5531;-48,5698;40;40;0;;07;;3999;Pequeno Porte;Baixa/Media Complexidade;100,0
5040787;355030;São Paulo;SP;Sao Paulo;-23,5329;-46,6395;41;0;41;;05;;2062;Pequeno Porte;Baixa/Media Complexidade;0,0
5055385;352400;Itupeva;SP;Sao Paulo;-23,1526;-47,0593;38;0;38;;07;;2062;Pequeno Porte;Baixa/Media Complexidade;0,0
5090288;354990;São José dos Campos;SP;Sao Paulo;-23,1896;-45,8841;3;0;3;;62;;2240;Micro Porte;Baixa/Media Complexidade;0,0
5093295;355410;Taubaté;SP;Sao Paulo;-23,0104;-45,5593;4;0;4;;36;;2062;Micro Porte;Baixa/Media Complexidade;0,0
5101654;353440;Osasco;SP;Sao Paulo;-23,5324;-46,7916;175;0;175;;05;;2046;Grande Porte;Baixa/Media Complexidade;0,0
5117607;351970;Ibiúna;SP;Sao Paulo;-23,6596;-47,223;104;0;104;;07;;2062;Medio Porte;Baixa/Media Complexidade;0,0
5130883;355030;São Paulo;SP;Sao Paulo;-23,5329;-46,6395;8;8;0;;36;;3999;Micro Porte;Baixa/Media Complexidade;100,0
5135117;354870;São Bernardo do Campo;SP;Sao Paulo;-23,6914;-46,5646;92;0;92;;05;;2054;Medio Porte;Baixa/Media Complexidade;0,0
5139244;355030;São Paulo;SP;Sao Paulo;-23,5329;-46,6395;16;0;16;;05;;2054;Pequeno Porte;Baixa/Media Complexidade;0,0
5155266;350400;Assis;SP;Sao Paulo;-22,66;-50,4183;3;0;3;;62;;2240;Micro Porte;Baixa/Media Complexidade;0,0
5161401;353440;Osasco;SP;Sao Paulo;-23,5324;-46,7916;2;0;2;;36;;2062;Micro Porte;Baixa/Media Complexidade;0,0
5170958;352900;Marília;SP;Sao Paulo;-22,2171;-49,9501;5;1;4;;62;;2240;Micro Porte;Baixa/Media Complexidade;20,0
5171946;354340;Ribeirão Preto;SP;Sao Paulo;-21,1699;-47,8099;85;0;85;;05;;2054;Medio Porte;Baixa/Media Complexidade;0,0
5182026;353930;Pirassununga;SP;Sao Paulo;-21,996;-47,4257;18;0;18;;05;;1015;Pequeno Porte;Baixa/Media Complexidade;0,0
5189098;353470;Ourinhos;SP;Sao Paulo;-22,9797;-49,8697;4;0;4;;07;;2062;Micro Porte;Baixa/Media Complexidade;0,0
5193931;354980;São José do Rio Preto;SP;Sao Paulo;-20,8113;-49,3758;4;0;4;;36;;2062;Micro Porte;Baixa/Media Complexidade;0,0
5200105;351880;Guarulhos;SP;Sao Paulo;-23,4538;-46,5333;151;151;0;;05;;1244;Grande Porte;Baixa/Media Complexidade;100,0
5237750;355060;São Roque;SP;Sao Paulo;-23,5226;-47,1357;60;0;60;;05;;2143;Medio Porte;Baixa/Media Complexidade;0,0
5239869;354870;São Bernardo do Campo;SP;Sao Paulo;-23,6914;-46,5646;6;0;6;;15;;2054;Micro Porte;Baixa/Media Complexidade;0,0
5259789;354990;São José dos Campos;SP;Sao Paulo;-23,1896;-45,8841;45;0;45;;05;;2054;Pequeno Porte;Baixa/Media Complexidade;0,0
5259835;354870;São Bernardo do Campo;SP;Sao Paulo;-23,6914;-46,5646;5;5;0;;70;;1244;Micro Porte;Baixa/Media Complexidade;100,0
5262305;354990;São José dos Campos;SP;Sao Paulo;-23,1896;-45,8841;4;0;4;;20;;2054;Micro Porte;Baixa/Media Complexidade;0,0
5272467;351110;Catanduva;SP;Sao Paulo;-21,1314;-48,977;2;0;2;;36;;2062;Micro Porte;Baixa/Media Complexidade;0,0
5290872;354140;Presidente Prudente;SP;Sao Paulo;-22,1207;-51,3925;3;0;3;;62;;2062;Micro Porte;Baixa/Media Complexidade;0,0
5314682;352240;Itapeva;SP;Sao Paulo;-23,9788;-48,8764;2;0;2;;36;;2062;Micro Porte;Baixa/Media Complexidade;0,0
5317053;354850;Santos;SP;Sao Paulo;-23,9535;-46,335;2;0;2;;62;;2062;Micro Porte;Baixa/Media Complexidade;0,0
5360404;354140;Presidente Prudente;SP;Sao Paulo;-22,1207;-51,3925;8;8;0;;70;;1244;Micro Porte;Baixa/Media Complexidade;100,0
5366828;350410;Atibaia;SP;Sao Paulo;-23,1171;-46,5563;66;66;0;;05;;3999;Medio Porte;Baixa/Media Complexidade;100,0
5383196;352390;Itu;SP;Sao Paulo;-23,2544;-47,2927;29;0;29;;05;;2062;Pequeno Porte;Baixa/Media Complexidade;0,0
5416302;352680;Lençóis Paulista;SP;Sao Paulo;-22,6027;-48,8037;15;0;15;;05;;2143;Pequeno Porte;Baixa/Media Complexidade;0,0
5419964;351907;Hortolândia;SP;Sao Paulo;-22,8529;-47,2143;16;16;0;;70;;1244;Pequeno Porte;Baixa/Media Complexidade;100,0
5420938;355030;São Paulo;SP;Sao Paulo;-23,5329;-46,6395;245;224;21;;05;;1031;Grande Porte;Baixa/Media Complexidade;91,43
5426936;354260;Registro;SP;Sao Paulo;-24,4979;-47,8449;28;0;28;;05;;2062;Pequeno Porte;Baixa/Media Complexidade;0,0
5427363;350950;Campinas;SP;Sao Paulo;-22,9053;-47,0659;6;0;6;;62;;2240;Micro Porte;Baixa/Media Complexidade;0,0
5435072;352220;Itapecerica da Serra;SP;Sao Paulo;-23,7161;-46,8572;10;10;0;;20;;1120;Micro Porte;Baixa/Media Complexidade;100,0
5437156;355030;São Paulo;SP;Sao Paulo;-23,5329;-46,6395;30;30;0;;05;;1023;Pequeno Porte;Baixa/Media Complexidade;100,0
5451612;355030;São Paulo;SP;Sao Paulo;-23,5329;-46,6395;64;64;0;;07;;1023;Medio Porte;Baixa/Media Complexidade;100,0
5468841;354870;São Bernardo do Campo;SP;Sao Paulo;-23,6914;-46,5646;6;6;0;;70;;1244;Micro Porte;Baixa/Media Complexidade;100,0
5515483;355620;Valinhos;SP;Sao Paulo;-22,9698;-46,9974;119;0;119;;05;;2240;Medio Porte;Baixa/Media Complexidade;0,0
5586348;354890;São Carlos;SP;Sao Paulo;-22,0174;-47,886;66;54;12;;05;;2011;Medio Porte;Baixa/Media Complexidade;81,82
5590450;355030;São Paulo;SP;Sao Paulo;-23,5329;-46,6395;154;0;154;;05;;2046;Grande Porte;Baixa/Media Complexidade;0,0
5601436;352440;Jacareí;SP;Sao Paulo;-23,2983;-45,9658;15;0;15;;20;;2143;Pequeno Porte;Baixa/Media Complexidade;0,0
5607442;355030;São Paulo;SP;Sao Paulo;-23,5329;-46,6395;70;0;70;;05;;3999;Medio Porte;Baixa/Media Complexidade;0,0
5654688;354850;Santos;SP;Sao Paulo;-23,9535;-46,335;53;0;53;;05;;3999;Medio Porte;Baixa/Media Complexidade;0,0
5662281;350920;Cajamar;SP;Sao Paulo;-23,355;-46,8781;100;0;100;;62;;3999;Medio Porte;Baixa/Media Complexidade;0,0
5695791;355030;São Paulo;SP;Sao Paulo;-23,5329;-46,6395;6;6;0;;70;;1031;Micro Porte;Baixa/Media Complexidade;100,0
5709199;350950;Campinas;SP;Sao Paulo;-22,9053;-47,0659;8;8;0;;70;;1244;Micro Porte;Baixa/Media Complexidade;100,0
5710979;355030;São Paulo;SP;Sao Paulo;-23,5329;-46,6395;7;0;7;;07;;2062;Micro Porte;Baixa/Media Complexidade;0,0
5715792;355030;São Paulo;SP;Sao Paulo;-23,5329;-46,6395;25;0;25;;07;;2240;Pequeno Porte;Baixa/Media Complexidade;0,0
5718368;355030;São Paulo;SP;Sao Paulo;-23,5329;-46,6395;341;279;62;;05;;1031;Grande Porte;Baixa/Media Complexidade;81,82
5847125;354850;Santos;SP;Sao Paulo;-23,9535;-46,335;7;0;7;;62;;2240;Micro Porte;Baixa/Media Complexidade;0,0
5851084;351380;Diadema;SP;Sao Paulo;-23,6813;-46,6205;36;36;0;;05;;1244;Pequeno Porte;Baixa/Media Complexidade;100,0
5852382;350950;Campinas;SP;Sao Paulo;-22,9053;-47,0659;8;0;8;;62;;2062;Micro Porte;Baixa/Media Complexidade;0,0
5860490;352900;Marília;SP;Sao Paulo;-22,2171;-49,9501;220;140;80;;05;;3999;Grande Porte;Baixa/Media Complexidade;63,64
5869412;354990;São José dos Campos;SP;Sao Paulo;-23,1896;-45,8841;30;18;12;;07;;3999;Pequeno Porte;Baixa/Media Complexidade;60,0
5878675;355030;São Paulo;SP;Sao Paulo;-23,5329;-46,6395;8;8;0;;70;;1031;Micro Porte;Baixa/Media Complexidade;100,0
5883229;355220;Sorocaba;SP;Sao Paulo;-23,4969;-47,4451;2;2;0;;73;;1244;Micro Porte;Baixa/Media Complexidade;100,0
5887623;354340;Ribeirão Preto;SP;Sao Paulo;-21,1699;-47,8099;50;50;0;;05;;1023;Medio Porte;Baixa/Media Complexidade;100,0
5888883;354850;Santos;SP;Sao Paulo;-23,9535;-46,335;1;0;1;;62;;2062;Micro Porte;Baixa/Media Complexidade;0,0
5907594;355030;São Paulo;SP;Sao Paulo;-23,5329;-46,6395;253;0;253;;05;;2046;Grande Porte;Baixa/Media Complexidade;0,0
5922631;354870;São Bernardo do Campo;SP;Sao Paulo;-23,6914;-46,5646;30;0;30;;07;;3999;Pequeno Porte;Baixa/Media Complexidade;0,0
5932696;353440;Osasco;SP;Sao Paulo;-23,5324;-46,7916;10;10;0;;20;;1244;Micro Porte;Baixa/Media Complexidade;100,0
5935857;354880;São Caetano do Sul;SP;Sao Paulo;-23,6229;-46,5548;57;57;0;;05;;1244;Medio Porte;Baixa/Media Complexidade;100,0
5969271;355030;São Paulo;SP;Sao Paulo;-23,5329;-46,6395;8;0;8;;62;;2062;Micro Porte;Baixa/Media Complexidade;0,0
6017622;351220;Conchal;SP;Sao Paulo;-22,3375;-47,1729;2;0;2;;20;;2143;Micro Porte;Baixa/Media Complexidade;0,0
6020917;354780;Santo André;SP;Sao Paulo;-23,6737;-46,5432;123;123;0;;07;;1244;Medio Porte;Baixa/Media Complexidade;100,0
6024688;355280;Taboão da Serra;SP;Sao Paulo;-23,6019;-46,7526;15;15;0;;21;;1244;Pequeno Porte;Baixa/Media Complexidade;100,0
6048447;350610;Bebedouro;SP;Sao Paulo;-20,9491;-48,4791;1;0;1;;62;;2240;Micro Porte;Baixa/Media Complexidade;0,0
6053858;350950;Campinas;SP;Sao Paulo;-22,9053;-47,0659;235;235;0;;05;;1120;Grande Porte;Baixa/Media Complexidade;100,0
6054269;350400;Assis;SP;Sao Paulo;-22,66;-50,4183;1;0;1;;62;;2062;Micro Porte;Baixa/Media Complexidade;0,0
6066585;355030;São Paulo;SP;Sao Paulo;-23,5329;-46,6395;5;5;0;;70;;1031;Micro Porte;Baixa/Media Complexidade;100,0
6095666;350570;Barueri;SP;Sao Paulo;-23,5057;-46,879;302;302;0;;05;;1244;Grande Porte;Baixa/Media Complexidade;100,0
6106056;355410;Taubaté;SP;Sao Paulo;-23,0104;-45,5593;49;0;49;;05;;2054;Pequeno Porte;Baixa/Media Complexidade;0,0
6123740;355030;São Paulo;SP;Sao Paulo;-23,5329;-46,6395;525;525;0;;07;;1023;Grande Porte;Baixa/Media Complexidade;100,0
6126642;354340;Ribeirão Preto;SP;Sao Paulo;-21,1699;-47,8099;5;0;5;;05;;2054;Micro Porte;Baixa/Media Complexidade;0,0
6135749;355030;São Paulo;SP;Sao Paulo;-23,5329;-46,6395;4;4;0;;62;;1031;Micro Porte;Baixa/Media Complexidade;100,0
6136028;355030;São Paulo;SP;Sao Paulo;-23,5329;-46,6395;5;5;0;;62;;1031;Micro Porte;Baixa/Media Complexidade;100,0
6148956;355030;São Paulo;SP;Sao Paulo;-23,5329;-46,6395;113;0;113;;05;;2054;Medio Porte;Baixa/Media Complexidade;0,0
6164366;350170;Américo Brasiliense;SP;Sao Paulo;-21,7288;-48,1147;84;84;0;;05;;1023;Medio Porte;Baixa/Media Complexidade;100,0
6166598;354850;Santos;SP;Sao Paulo;-23,9535;-46,335;8;8;0;;62;;1023;Micro Porte;Baixa/Media Complexidade;100,0
6169767;354340;Ribeirão Preto;SP;Sao Paulo;-21,1699;-47,8099;6;6;0;;70;;1244;Micro Porte;Baixa/Media Complexidade;100,0
6194168;352590;Jundiaí;SP;Sao Paulo;-23,1852;-46,8974;65;0;65;;05;;2143;Medio Porte;Baixa/Media Complexidade;0,0
6208940;351340;Cruzeiro;SP;Sao Paulo;-22,5728;-44,969;2;0;2;;62;;2062;Micro Porte;Baixa/Media Complexidade;0,0
6209114;354990;São José dos Campos;SP;Sao Paulo;-23,1896;-45,8841;7;0;7;;05;;1015;Micro Porte;Baixa/Media Complexidade;0,0
6210937;353080;Mogi Mirim;SP;Sao Paulo;-22,4332;-46,9532;66;0;66;;05;;2062;Medio Porte;Baixa/Media Complexidade;0,0
6212328;355030;São Paulo;SP;Sao Paulo;-23,5329;-46,6395;12;0;12;;73;;2054;Micro Porte;Baixa/Media Complexidade;0,0
6212581;354580;Santa Bárbara d'Oeste;SP;Sao Paulo;-22,7553;-47,4143;12;12;0;;36;;1023;Micro Porte;Baixa/Media Complexidade;100,0
6221165;351380;Diadema;SP;Sao Paulo;-23,6813;-46,6205;16;16;0;;70;;1244;Pequeno Porte;Baixa/Media Complexidade;100,0
6233848;351050;Caraguatatuba;SP;Sao Paulo;-23,6125;-45,4125;6;6;0;;62;;1023;Micro Porte;Baixa/Media Complexidade;100,0
6236596;354980;São José do Rio Preto;SP;Sao Paulo;-20,8113;-49,3758;95;95;0;;05;;1023;Medio Porte;Baixa/Media Complexidade;100,0
6245838;355030;São Paulo;SP;Sao Paulo;-23,5329;-46,6395;9;9;0;;70;;1031;Micro Porte;Baixa/Media Complexidade;100,0
6255337;354990;São José dos Campos;SP;Sao Paulo;-23,1896;-45,8841;23;0;23;;62;;2062;Pequeno Porte;Baixa/Media Complexidade;0,0
6267521;351380;Diadema;SP;Sao Paulo;-23,6813;-46,6205;16;16;0;;70;;1244;Pequeno Porte;Baixa/Media Complexidade;100,0
6271855;355030;São Paulo;SP;Sao Paulo;-23,5329;-46,6395;3;0;3;;36;;2062;Micro Porte;Baixa/Media Complexidade;0,0
6273270;354870;São Bernardo do Campo;SP;Sao Paulo;-23,6914;-46,5646;98;0;98;;07;;2054;Medio Porte;Baixa/Media Complexidade;0,0
6283993;355030;São Paulo;SP;Sao Paulo;-23,5329;-46,6395;96;0;96;;05;;2054;Medio Porte;Baixa/Media Complexidade;0,0
6284582;353870;Piracicaba;SP;Sao Paulo;-22,7338;-47,6476;12;12;0;;62;;1023;Micro Porte;Baixa/Media Complexidade;100,0
6289304;350550;Barretos;SP;Sao Paulo;-20,5531;-48,5698;10;10;0;;62;;1023;Micro Porte;Baixa/Media Complexidade;100,0
6291635;353390;Olímpia;SP;Sao Paulo;-20,7366;-48,9106;3;2;1;;62;;2062;Micro Porte;Baixa/Media Complexidade;66,67
6293433;354980;São José do Rio Preto;SP;Sao Paulo;-20,8113;-49,3758;2;0;2;;62;;2062;Micro Porte;Baixa/Media Complexidade;0,0
6311253;355030;São Paulo;SP;Sao Paulo;-23,5329;-46,6395;4;0;4;;62;;2062;Micro Porte;Baixa/Media Complexidade;0,0
6311482;355410;Taubaté;SP;Sao Paulo;-23,0104;-45,5593;4;0;4;;62;;2062;Micro Porte;Baixa/Media Complexidade;0,0
6317154;350610;Bebedouro;SP;Sao Paulo;-20,9491;-48,4791;1;0;1;;62;;2240;Micro Porte;Baixa/Media Complexidade;0,0
6335500;350550;Barretos;SP;Sao Paulo;-20,5531;-48,5698;1;0;1;;36;;2062;Micro Porte;Baixa/Media Complexidade;0,0
6336302;355030;São Paulo;SP;Sao Paulo;-23,5329;-46,6395;10;10;0;;70;;1031;Micro Porte;Baixa/Media Complexidade;100,0
6356184;355030;São Paulo;SP;Sao Paulo;-23,5329;-46,6395;9;6;3;;61;;3999;Micro Porte;Baixa/Media Complexidade;66,67
6387640;355030;São Paulo;SP;Sao Paulo;-23,5329;-46,6395;6;6;0;;70;;1031;Micro Porte;Baixa/Media Complexidade;100,0
6391869;355030;São Paulo;SP;Sao Paulo;-23,5329;-46,6395;11;11;0;;62;;1031;Micro Porte;Baixa/Media Complexidade;100,0
6398081;350610;Bebedouro;SP;Sao Paulo;-20,9491;-48,4791;5;5;0;;70;;1244;Micro Porte;Baixa/Media Complexidade;100,0
6403069;353440;Osasco;SP;Sao Paulo;-23,5324;-46,7916;59;0;59;;05;;2062;Medio Porte;Baixa/Media Complexidade;0,0
6426247;350850;Caçapava;SP;Sao Paulo;-23,0992;-45,7076;20;0;20;;05;;2143;Pequeno Porte;Baixa/Media Complexidade;0,0
6430082;350600;Bauru;SP;Sao Paulo;-22,3246;-49,0871;3;0;3;;62;;2062;Micro Porte;Baixa/Media Complexidade;0,0
6430120;355030;São Paulo;SP;Sao Paulo;-23,5329;-46,6395;123;0;123;;07;;3999;Medio Porte;Baixa/Media Complexidade;0,0
6443281;351880;Guarulhos;SP;Sao Paulo;-23,4538;-46,5333;6;6;0;;70;;1244;Micro Porte;Baixa/Media Complexidade;100,0
6451098;350390;Arujá;SP;Sao Paulo;-23,3965;-46,32;36;36;0;;05;;1244;Pequeno Porte;Baixa/Media Complexidade;100,0
6457746;353930;Pirassununga;SP;Sao Paulo;-21,996;-47,4257;1;0;1;;62;;2062;Micro Porte;Baixa/Media Complexidade;0,0
6471331;353870;Piracicaba;SP;Sao Paulo;-22,7338;-47,6476;2;0;2;;05;;2062;Micro Porte;Baixa/Media Complexidade;0,0
6473954;350210;Andradina;SP;Sao Paulo;-20,8948;-51,3786;1;0;1;;36;;2062;Micro Porte;Baixa/Media Complexidade;0,0
6479200;355030;São Paulo;SP;Sao Paulo;-23,5329;-46,6395;24;24;0;;62;;1023;Pequeno Porte;Baixa/Media Complexidade;100,0
6492398;354990;São José dos Campos;SP;Sao Paulo;-23,1896;-45,8841;89;0;89;;05;;2143;Medio Porte;Baixa/Media Complexidade;0,0
6532527;354980;São José do Rio Preto;SP;Sao Paulo;-20,8113;-49,3758;2;0;2;;62;;2054;Micro Porte;Baixa/Media Complexidade;0,0
6548008;352590;Jundiaí;SP;Sao Paulo;-23,1852;-46,8974;1;0;1;;36;;2062;Micro Porte;Baixa/Media Complexidade;0,0
6569757;355030;São Paulo;SP;Sao Paulo;-23,5329;-46,6395;9;0;9;;05;;3999;Micro Porte;Baixa/Media Complexidade;0,0
6591620;350570;Barueri;SP;Sao Paulo;-23,5057;-46,879;31;31;0;;21;;1244;Pequeno Porte;Baixa/Media Complexidade;100,0
6603378;353580;Paranapanema;SP;Sao Paulo;-23,3862;-48,7214;21;21;0;;05;;1244;Pequeno Porte;Baixa/Media Complexidade;100,0
6605605;350950;Campinas;SP;Sao Paulo;-22,9053;-47,0659;35;0;35;;07;;2062;Pequeno Porte;Baixa/Media Complexidade;0,0
6614426;355030;São Paulo;SP;Sao Paulo;-23,5329;-46,6395;118;0;118;;07;;3069;Medio Porte;Baixa/Media Complexidade;0,0
6618332;355030;São Paulo;SP;Sao Paulo;-23,5329;-46,6395;4;0;4;;07;;2062;Micro Porte;Baixa/Media Complexidade;0,0
6618812;354870;São Bernardo do Campo;SP;Sao Paulo;-23,6914;-46,5646;5;5;0;;70;;1244;Micro Porte;Baixa/Media Complexidade;100,0
6625649;351880;Guarulhos;SP;Sao Paulo;-23,4538;-46,5333;126;0;126;;05;;2143;Medio Porte;Baixa/Media Complexidade;0,0
6655416;354780;Santo André;SP;Sao Paulo;-23,6737;-46,5432;18;18;0;;62;;1023;Pequeno Porte;Baixa/Media Complexidade;100,0
6658024;355410;Taubaté;SP;Sao Paulo;-23,0104;-45,5593;10;10;0;;70;;1244;Micro Porte;Baixa/Media Complexidade;100,0
6668127;355030;São Paulo;SP;Sao Paulo;-23,5329;-46,6395;8;8;0;;70;;1031;Micro Porte;Baixa/Media Complexidade;100,0
6668143;355030;São Paulo;SP;Sao Paulo;-23,5329;-46,6395;152;0;152;;05;;2054;Grande Porte;Baixa/Media Complexidade;0,0
6669727;351620;Franca;SP;Sao Paulo;-20,5352;-47,4039;14;14;0;;36;;1023;Micro Porte;Baixa/Media Complexidade;100,0
6673481;350950;Campinas;SP;Sao Paulo;-22,9053;-47,0659;4;0;4;;62;;2062;Micro Porte;Baixa/Media Complexidade;0,0
6680968;353200;Morungaba;SP;Sao Paulo;-22,8811;-46,7896;12;12;0;;05;;1244;Micro Porte;Baixa/Media Complexidade;100,0
6709400;354780;Santo André;SP;Sao Paulo;-23,6737;-46,5432;3;0;3;;62;;2062;Micro Porte;Baixa/Media Complexidade;0,0
6729150;355030;São Paulo;SP;Sao Paulo;-23,5329;-46,6395;11;0;11;;62;;3999;Micro Porte;Baixa/Media Complexidade;0,0
6754775;354580;Santa Bárbara d'Oeste;SP;Sao Paulo;-22,7553;-47,4143;20;20;0;;73;;1244;Pequeno Porte;Baixa/Media Complexidade;100,0
6783449;355410;Taubaté;SP;Sao Paulo;-23,0104;-45,5593;19;0;19;;07;;2062;Pequeno Porte;Baixa/Media Complexidade;0,0
6785018;350660;Biritiba-Mirim;SP;Sao Paulo;-23,5698;-46,0407;13;13;0;;73;;1244;Micro Porte;Baixa/Media Complexidade;100,0
6788122;352050;Indaiatuba;SP;Sao Paulo;-23,0816;-47,2101;8;2;6;;05;;2062;Micro Porte;Baixa/Media Complexidade;25,0
6817203;350900;Caieiras;SP;Sao Paulo;-23,3607;-46,7397;47;0;47;;05;;2062;Pequeno Porte;Baixa/Media Complexidade;0,0
6817890;354100;Praia Grande;SP;Sao Paulo;-24,0084;-46,4121;146;0;146;;05;;3999;Medio Porte;Baixa/Media Complexidade;0,0
6821626;354980;São José do Rio Preto;SP;Sao Paulo;-20,8113;-49,3758;1;0;1;;36;;2062;Micro Porte;Baixa/Media Complexidade;0,0
6834183;352210;Itanhaém;SP;Sao Paulo;-24,1736;-46,788;1;1;0;;07;;2062;Micro Porte;Baixa/Media Complexidade;100,0
6861717;350810;Buritama;SP;Sao Paulo;-21,0661;-50,1475;6;0;6;;36;;2062;Micro Porte;Baixa/Media Complexidade;0,0
6864953;354980;São José do Rio Preto;SP;Sao Paulo;-20,8113;-49,3758;5;0;5;;62;;2062;Micro Porte;Baixa/Media Complexidade;0,0
6878687;351640;Franco da Rocha;SP;Sao Paulo;-23,3229;-46,729;179;179;0;;05;;1023;Grande Porte;Baixa/Media Complexidade;100,0
6879799;355030;São Paulo;SP;Sao Paulo;-23,5329;-46,6395;8;8;0;;70;;1031;Micro Porte;Baixa/Media Complexidade;100,0
6894070;350600;Bauru;SP;Sao Paulo;-22,3246;-49,0871;1;0;1;;36;;2232;Micro Porte;Baixa/Media Complexidade;0,0
6919456;352940;Mauá;SP;Sao Paulo;-23,6677;-46,4613;15;15;0;;73;;1244;Pequeno Porte;Baixa/Media Complexidade;100,0
6938876;354870;São Bernardo do Campo;SP;Sao Paulo;-23,6914;-46,5646;83;0;83;;05;;2054;Medio Porte;Baixa/Media Complexidade;0,0
6943284;350320;Araraquara;SP;Sao Paulo;-21,7845;-48,178;68;60;8;;07;;1279;Medio Porte;Baixa/Media Complexidade;88,24
6950043;352940;Mauá;SP;Sao Paulo;-23,6677;-46,4613;15;15;0;;73;;1244;Pequeno Porte;Baixa/Media Complexidade;100,0
6950051;352940;Mauá;SP;Sao Paulo;-23,6677;-46,4613;14;14;0;;73;;1244;Micro Porte;Baixa/Media Complexidade;100,0
6964036;355030;São Paulo;SP;Sao Paulo;-23,5329;-46,6395;9;9;0;;70;;1031;Micro Porte;Baixa/Media Complexidade;100,0
6964656;350950;Campinas;SP;Sao Paulo;-22,9053;-47,0659;8;8;0;;70;;1244;Micro Porte;Baixa/Media Complexidade;100,0
6966594;355100;São Vicente;SP;Sao Paulo;-23,9574;-46,3883;52;36;16;;07;;1244;Medio Porte;Baixa/Media Complexidade;69,23
6971199;352240;Itapeva;SP;Sao Paulo;-23,9788;-48,8764;7;7;0;;62;;1244;Micro Porte;Baixa/Media Complexidade;100,0
6976794;351380;Diadema;SP;Sao Paulo;-23,6813;-46,6205;5;5;0;;73;;1244;Micro Porte;Baixa/Media Complexidade;100,0
6988938;354990;São José dos Campos;SP;Sao Paulo;-23,1896;-45,8841;212;0;212;;05;;2046;Grande Porte;Baixa/Media Complexidade;0,0
6992552;355500;Tupã;SP;Sao Paulo;-21,9335;-50,5191;4;4;0;;73;;1244;Micro Porte;Baixa/Media Complexidade;100,0
6992560;352590;Jundiaí;SP;Sao Paulo;-23,1852;-46,8974;7;7;0;;36;;1023;Micro Porte;Baixa/Media Complexidade;100,0
6998178;355030;São Paulo;SP;Sao Paulo;-23,5329;-46,6395;7;7;0;;62;;1031;Micro Porte;Baixa/Media Complexidade;100,0
6998194;355030;São Paulo;SP;Sao Paulo;-23,5329;-46,6395;60;50;10;;05;;1031;Medio Porte;Baixa/Media Complexidade;83,33
6998704;354850;Santos;SP;Sao Paulo;-23,9535;-46,335;158;151;7;;05;;1244;Grande Porte;Baixa/Media Complexidade;95,57
7019076;355030;São Paulo;SP;Sao Paulo;-23,5329;-46,6395;7;7;0;;62;;1031;Micro Porte;Baixa/Media Complexidade;100,0
7019661;351907;Hortolândia;SP;Sao Paulo;-22,8529;-47,2143;29;0;29;;05;;2062;Pequeno Porte;Baixa/Media Complexidade;0,0
7021461;354780;Santo André;SP;Sao Paulo;-23,6737;-46,5432;20;20;0;;73;;1244;Pequeno Porte;Baixa/Media Complexidade;100,0
7023979;354870;São Bernardo do Campo;SP;Sao Paulo;-23,6914;-46,5646;5;5;0;;70;;1244;Micro Porte;Baixa/Media Complexidade;100,0
7024231;355030;São Paulo;SP;Sao Paulo;-23,5329;-46,6395;8;8;0;;70;;1031;Micro Porte;Baixa/Media Complexidade;100,0
7024274;354850;Santos;SP;Sao Paulo;-23,9535;-46,335;14;0;14;;07;;2062;Micro Porte;Baixa/Media Complexidade;0,0
7044666;350950;Campinas;SP;Sao Paulo;-22,9053;-47,0659;69;0;69;;05;;2054;Medio Porte;Baixa/Media Complexidade;0,0
7047517;354780;Santo André;SP;Sao Paulo;-23,6737;-46,5432;23;23;0;;73;;1244;Pequeno Porte;Baixa/Media Complexidade;100,0
7060165;355030;São Paulo;SP;Sao Paulo;-23,5329;-46,6395;126;0;126;;07;;3069;Medio Porte;Baixa/Media Complexidade;0,0
7060416;354780;Santo André;SP;Sao Paulo;-23,6737;-46,5432;4;4;0;;20;;1244;Micro Porte;Baixa/Media Complexidade;100,0
7066376;352480;Jales;SP;Sao Paulo;-20,2672;-50,5494;37;37;0;;07;;3069;Pequeno Porte;Baixa/Media Complexidade;100,0
7068913;351870;Guarujá;SP;Sao Paulo;-23,9888;-46,258;7;7;0;;70;;1244;Micro Porte;Baixa/Media Complexidade;100,0
7094132;354680;Santa Isabel;SP;Sao Paulo;-23,3172;-46,2237;14;14;0;;73;;1244;Micro Porte;Baixa/Media Complexidade;100,0
7096089;354870;São Bernardo do Campo;SP;Sao Paulo;-23,6914;-46,5646;6;6;0;;70;;1244;Micro Porte;Baixa/Media Complexidade;100,0
7101090;350760;Bragança Paulista;SP;Sao Paulo;-22,9527;-46,5419;4;0;4;;05;;2062;Micro Porte;Baixa/Media Complexidade;0,0
7103271;351670;Garça;SP;Sao Paulo;-22,2125;-49,6546;7;7;0;;73;;1244;Micro Porte;Baixa/Media Complexidade;100,0
7111568;355030;São Paulo;SP;Sao Paulo;-23,5329;-46,6395;5;5;0;;70;;1031;Micro Porte;Baixa/Media Complexidade;100,0
7113218;354780;Santo André;SP;Sao Paulo;-23,6737;-46,5432;22;22;0;;73;;1244;Pequeno Porte;Baixa/Media Complexidade;100,0
7134290;350950;Campinas;SP;Sao Paulo;-22,9053;-47,0659;18;0;18;;05;;2240;Pequeno Porte;Baixa/Media Complexidade;0,0
7134665;351907;Hortolândia;SP;Sao Paulo;-22,8529;-47,2143;15;15;0;;73;;1244;Pequeno Porte;Baixa/Media Complexidade;100,0
7159102;355030;São Paulo;SP;Sao Paulo;-23,5329;-46,6395;12;0;12;;05;;2062;Micro Porte;Baixa/Media Complexidade;0,0
7165072;355030;São Paulo;SP;Sao Paulo;-23,5329;-46,6395;8;8;0;;70;;1031;Micro Porte;Baixa/Media Complexidade;100,0
7174691;355030;São Paulo;SP;Sao Paulo;-23,5329;-46,6395;66;0;66;;05;;2062;Medio Porte;Baixa/Media Complexidade;0,0
7174705;355030;São Paulo;SP;Sao Paulo;-23,5329;-46,6395;97;0;97;;05;;2062;Medio Porte;Baixa/Media Complexidade;0,0
7174713;355030;São Paulo;SP;Sao Paulo;-23,5329;-46,6395;117;0;117;;05;;2062;Medio Porte;Baixa/Media Complexidade;0,0
7174721;355030;São Paulo;SP;Sao Paulo;-23,5329;-46,6395;106;0;106;;05;;2062;Medio Porte;Baixa/Media Complexidade;0,0
7182031;355030;São Paulo;SP;Sao Paulo;-23,5329;-46,6395;26;0;26;;07;;2062;Pequeno Porte;Baixa/Media Complexidade;0,0
7184344;354100;Praia Grande;SP;Sao Paulo;-24,0084;-46,4121;8;8;0;;70;;1244;Micro Porte;Baixa/Media Complexidade;100,0
7188676;353470;Ourinhos;SP;Sao Paulo;-22,9797;-49,8697;3;3;0;;62;;1023;Micro Porte;Baixa/Media Complexidade;100,0
7210094;351230;Conchas;SP;Sao Paulo;-23,0154;-48,0134;15;14;1;;05;;1244;Pequeno Porte;Baixa/Media Complexidade;93,33
7223560;353780;Piedade;SP;Sao Paulo;-23,7139;-47,4256;6;0;6;;36;;2062;Micro Porte;Baixa/Media Complexidade;0,0
7228163;352220;Itapecerica da Serra;SP;Sao Paulo;-23,7161;-46,8572;16;16;0;;20;;1120;Pequeno Porte;Baixa/Media Complexidade;100,0
7240481;355030;São Paulo;SP;Sao Paulo;-23,5329;-46,6395;35;0;35;;36;;2062;Pequeno Porte;Baixa/Media Complexidade;0,0
7252455;355030;São Paulo;SP;Sao Paulo;-23,5329;-46,6395;210;190;20;;05;;3999;Grande Porte;Baixa/Media Complexidade;90,48
7261012;351380;Diadema;SP;Sao Paulo;-23,6813;-46,6205;60;0;60;;05;;2062;Medio Porte;Baixa/Media Complexidade;0,0
7264755;353390;Olímpia;SP;Sao Paulo;-20,7366;-48,9106;1;0;1;;20;;2143;Micro Porte;Baixa/Media Complexidade;0,0
7276621;354780;Santo André;SP;Sao Paulo;-23,6737;-46,5432;8;8;0;;70;;1244;Micro Porte;Baixa/Media Complexidade;100,0
7309899;354870;São Bernardo do Campo;SP;Sao Paulo;-23,6914;-46,5646;5;5;0;;70;;1244;Micro Porte;Baixa/Media Complexidade;100,0
7320175;355020;São Miguel Arcanjo;SP;Sao Paulo;-23,8782;-47,9935;80;80;0;;05;;3999;Medio Porte;Baixa/Media Complexidade;100,0
7343256;354980;São José do Rio Preto;SP;Sao Paulo;-20,8113;-49,3758;10;10;0;;70;;1244;Micro Porte;Baixa/Media Complexidade;100,0
7352980;350320;Araraquara;SP;Sao Paulo;-21,7845;-48,178;9;0;9;;07;;2062;Micro Porte;Baixa/Media Complexidade;0,0
7357079;355030;São Paulo;SP;Sao Paulo;-23,5329;-46,6395;101;0;101;;05;;2062;Medio Porte;Baixa/Media Complexidade;0,0
7357192;354340;Ribeirão Preto;SP;Sao Paulo;-21,1699;-47,8099;9;0;9;;62;;2062;Micro Porte;Baixa/Media Complexidade;0,0
7368704;355400;Tatuí;SP;Sao Paulo;-23,3487;-47,8461;48;0;48;;05;;2143;Pequeno Porte;Baixa/Media Complexidade;0,0
7371349;355100;São Vicente;SP;Sao Paulo;-23,9574;-46,3883;59;50;9;;05;;1244;Medio Porte;Baixa/Media Complexidade;84,75
7373465;354870;São Bernardo do Campo;SP;Sao Paulo;-23,6914;-46,5646;266;266;0;;05;;1244;Grande Porte;Baixa/Media Complexidade;100,0
7378394;355030;São Paulo;SP;Sao Paulo;-23,5329;-46,6395;2;2;0;;62;;1031;Micro Porte;Baixa/Media Complexidade;100,0
7385978;355030;São Paulo;SP;Sao Paulo;-23,5329;-46,6395;6;6;0;;62;;3999;Micro Porte;Baixa/Media Complexidade;100,0
7390157;355030;São Paulo;SP;Sao Paulo;-23,5329;-46,6395;120;0;120;;62;;3999;Medio Porte;Baixa/Media Complexidade;0,0
7400926;354140;Presidente Prudente;SP;Sao Paulo;-22,1207;-51,3925;113;72;41;;07;;3069;Medio Porte;Baixa/Media Complexidade;63,72
7420595;354340;Ribeirão Preto;SP;Sao Paulo;-21,1699;-47,8099;31;31;0;;05;;1244;Pequeno Porte;Baixa/Media Complexidade;100,0
7435568;354870;São Bernardo do Campo;SP;Sao Paulo;-23,6914;-46,5646;10;0;10;;05;;2062;Micro Porte;Baixa/Media Complexidade;0,0
7448465;355030;São Paulo;SP;Sao Paulo;-23,5329;-46,6395;70;0;70;;62;;2240;Medio Porte;Baixa/Media Complexidade;0,0
7451229;351550;Fernandópolis;SP;Sao Paulo;-20,2806;-50,2471;5;0;5;;62;;3069;Micro Porte;Baixa/Media Complexidade;0,0
7463030;350760;Bragança Paulista;SP;Sao Paulo;-22,9527;-46,5419;19;19;0;;73;;1244;Pequeno Porte;Baixa/Media Complexidade;100,0
7469926;355030;São Paulo;SP;Sao Paulo;-23,5329;-46,6395;15;0;15;;62;;2240;Pequeno Porte;Baixa/Media Complexidade;0,0
7473702;353060;Mogi das Cruzes;SP;Sao Paulo;-23,5208;-46,1854;69;69;0;;05;;1244;Medio Porte;Baixa/Media Complexidade;100,0
7494068;352310;Itaquaquecetuba;SP;Sao Paulo;-23,4835;-46,3457;15;15;0;;73;;1244;Pequeno Porte;Baixa/Media Complexidade;100,0
7496117;355220;Sorocaba;SP;Sao Paulo;-23,4969;-47,4451;9;9;0;;62;;1023;Micro Porte;Baixa/Media Complexidade;100,0
7497857;355030;São Paulo;SP;Sao Paulo;-23,5329;-46,6395;8;8;0;;70;;1031;Micro Porte;Baixa/Media Complexidade;100,0
7504160;354870;São Bernardo do Campo;SP;Sao Paulo;-23,6914;-46,5646;8;8;0;;70;;1244;Micro Porte;Baixa/Media Complexidade;100,0
7515782;355030;São Paulo;SP;Sao Paulo;-23,5329;-46,6395;7;0;7;;62;;2062;Micro Porte;Baixa/Media Complexidade;0,0
7544529;351870;Guarujá;SP;Sao Paulo;-23,9888;-46,258;46;46;0;;05;;1023;Pequeno Porte;Baixa/Media Complexidade;100,0
7547439;354870;São Bernardo do Campo;SP;Sao Paulo;-23,6914;-46,5646;32;0;32;;62;;3999;Pequeno Porte;Baixa/Media Complexidade;0,0
7561369;355220;Sorocaba;SP;Sao Paulo;-23,4969;-47,4451;10;0;10;;62;;2062;Micro Porte;Baixa/Media Complexidade;0,0
7564902;350320;Araraquara;SP;Sao Paulo;-21,7845;-48,178;35;0;35;;05;;2054;Pequeno Porte;Baixa/Media Complexidade;0,0
7568428;355220;Sorocaba;SP;Sao Paulo;-23,4969;-47,4451;6;0;6;;62;;2062;Micro Porte;Baixa/Media Complexidade;0,0
7572468;355030;São Paulo;SP;Sao Paulo;-23,5329;-46,6395;2;2;0;;62;;3999;Micro Porte;Baixa/Media Complexidade;100,0
7573162;352590;Jundiaí;SP;Sao Paulo;-23,1852;-46,8974;136;130;6;;05;;1023;Medio Porte;Baixa/Media Complexidade;95,59
7576692;350600;Bauru;SP;Sao Paulo;-22,3246;-49,0871;8;0;8;;70;;1244;Micro Porte;Baixa/Media Complexidade;0,0
7580770;350900;Caieiras;SP;Sao Paulo;-23,3607;-46,7397;54;54;0;;05;;1023;Medio Porte;Baixa/Media Complexidade;100,0
7582242;355030;São Paulo;SP;Sao Paulo;-23,5329;-46,6395;2;0;2;;62;;2062;Micro Porte;Baixa/Media Complexidade;0,0
7593643;355030;São Paulo;SP;Sao Paulo;-23,5329;-46,6395;171;0;171;;05;;2062;Grande Porte;Baixa/Media Complexidade;0,0
7602227;355030;São Paulo;SP;Sao Paulo;-23,5329;-46,6395;55;0;55;;05;;2062;Medio Porte;Baixa/Media Complexidade;0,0
7603274;352170;Itaberá;SP;Sao Paulo;-23,8638;-49,14;19;19;0;;05;;1244;Pequeno Porte;Baixa/Media Complexidade;100,0
7612990;350750;Botucatu;SP;Sao Paulo;-22,8837;-48,4437;104;0;104;;05;;2143;Medio Porte;Baixa/Media Complexidade;0,0
7615280;354340;Ribeirão Preto;SP;Sao Paulo;-21,1699;-47,8099;62;33;29;;05;;3999;Medio Porte;Baixa/Media Complexidade;53,23
7622244;355030;São Paulo;SP;Sao Paulo;-23,5329;-46,6395;15;0;15;;07;;2240;Pequeno Porte;Baixa/Media Complexidade;0,0
7644167;355030;São Paulo;SP;Sao Paulo;-23,5329;-46,6395;43;0;43;;05;;2062;Pequeno Porte;Baixa/Media Complexidade;0,0
7665512;355030;São Paulo;SP;Sao Paulo;-23,5329;-46,6395;1;0;1;;36;;2062;Micro Porte;Baixa/Media Complexidade;0,0
7667965;350900;Caieiras;SP;Sao Paulo;-23,3607;-46,7397;10;0;10;;05;;2062;Micro Porte;Baixa/Media Complexidade;0,0
7676484;355030;São Paulo;SP;Sao Paulo;-23,5329;-46,6395;284;0;284;;05;;2062;Grande Porte;Baixa/Media Complexidade;0,0
7682581;353440;Osasco;SP;Sao Paulo;-23,5324;-46,7916;40;40;0;;20;;1244;Pequeno Porte;Baixa/Media Complexidade;100,0
7696981;351130;Cedral;SP;Sao Paulo;-20,9009;-49,2664;30;0;30;;15;;2062;Pequeno Porte;Baixa/Media Complexidade;0,0
7701810;354140;Presidente Prudente;SP;Sao Paulo;-22,1207;-51,3925;17;0;17;;05;;2143;Pequeno Porte;Baixa/Media Complexidade;0,0
7706502;350290;Araçoiaba da Serra;SP;Sao Paulo;-23,5029;-47,6166;162;0;162;;62;;2062;Grande Porte;Baixa/Media Complexidade;0,0
7709641;355220;Sorocaba;SP;Sao Paulo;-23,4969;-47,4451;5;5;0;;70;;1244;Micro Porte;Baixa/Media Complexidade;100,0
7711980;355030;São Paulo;SP;Sao Paulo;-23,5329;-46,6395;187;178;9;;05;;1031;Grande Porte;Baixa/Media Complexidade;95,19
7712308;350850;Caçapava;SP;Sao Paulo;-23,0992;-45,7076;10;0;10;;83;;3999;Micro Porte;Baixa/Media Complexidade;0,0
7718136;354980;São José do Rio Preto;SP;Sao Paulo;-20,8113;-49,3758;17;0;17;;07;;2062;Pequeno Porte;Baixa/Media Complexidade;0,0
7726155;351050;Caraguatatuba;SP;Sao Paulo;-23,6125;-45,4125;10;0;10;;05;;2143;Micro Porte;Baixa/Media Complexidade;0,0
7755333;353800;Pindamonhangaba;SP;Sao Paulo;-22,9246;-45,4613;101;0;101;;05;;2143;Medio Porte;Baixa/Media Complexidade;0,0
7769105;350900;Caieiras;SP;Sao Paulo;-23,3607;-46,7397;5;0;5;;36;;2054;Micro Porte;Baixa/Media Complexidade;0,0
7778317;351500;Embu das Artes;SP;Sao Paulo;-23,6437;-46,8579;5;0;5;;36;;2062;Micro Porte;Baixa/Media Complexidade;0,0
7798121;352340;Itatiba;SP;Sao Paulo;-23,0035;-46,8464;7;0;7;;36;;2143;Micro Porte;Baixa/Media Complexidade;0,0
7806116;352310;Itaquaquecetuba;SP;Sao Paulo;-23,4835;-46,3457;6;0;6;;73;;1244;Micro Porte;Baixa/Media Complexidade;0,0
7811535;355220;Sorocaba;SP;Sao Paulo;-23,4969;-47,4451;8;8;0;;70;;1244;Micro Porte;Baixa/Media Complexidade;100,0
7822421;353710;Pedreira;SP;Sao Paulo;-22,7413;-46,8948;49;49;0;;05;;1244;Pequeno Porte;Baixa/Media Complexidade;100,0
7823940;354910;São João da Boa Vista;SP;Sao Paulo;-21,9707;-46,7944;1;0;1;;62;;2062;Micro Porte;Baixa/Media Complexidade;0,0
7825757;353870;Piracicaba;SP;Sao Paulo;-22,7338;-47,6476;1;0;1;;62;;2062;Micro Porte;Baixa/Media Complexidade;0,0
7830475;353060;Mogi das Cruzes;SP;Sao Paulo;-23,5208;-46,1854;15;0;15;;05;;3999;Pequeno Porte;Baixa/Media Complexidade;0,0
7838530;353060;Mogi das Cruzes;SP;Sao Paulo;-23,5208;-46,1854;109;0;109;;05;;2062;Medio Porte;Baixa/Media Complexidade;0,0
7849184;355250;Suzano;SP;Sao Paulo;-23,5448;-46,3112;95;0;95;;05;;2054;Medio Porte;Baixa/Media Complexidade;0,0
7852444;352240;Itapeva;SP;Sao Paulo;-23,9788;-48,8764;20;0;20;;62;;2143;Pequeno Porte;Baixa/Media Complexidade;0,0
7853130;352220;Itapecerica da Serra;SP;Sao Paulo;-23,7161;-46,8572;68;0;68;;07;;2054;Medio Porte;Baixa/Media Complexidade;0,0
7863594;354980;São José do Rio Preto;SP;Sao Paulo;-20,8113;-49,3758;17;0;17;;07;;2062;Pequeno Porte;Baixa/Media Complexidade;0,0
7864124;350750;Botucatu;SP;Sao Paulo;-22,8837;-48,4437;45;45;0;;05;;1244;Pequeno Porte;Baixa/Media Complexidade;100,0
7865317;353390;Olímpia;SP;Sao Paulo;-20,7366;-48,9106;1;0;1;;20;;2062;Micro Porte;Baixa/Media Complexidade;0,0
7869088;355280;Taboão da Serra;SP;Sao Paulo;-23,6019;-46,7526;108;0;108;;07;;2054;Medio Porte;Baixa/Media Complexidade;0,0
7885636;350290;Araçoiaba da Serra;SP;Sao Paulo;-23,5029;-47,6166;3;0;3;;77;;2062;Micro Porte;Baixa/Media Complexidade;0,0
7886470;351110;Catanduva;SP;Sao Paulo;-21,1314;-48,977;1;0;1;;62;;2062;Micro Porte;Baixa/Media Complexidade;0,0
7894260;351870;Guarujá;SP;Sao Paulo;-23,9888;-46,258;62;0;62;;05;;3999;Medio Porte;Baixa/Media Complexidade;0,0
7899599;351840;Guaratinguetá;SP;Sao Paulo;-22,8075;-45,1938;13;0;13;;05;;1015;Micro Porte;Baixa/Media Complexidade;0,0
7908121;350290;Araçoiaba da Serra;SP;Sao Paulo;-23,5029;-47,6166;60;0;60;;62;;3999;Medio Porte;Baixa/Media Complexidade;0,0
7920288;355220;Sorocaba;SP;Sao Paulo;-23,4969;-47,4451;30;0;30;;36;;2062;Pequeno Porte;Baixa/Media Complexidade;0,0
7940939;350840;Cabreúva;SP;Sao Paulo;-23,3053;-47,1362;49;0;49;;07;;2062;Pequeno Porte;Baixa/Media Complexidade;0,0
7947984;350970;Campos do Jordão;SP;Sao Paulo;-22,7296;-45,5833;49;49;0;;05;;1244;Pequeno Porte;Baixa/Media Complexidade;100,0
7965192;354340;Ribeirão Preto;SP;Sao Paulo;-21,1699;-47,8099;164;2;162;;05;;2143;Grande Porte;Baixa/Media Complexidade;1,22
7979649;355030;São Paulo;SP;Sao Paulo;-23,5329;-46,6395;5;5;0;;62;;1031;Micro Porte;Baixa/Media Complexidade;100,0
7992890;355030;São Paulo;SP;Sao Paulo;-23,5329;-46,6395;105;86;19;;05;;1031;Medio Porte;Baixa/Media Complexidade;81,9
8002428;351350;Cubatão;SP;Sao Paulo;-23,8911;-46,424;13;13;0;;21;;1244;Micro Porte;Baixa/Media Complexidade;100,0
8005877;352430;Jaboticabal;SP;Sao Paulo;-21,252;-48,3252;162;0;162;;05;;2054;Grande Porte;Baixa/Media Complexidade;0,0
9017976;351110;Catanduva;SP;Sao Paulo;-21,1314;-48,977;3;0;3;;62;;2062;Micro Porte;Baixa/Media Complexidade;0,0
9039864;355220;Sorocaba;SP;Sao Paulo;-23,4969;-47,4451;4;0;4;;62;;3999;Micro Porte;Baixa/Media Complexidade;0,0
9061819;355700;Votorantim;SP;Sao Paulo;-23,5446;-47,4388;47;0;47;;05;;2062;Pequeno Porte;Baixa/Media Complexidade;0,0
9103147;355030;São Paulo;SP;Sao Paulo;-23,5329;-46,6395;17;0;17;;62;;2062;Pequeno Porte;Baixa/Media Complexidade;0,0
9131434;355030;São Paulo;SP;Sao Paulo;-23,5329;-46,6395;125;0;125;;05;;2062;Medio Porte;Baixa/Media Complexidade;0,0
9149511;351880;Guarulhos;SP;Sao Paulo;-23,4538;-46,5333;104;0;104;;05;;2062;Medio Porte;Baixa/Media Complexidade;0,0
9158510;350950;Campinas;SP;Sao Paulo;-22,9053;-47,0659;13;0;13;;62;;2240;Micro Porte;Baixa/Media Complexidade;0,0
9183477;352590;Jundiaí;SP;Sao Paulo;-23,1852;-46,8974;10;10;0;;70;;1244;Micro Porte;Baixa/Media Complexidade;100,0
9188150;355030;São Paulo;SP;Sao Paulo;-23,5329;-46,6395;6;6;0;;70;;1031;Micro Porte;Baixa/Media Complexidade;100,0
9194258;354880;São Caetano do Sul;SP;Sao Paulo;-23,6229;-46,5548;267;0;267;;05;;2046;Grande Porte;Baixa/Media Complexidade;0,0
9206450;354870;São Bernardo do Campo;SP;Sao Paulo;-23,6914;-46,5646;8;8;0;;70;;1244;Micro Porte;Baixa/Media Complexidade;100,0
9206884;354870;São Bernardo do Campo;SP;Sao Paulo;-23,6914;-46,5646;15;0;15;;07;;2062;Pequeno Porte;Baixa/Media Complexidade;0,0
9224424;354140;Presidente Prudente;SP;Sao Paulo;-22,1207;-51,3925;8;8;0;;70;;1244;Micro Porte;Baixa/Media Complexidade;100,0
9224815;350550;Barretos;SP;Sao Paulo;-20,5531;-48,5698;3;0;3;;36;;2062;Micro Porte;Baixa/Media Complexidade;0,0
9232141;350190;Amparo;SP;Sao Paulo;-22,7088;-46,772;2;2;0;;36;;1023;Micro Porte;Baixa/Media Complexidade;100,0
9241140;353930;Pirassununga;SP;Sao Paulo;-21,996;-47,4257;57;0;57;;07;;2062;Medio Porte;Baixa/Media Complexidade;0,0
9244123;352690;Limeira;SP;Sao Paulo;-22,566;-47,397;6;0;6;;36;;2062;Micro Porte;Baixa/Media Complexidade;0,0
9255826;351880;Guarulhos;SP;Sao Paulo;-23,4538;-46,5333;98;0;98;;05;;2054;Medio Porte;Baixa/Media Complexidade;0,0
9266569;354980;São José do Rio Preto;SP;Sao Paulo;-20,8113;-49,3758;1;0;1;;07;;2062;Micro Porte;Baixa/Media Complexidade;0,0
9267263;350320;Araraquara;SP;Sao Paulo;-21,7845;-48,178;23;23;0;;05;;1244;Pequeno Porte;Baixa/Media Complexidade;100,0
9278990;352430;Jaboticabal;SP;Sao Paulo;-21,252;-48,3252;40;0;40;;36;;2062;Pequeno Porte;Baixa/Media Complexidade;0,0
9287671;355030;São Paulo;SP;Sao Paulo;-23,5329;-46,6395;25;0;25;;07;;2062;Pequeno Porte;Baixa/Media Complexidade;0,0
9297715;353760;Peruíbe;SP;Sao Paulo;-24,312;-47,0012;18;18;0;;05;;1244;Pequeno Porte;Baixa/Media Complexidade;100,0
9303685;352720;Lorena;SP;Sao Paulo;-22,7334;-45,1197;27;0;27;;62;;2062;Pequeno Porte;Baixa/Media Complexidade;0,0
9305513;350940;Cajuru;SP;Sao Paulo;-21,2749;-47,303;67;0;67;;36;;2240;Medio Porte;Baixa/Media Complexidade;0,0
9314687;355370;Taquaritinga;SP;Sao Paulo;-21,4049;-48,5103;2;2;0;;36;;1023;Micro Porte;Baixa/Media Complexidade;100,0
9314903;350280;Araçatuba;SP;Sao Paulo;-21,2076;-50,4401;5;5;0;;70;;1244;Micro Porte;Baixa/Media Complexidade;100,0
9329080;351430;Dourado;SP;Sao Paulo;-22,1044;-48,3178;18;18;0;;05;;1244;Pequeno Porte;Baixa/Media Complexidade;100,0
9330070;355240;Sumaré;SP;Sao Paulo;-22,8204;-47,2728;1;0;1;;62;;2062;Micro Porte;Baixa/Media Complexidade;0,0
9335951;354780;Santo André;SP;Sao Paulo;-23,6737;-46,5432;48;0;48;;05;;2062;Pequeno Porte;Baixa/Media Complexidade;0,0
9344462;351840;Guaratinguetá;SP;Sao Paulo;-22,8075;-45,1938;1;0;1;;62;;2062;Micro Porte;Baixa/Media Complexidade;0,0
9345949;352340;Itatiba;SP;Sao Paulo;-23,0035;-46,8464;1;1;0;;62;;2062;Micro Porte;Baixa/Media Complexidade;100,0
9353720;351110;Catanduva;SP;Sao Paulo;-21,1314;-48,977;2;0;2;;62;;2062;Micro Porte;Baixa/Media Complexidade;0,0
9363165;355030;São Paulo;SP;Sao Paulo;-23,5329;-46,6395;20;10;10;;70;;1031;Pequeno Porte;Baixa/Media Complexidade;50,0
9373306;351870;Guarujá;SP;Sao Paulo;-23,9888;-46,258;112;0;112;;05;;3999;Medio Porte;Baixa/Media Complexidade;0,0
9377255;352900;Marília;SP;Sao Paulo;-22,2171;-49,9501;71;41;30;;05;;3999;Medio Porte;Baixa/Media Complexidade;57,75
9393277;350290;Araçoiaba da Serra;SP;Sao Paulo;-23,5029;-47,6166;60;0;60;;62;;3999;Medio Porte;Baixa/Media Complexidade;0,0
9411801;352220;Itapecerica da Serra;SP;Sao Paulo;-23,7161;-46,8572;48;0;48;;36;;3999;Pequeno Porte;Baixa/Media Complexidade;0,0
9413634;355660;Vera Cruz;SP;Sao Paulo;-22,2183;-49,8207;36;0;36;;36;;3999;Pequeno Porte;Baixa/Media Complexidade;0,0
9421521;350950;Campinas;SP;Sao Paulo;-22,9053;-47,0659;1;0;1;;62;;2062;Micro Porte;Baixa/Media Complexidade;0,0
9425802;353870;Piracicaba;SP;Sao Paulo;-22,7338;-47,6476;129;129;0;;05;;1023;Medio Porte;Baixa/Media Complexidade;100,0
9438890;353020;Mirante do Paranapanema;SP;Sao Paulo;-22,2904;-51,9084;23;23;0;;20;;1244;Pequeno Porte;Baixa/Media Complexidade;100,0
9452354;352520;Jarinu;SP;Sao Paulo;-23,1039;-46,728;12;0;12;;05;;2062;Micro Porte;Baixa/Media Complexidade;0,0
9462023;350950;Campinas;SP;Sao Paulo;-22,9053;-47,0659;4;4;0;;36;;3069;Micro Porte;Baixa/Media Complexidade;100,0
9465464;355030;São Paulo;SP;Sao Paulo;-23,5329;-46,6395;287;232;55;;05;;1031;Grande Porte;Baixa/Media Complexidade;80,84
9477373;350950;Campinas;SP;Sao Paulo;-22,9053;-47,0659;88;0;88;;05;;2143;Medio Porte;Baixa/Media Complexidade;0,0
9485023;352680;Lençóis Paulista;SP;Sao Paulo;-22,6027;-48,8037;85;0;85;;36;;2062;Medio Porte;Baixa/Media Complexidade;0,0
9488227;355030;São Paulo;SP;Sao Paulo;-23,5329;-46,6395;116;0;116;;07;;2054;Medio Porte;Baixa/Media Complexidade;0,0
9490604;355030;São Paulo;SP;Sao Paulo;-23,5329;-46,6395;331;0;331;;05;;2062;Grande Porte;Baixa/Media Complexidade;0,0
9491112;355220;Sorocaba;SP;Sao Paulo;-23,4969;-47,4451;260;204;56;;05;;1023;Grande Porte;Baixa/Media Complexidade;78,46
9491252;354990;São José dos Campos;SP;Sao Paulo;-23,1896;-45,8841;162;152;10;;05;;1023;Grande Porte;Baixa/Media Complexidade;93,83
9500138;355030;São Paulo;SP;Sao Paulo;-23,5329;-46,6395;16;0;16;;07;;3069;Pequeno Porte;Baixa/Media Complexidade;0,0
9502254;354980;São José do Rio Preto;SP;Sao Paulo;-20,8113;-49,3758;11;0;11;;07;;2062;Micro Porte;Baixa/Media Complexidade;0,0
9514813;355060;São Roque;SP;Sao Paulo;-23,5226;-47,1357;120;0;120;;83;;3999;Medio Porte;Baixa/Media Complexidade;0,0
9536248;352310;Itaquaquecetuba;SP;Sao Paulo;-23,4835;-46,3457;7;7;0;;73;;1244;Micro Porte;Baixa/Media Complexidade;100,0
9549846;350760;Bragança Paulista;SP;Sao Paulo;-22,9527;-46,5419;50;0;50;;05;;2062;Medio Porte;Baixa/Media Complexidade;0,0
9554157;355030;São Paulo;SP;Sao Paulo;-23,5329;-46,6395;469;0;469;;05;;2054;Grande Porte;Baixa/Media Complexidade;0,0
9556095;354260;Registro;SP;Sao Paulo;-24,4979;-47,8449;156;146;10;;05;;1023;Grande Porte;Baixa/Media Complexidade;93,59
9567674;354850;Santos;SP;Sao Paulo;-23,9535;-46,335;1;1;0;;36;;3999;Micro Porte;Baixa/Media Complexidade;100,0
9580743;355100;São Vicente;SP;Sao Paulo;-23,9574;-46,3883;10;10;0;;62;;1023;Micro Porte;Baixa/Media Complexidade;100,0
9584633;352220;Itapecerica da Serra;SP;Sao Paulo;-23,7161;-46,8572;80;0;80;;07;;2054;Medio Porte;Baixa/Media Complexidade;0,0
9609474;355250;Suzano;SP;Sao Paulo;-23,5448;-46,3112;12;12;0;;20;;1244;Micro Porte;Baixa/Media Complexidade;100,0
9616616;351300;Cotia;SP;Sao Paulo;-23,6022;-46,919;50;0;50;;07;;2062;Medio Porte;Baixa/Media Complexidade;0,0
9618554;355220;Sorocaba;SP;Sao Paulo;-23,4969;-47,4451;5;5;0;;70;;1244;Micro Porte;Baixa/Media Complexidade;100,0
9639659;351280;Cosmópolis;SP;Sao Paulo;-22,6419;-47,1926;81;43;38;;05;;3999;Medio Porte;Baixa/Media Complexidade;53,09
9645543;354780;Santo André;SP;Sao Paulo;-23,6737;-46,5432;10;0;10;;62;;2062;Micro Porte;Baixa/Media Complexidade;0,0
9652221;355030;São Paulo;SP;Sao Paulo;-23,5329;-46,6395;45;0;45;;07;;2062;Pequeno Porte;Baixa/Media Complexidade;0,0
9664815;355030;São Paulo;SP;Sao Paulo;-23,5329;-46,6395;6;6;0;;70;;1031;Micro Porte;Baixa/Media Complexidade;100,0
9664831;355030;São Paulo;SP;Sao Paulo;-23,5329;-46,6395;8;8;0;;70;;1031;Micro Porte;Baixa/Media Complexidade;100,0
9680500;351670;Garça;SP;Sao Paulo;-22,2125;-49,6546;89;67;22;;05;;3999;Medio Porte;Baixa/Media Complexidade;75,28
9684093;355030;São Paulo;SP;Sao Paulo;-23,5329;-46,6395;8;8;0;;70;;1031;Micro Porte;Baixa/Media Complexidade;100,0
9684948;355030;São Paulo;SP;Sao Paulo;-23,5329;-46,6395;230;0;230;;05;;2062;Grande Porte;Baixa/Media Complexidade;0,0
9685111;355030;São Paulo;SP;Sao Paulo;-23,5329;-46,6395;6;6;0;;70;;1031;Micro Porte;Baixa/Media Complexidade;100,0
9688455;355030;São Paulo;SP;Sao Paulo;-23,5329;-46,6395;8;8;0;;70;;1031;Micro Porte;Baixa/Media Complexidade;100,0
9691553;355030;São Paulo;SP;Sao Paulo;-23,5329;-46,6395;8;8;0;;70;;1031;Micro Porte;Baixa/Media Complexidade;100,0
9727345;351300;Cotia;SP;Sao Paulo;-23,6022;-46,919;172;0;172;;07;;3999;Grande Porte;Baixa/Media Complexidade;0,0
9735372;355030;São Paulo;SP;Sao Paulo;-23,5329;-46,6395;42;0;42;;05;;2062;Pequeno Porte;Baixa/Media Complexidade;0,0
9738754;354870;São Bernardo do Campo;SP;Sao Paulo;-23,6914;-46,5646;102;0;102;;05;;2054;Medio Porte;Baixa/Media Complexidade;0,0
9763201;355030;São Paulo;SP;Sao Paulo;-23,5329;-46,6395;25;0;25;;62;;1104;Pequeno Porte;Baixa/Media Complexidade;0,0
9768688;354870;São Bernardo do Campo;SP;Sao Paulo;-23,6914;-46,5646;80;0;80;;05;;3999;Medio Porte;Baixa/Media Complexidade;0,0
9769641;352250;Itapevi;SP;Sao Paulo;-23,5488;-46,9327;68;0;68;;05;;2054;Medio Porte;Baixa/Media Complexidade;0,0
9773657;355150;Serrana;SP;Sao Paulo;-21,2043;-47,5952;82;82;0;;05;;1023;Medio Porte;Baixa/Media Complexidade;100,0
9778004;350850;Caçapava;SP;Sao Paulo;-23,0992;-45,7076;3;3;0;;15;;1244;Micro Porte;Baixa/Media Complexidade;100,0
9788417;355030;São Paulo;SP;Sao Paulo;-23,5329;-46,6395;6;6;0;;70;;1031;Micro Porte;Baixa/Media Complexidade;100,0
9793291;350850;Caçapava;SP;Sao Paulo;-23,0992;-45,7076;65;0;65;;07;;2135;Medio Porte;Baixa/Media Complexidade;0,0
9799176;354890;São Carlos;SP;Sao Paulo;-22,0174;-47,886;17;0;17;;05;;2062;Pequeno Porte;Baixa/Media Complexidade;0,0
9806342;350950;Campinas;SP;Sao Paulo;-22,9053;-47,0659;10;0;10;;05;;3999;Micro Porte;Baixa/Media Complexidade;0,0
9816658;351620;Franca;SP;Sao Paulo;-20,5352;-47,4039;6;6;0;;70;;1244;Micro Porte;Baixa/Media Complexidade;100,0
9838074;354870;São Bernardo do Campo;SP;Sao Paulo;-23,6914;-46,5646;20;0;20;;36;;3999;Pequeno Porte;Baixa/Media Complexidade;0,0
9843590;351030;Capela do Alto;SP;Sao Paulo;-23,4685;-47,7388;45;0;45;;36;;2062;Pequeno Porte;Baixa/Media Complexidade;0,0
9866205;350410;Atibaia;SP;Sao Paulo;-23,1171;-46,5563;40;0;40;;07;;2062;Pequeno Porte;Baixa/Media Complexidade;0,0
9868682;351970;Ibiúna;SP;Sao Paulo;-23,6596;-47,223;27;0;27;;07;;2062;Pequeno Porte;Baixa/Media Complexidade;0,0
9893911;355030;São Paulo;SP;Sao Paulo;-23,5329;-46,6395;3;0;3;;36;;2062;Micro Porte;Baixa/Media Complexidade;0,0
9898565;354990;São José dos Campos;SP;Sao Paulo;-23,1896;-45,8841;4;4;0;;62;;2062;Micro Porte;Baixa/Media Complexidade;100,0
9915354;350600;Bauru;SP;Sao Paulo;-22,3246;-49,0871;38;0;38;;05;;2054;Pequeno Porte;Baixa/Media Complexidade;0,0
9917497;355030;São Paulo;SP;Sao Paulo;-23,5329;-46,6395;36;0;36;;36;;2062;Pequeno Porte;Baixa/Media Complexidade;0,0
9929991;351500;Embu das Artes;SP;Sao Paulo;-23,6437;-46,8579;150;0;150;;07;;2054;Grande Porte;Baixa/Media Complexidade;0,0
9933247;355060;São Roque;SP;Sao Paulo;-23,5226;-47,1357;3;0;3;;83;;2062;Micro Porte;Baixa/Media Complexidade;0,0
9941487;354990;São José dos Campos;SP;Sao Paulo;-23,1896;-45,8841;46;0;46;;05;;2054;Pequeno Porte;Baixa/Media Complexidade;0,0
9950931;355030;São Paulo;SP;Sao Paulo;-23,5329;-46,6395;70;70;0;;62;;1031;Medio Porte;Baixa/Media Complexidade;100,0
9955399;355030;São Paulo;SP;Sao Paulo;-23,5329;-46,6395;1;0;1;;36;;2062;Micro Porte;Baixa/Media Complexidade;0,0
9966900;355060;São Roque;SP;Sao Paulo;-23,5226;-47,1357;56;0;56;;05;;2062;Medio Porte;Baixa/Media Complexidade;0,0
9989757;354990;São José dos Campos;SP;Sao Paulo;-23,1896;-45,8841;15;0;15;;07;;3999;Pequeno Porte;Baixa/Media Complexidade;0,0
9997032;352250;Itapevi;SP;Sao Paulo;-23,5488;-46,9327;120;0;120;;05;;2062;Medio Porte;Baixa/Media Complexidade;0,0
