id_hospital;nome_hospital;codigo_municipio;nome_municipio_hospital;uf_hospital;estado_hospital;latitude_hospital;longitude_hospital;leitos_totais;leitos_sus;leitos_nao_sus;tipo_unidade;nivel_hierarquico;natureza_juridica;porte_hospitalar;alta_complexidade;percentual_sus
0008028;Hospital CNES 0008028;353440;Osasco;SP;Sao Paulo;-23,5324;-46,7916;2700;2412;288;05;;1244;Grande Porte;Baixa/Media Complexidade;89,33
0008036;Hospital CNES 0008036;353440;Osasco;SP;Sao Paulo;-23,5324;-46,7916;2196;2100;96;07;;1244;Grande Porte;Baixa/Media Complexidade;95,63
0008052;Hospital CNES 0008052;353440;Osasco;SP;Sao Paulo;-23,5324;-46,7916;3000;3000;0;05;;1023;Grande Porte;Baixa/Media Complexidade;100,0
0008087;Hospital CNES 0008087;353440;Osasco;SP;Sao Paulo;-23,5324;-46,7916;264;264;0;20;;1244;Grande Porte;Baixa/Media Complexidade;100,0
0008141;Hospital CNES 0008141;353440;Osasco;SP;Sao Paulo;-23,5324;-46,7916;144;144;0;20;;1244;Medio Porte;Baixa/Media Complexidade;100,0
0008494;Hospital CNES 0008494;354780;Santo André;SP;Sao Paulo;-23,6737;-46,5432;384;384;0;73;;1244;Grande Porte;Baixa/Media Complexidade;100,0
0008516;Hospital CNES 0008516;354780;Santo André;SP;Sao Paulo;-23,6737;-46,5432;84;84;0;70;;1244;Medio Porte;Baixa/Media Complexidade;100,0
0008729;Hospital CNES 0008729;354780;Santo André;SP;Sao Paulo;-23,6737;-46,5432;96;96;0;70;;1244;Medio Porte;Baixa/Media Complexidade;100,0
0008796;Hospital CNES 0008796;354780;Santo André;SP;Sao Paulo;-23,6737;-46,5432;120;120;0;70;;1244;Medio Porte;Baixa/Media Complexidade;100,0
0008923;Hospital CNES 0008923;354780;Santo André;SP;Sao Paulo;-23,6737;-46,5432;3552;3552;0;05;;1244;Grande Porte;Baixa/Media Complexidade;100,0
0009164;Hospital CNES 0009164;354990;São José dos Campos;SP;Sao Paulo;-23,1896;-45,8841;28;28;0;15;;1244;Pequeno Porte;Baixa/Media Complexidade;100,0
0009539;Hospital CNES 0009539;354990;São José dos Campos;SP;Sao Paulo;-23,1896;-45,8841;648;60;588;05;;3999;Grande Porte;Baixa/Media Complexidade;9,26
0009601;Hospital CNES 0009601;354990;São José dos Campos;SP;Sao Paulo;-23,1896;-45,8841;1044;864;180;05;;3999;Grande Porte;Baixa/Media Complexidade;82,76
0009628;Hospital CNES 0009628;354990;São José dos Campos;SP;Sao Paulo;-23,1896;-45,8841;4638;4638;0;05;;1244;Grande Porte;Baixa/Media Complexidade;100,0
0009636;Hospital CNES 0009636;354990;São José dos Campos;SP;Sao Paulo;-23,1896;-45,8841;2088;0;2088;07;;3999;Grande Porte;Baixa/Media Complexidade;0,0
0009695;Hospital CNES 0009695;354990;São José dos Campos;SP;Sao Paulo;-23,1896;-45,8841;72;72;0;62;;1244;Medio Porte;Baixa/Media Complexidade;100,0
0021520;Hospital CNES 0021520;354780;Santo André;SP;Sao Paulo;-23,6737;-46,5432;384;384;0;73;;1244;Grande Porte;Baixa/Media Complexidade;100,0
0024228;Hospital CNES 0024228;354780;Santo André;SP;Sao Paulo;-23,6737;-46,5432;420;420;0;73;;1244;Grande Porte;Baixa/Media Complexidade;100,0
0026417;Hospital CNES 0026417;354990;São José dos Campos;SP;Sao Paulo;-23,1896;-45,8841;528;528;0;05;;1244;Grande Porte;Baixa/Media Complexidade;100,0
0042021;Hospital CNES 0042021;350850;Caçapava;SP;Sao Paulo;-23,0992;-45,7076;120;0;120;07;;2062;Medio Porte;Baixa/Media Complexidade;0,0
0075426;Hospital CNES 0075426;355030;São Paulo;SP;Sao Paulo;-23,5329;-46,6395;324;0;324;62;;2062;Grande Porte;Baixa/Media Complexidade;0,0
0080470;Hospital CNES 0080470;354340;Ribeirão Preto;SP;Sao Paulo;-21,1699;-47,8099;240;0;240;05;;3999;Grande Porte;Baixa/Media Complexidade;0,0
0081825;Hospital CNES 0081825;350750;Botucatu;SP;Sao Paulo;-22,8837;-48,4437;960;0;960;05;;2143;Grande Porte;Baixa/Media Complexidade;0,0
0092894;Hospital CNES 0092894;351050;Caraguatatuba;SP;Sao Paulo;-23,6125;-45,4125;2412;2412;0;05;;1023;Grande Porte;Baixa/Media Complexidade;100,0
0102075;Hospital CNES 0102075;355030;São Paulo;SP;Sao Paulo;-23,5329;-46,6395;1356;1116;240;05;;1031;Grande Porte;Baixa/Media Complexidade;82,3
0102105;Hospital CNES 0102105;355030;São Paulo;SP;Sao Paulo;-23,5329;-46,6395;3433;3093;340;05;;1031;Grande Porte;Baixa/Media Complexidade;90,1
0115509;Hospital CNES 0115509;352850;Mairiporã;SP;Sao Paulo;-23,3171;-46,5897;420;420;0;05;;1244;Grande Porte;Baixa/Media Complexidade;100,0
0127604;Hospital CNES 0127604;350570;Barueri;SP;Sao Paulo;-23,5057;-46,879;724;724;0;05;;1244;Grande Porte;Baixa/Media Complexidade;100,0
0133647;Hospital CNES 0133647;350570;Barueri;SP;Sao Paulo;-23,5057;-46,879;96;0;96;62;;2062;Medio Porte;Baixa/Media Complexidade;0,0
0136328;Hospital CNES 0136328;353800;Pindamonhangaba;SP;Sao Paulo;-22,9246;-45,4613;24;24;0;15;;1244;Pequeno Porte;Baixa/Media Complexidade;100,0
0155993;Hospital CNES 0155993;355250;Suzano;SP;Sao Paulo;-23,5448;-46,3112;132;0;132;36;;2062;Medio Porte;Baixa/Media Complexidade;0,0
0161438;Hospital CNES 0161438;355030;São Paulo;SP;Sao Paulo;-23,5329;-46,6395;2592;2232;360;05;;1031;Grande Porte;Baixa/Media Complexidade;86,11
0181145;Hospital CNES 0181145;350290;Araçoiaba da Serra;SP;Sao Paulo;-23,5029;-47,6166;328;41;287;07;;2062;Grande Porte;Baixa/Media Complexidade;12,5
0204714;Hospital CNES 0204714;354870;São Bernardo do Campo;SP;Sao Paulo;-23,6914;-46,5646;48;0;48;62;;2062;Pequeno Porte;Baixa/Media Complexidade;0,0
0210617;Hospital CNES 0210617;353870;Piracicaba;SP;Sao Paulo;-22,7338;-47,6476;12;0;12;62;;2054;Micro Porte;Baixa/Media Complexidade;0,0
0235385;Hospital CNES 0235385;354870;São Bernardo do Campo;SP;Sao Paulo;-23,6914;-46,5646;96;0;96;07;;2062;Medio Porte;Baixa/Media Complexidade;0,0
0245739;Hospital CNES 0245739;355410;Taubaté;SP;Sao Paulo;-23,0104;-45,5593;12;0;12;36;;2062;Micro Porte;Baixa/Media Complexidade;0,0
0249033;Hospital CNES 0249033;350280;Araçatuba;SP;Sao Paulo;-21,2076;-50,4401;216;0;216;62;;2062;Grande Porte;Baixa/Media Complexidade;0,0
0255661;Hospital CNES 0255661;355030;São Paulo;SP;Sao Paulo;-23,5329;-46,6395;2388;0;2388;05;;2054;Grande Porte;Baixa/Media Complexidade;0,0
0263192;Hospital CNES 0263192;355030;São Paulo;SP;Sao Paulo;-23,5329;-46,6395;2046;0;2046;05;;2062;Grande Porte;Baixa/Media Complexidade;0,0
0265187;Hospital CNES 0265187;355070;São Sebastião;SP;Sao Paulo;-23,7951;-45,4143;231;231;0;05;;1244;Grande Porte;Baixa/Media Complexidade;100,0
0274518;Hospital CNES 0274518;355030;São Paulo;SP;Sao Paulo;-23,5329;-46,6395;8;8;0;36;;2062;Micro Porte;Baixa/Media Complexidade;100,0
0285641;Hospital CNES 0285641;350410;Atibaia;SP;Sao Paulo;-23,1171;-46,5563;348;0;348;07;;2062;Grande Porte;Baixa/Media Complexidade;0,0
0297607;Hospital CNES 0297607;350210;Andradina;SP;Sao Paulo;-20,8948;-51,3786;12;0;12;07;;2062;Micro Porte;Baixa/Media Complexidade;0,0
0381454;Hospital CNES 0381454;354990;São José dos Campos;SP;Sao Paulo;-23,1896;-45,8841;12;0;12;21;;2062;Micro Porte;Baixa/Media Complexidade;0,0
0393290;Hospital CNES 0393290;355030;São Paulo;SP;Sao Paulo;-23,5329;-46,6395;506;0;506;05;;2062;Grande Porte;Baixa/Media Complexidade;0,0
0404853;Hospital CNES 0404853;350950;Campinas;SP;Sao Paulo;-22,9053;-47,0659;288;288;0;36;;1023;Grande Porte;Baixa/Media Complexidade;100,0
0414808;Hospital CNES 0414808;355030;São Paulo;SP;Sao Paulo;-23,5329;-46,6395;84;0;84;05;;2062;Medio Porte;Baixa/Media Complexidade;0,0
0415588;Hospital CNES 0415588;350600;Bauru;SP;Sao Paulo;-22,3246;-49,0871;900;0;900;36;;2062;Grande Porte;Baixa/Media Complexidade;0,0
0419214;Hospital CNES 0419214;350600;Bauru;SP;Sao Paulo;-22,3246;-49,0871;36;0;36;05;;2054;Pequeno Porte;Baixa/Media Complexidade;0,0
0424870;Hospital CNES 0424870;351170;Charqueada;SP;Sao Paulo;-22,5096;-47,7755;4;0;4;05;;2062;Micro Porte;Baixa/Media Complexidade;0,0
0466573;Hospital CNES 0466573;355030;São Paulo;SP;Sao Paulo;-23,5329;-46,6395;72;72;0;70;;1031;Medio Porte;Baixa/Media Complexidade;100,0
0469734;Hospital CNES 0469734;355030;São Paulo;SP;Sao Paulo;-23,5329;-46,6395;132;0;132;62;;3999;Medio Porte;Baixa/Media Complexidade;0,0
0473561;Hospital CNES 0473561;355250;Suzano;SP;Sao Paulo;-23,5448;-46,3112;1332;0;1332;05;;2062;Grande Porte;Baixa/Media Complexidade;0,0
0478474;Hospital CNES 0478474;355030;São Paulo;SP;Sao Paulo;-23,5329;-46,6395;60;0;60;20;;2062;Medio Porte;Baixa/Media Complexidade;0,0
0507733;Hospital CNES 0507733;355030;São Paulo;SP;Sao Paulo;-23,5329;-46,6395;168;0;168;05;;2062;Grande Porte;Baixa/Media Complexidade;0,0
0561096;Hospital CNES 0561096;351130;Cedral;SP;Sao Paulo;-20,9009;-49,2664;360;0;360;15;;2062;Grande Porte;Baixa/Media Complexidade;0,0
0605484;Hospital CNES 0605484;355220;Sorocaba;SP;Sao Paulo;-23,4969;-47,4451;1588;375;1213;05;;2062;Grande Porte;Baixa/Media Complexidade;23,61
0643092;Hospital CNES 0643092;355240;Sumaré;SP;Sao Paulo;-22,8204;-47,2728;48;0;48;73;;2054;Pequeno Porte;Baixa/Media Complexidade;0,0
0647101;Hospital CNES 0647101;353930;Pirassununga;SP;Sao Paulo;-21,996;-47,4257;84;84;0;73;;1244;Medio Porte;Baixa/Media Complexidade;100,0
0652601;Hospital CNES 0652601;354580;Santa Bárbara d'Oeste;SP;Sao Paulo;-22,7553;-47,4143;384;0;384;05;;2062;Grande Porte;Baixa/Media Complexidade;0,0
0653101;Hospital CNES 0653101;352940;Mauá;SP;Sao Paulo;-23,6677;-46,4613;1320;0;1320;05;;2062;Grande Porte;Baixa/Media Complexidade;0,0
0663913;Hospital CNES 0663913;355030;São Paulo;SP;Sao Paulo;-23,5329;-46,6395;240;0;240;05;;3999;Grande Porte;Baixa/Media Complexidade;0,0
0684910;Hospital CNES 0684910;354850;Santos;SP;Sao Paulo;-23,9535;-46,335;492;0;492;05;;2143;Grande Porte;Baixa/Media Complexidade;0,0
0701394;Hospital CNES 0701394;355030;São Paulo;SP;Sao Paulo;-23,5329;-46,6395;732;0;732;05;;2062;Grande Porte;Baixa/Media Complexidade;0,0
0749990;Hospital CNES 0749990;350115;Alumínio;SP;Sao Paulo;-23,5306;-47,2546;1440;0;1440;36;;2062;Grande Porte;Baixa/Media Complexidade;0,0
0789585;Hospital CNES 0789585;352530;Jaú;SP;Sao Paulo;-22,2936;-48,5592;1440;0;1440;05;;2143;Grande Porte;Baixa/Media Complexidade;0,0
0830488;Hospital CNES 0830488;354995;São Lourenço da Serra;SP;Sao Paulo;-23,8491;-46,9432;720;0;720;36;;3999;Grande Porte;Baixa/Media Complexidade;0,0
0837164;Hospital CNES 0837164;350550;Barretos;SP;Sao Paulo;-20,5531;-48,5698;228;0;228;05;;2062;Grande Porte;Baixa/Media Complexidade;0,0
0852554;Hospital CNES 0852554;351050;Caraguatatuba;SP;Sao Paulo;-23,6125;-45,4125;12;12;0;62;;2062;Micro Porte;Baixa/Media Complexidade;100,0
0864560;Hospital CNES 0864560;353950;Pitangueiras;SP;Sao Paulo;-21,0132;-48,221;72;0;72;05;;2054;Medio Porte;Baixa/Media Complexidade;0,0
0868949;Hospital CNES 0868949;355030;São Paulo;SP;Sao Paulo;-23,5329;-46,6395;408;0;408;36;;2062;Grande Porte;Baixa/Media Complexidade;0,0
0894834;Hospital CNES 0894834;355030;São Paulo;SP;Sao Paulo;-23,5329;-46,6395;240;0;240;69;;2062;Grande Porte;Baixa/Media Complexidade;0,0
0894842;Hospital CNES 0894842;355030;São Paulo;SP;Sao Paulo;-23,5329;-46,6395;120;0;120;69;;2062;Medio Porte;Baixa/Media Complexidade;0,0
0908363;Hospital CNES 0908363;355030;São Paulo;SP;Sao Paulo;-23,5329;-46,6395;600;0;600;69;;2062;Grande Porte;Baixa/Media Complexidade;0,0
0911046;Hospital CNES 0911046;355480;Tremembé;SP;Sao Paulo;-22,9571;-45,5475;120;0;120;07;;2062;Medio Porte;Baixa/Media Complexidade;0,0
0911437;Hospital CNES 0911437;354970;São José do Rio Pardo;SP;Sao Paulo;-21,5953;-46,8873;144;0;144;05;;2143;Medio Porte;Baixa/Media Complexidade;0,0
0923478;Hospital CNES 0923478;353860;Piracaia;SP;Sao Paulo;-23,0525;-46,3594;168;0;168;36;;2062;Grande Porte;Baixa/Media Complexidade;0,0
0932760;Hospital CNES 0932760;350290;Araçoiaba da Serra;SP;Sao Paulo;-23,5029;-47,6166;48;8;40;07;;2062;Pequeno Porte;Baixa/Media Complexidade;16,67
0940402;Hospital CNES 0940402;354880;São Caetano do Sul;SP;Sao Paulo;-23,6229;-46,5548;2160;0;2160;05;;2062;Grande Porte;Baixa/Media Complexidade;0,0
0940623;Hospital CNES 0940623;353760;Peruíbe;SP;Sao Paulo;-24,312;-47,0012;36;0;36;36;;2062;Pequeno Porte;Baixa/Media Complexidade;0,0
0953652;Hospital CNES 0953652;351970;Ibiúna;SP;Sao Paulo;-23,6596;-47,223;168;0;168;36;;2062;Grande Porte;Baixa/Media Complexidade;0,0
0953709;Hospital CNES 0953709;355030;São Paulo;SP;Sao Paulo;-23,5329;-46,6395;96;96;0;70;;1031;Medio Porte;Baixa/Media Complexidade;100,0
0955736;Hospital CNES 0955736;355030;São Paulo;SP;Sao Paulo;-23,5329;-46,6395;764;0;764;05;;2062;Grande Porte;Baixa/Media Complexidade;0,0
0962589;Hospital CNES 0962589;354890;São Carlos;SP;Sao Paulo;-22,0174;-47,886;948;0;948;05;;2143;Grande Porte;Baixa/Media Complexidade;0,0
0993956;Hospital CNES 0993956;355030;São Paulo;SP;Sao Paulo;-23,5329;-46,6395;2760;0;2760;05;;2046;Grande Porte;Baixa/Media Complexidade;0,0
2022621;Hospital CNES 2022621;350950;Campinas;SP;Sao Paulo;-22,9053;-47,0659;2928;1467;1461;05;;3999;Grande Porte;Baixa/Media Complexidade;50,1
2022648;Hospital CNES 2022648;350950;Campinas;SP;Sao Paulo;-22,9053;-47,0659;1736;806;930;05;;3999;Grande Porte;Baixa/Media Complexidade;46,43
2023016;Hospital CNES 2023016;350940;Cajuru;SP;Sao Paulo;-21,2749;-47,303;876;660;216;05;;3999;Grande Porte;Baixa/Media Complexidade;75,34
2023105;Hospital CNES 2023105;350950;Campinas;SP;Sao Paulo;-22,9053;-47,0659;96;96;0;70;;1244;Medio Porte;Baixa/Media Complexidade;100,0
2023113;Hospital CNES 2023113;350950;Campinas;SP;Sao Paulo;-22,9053;-47,0659;96;96;0;70;;1244;Medio Porte;Baixa/Media Complexidade;100,0
2023148;Hospital CNES 2023148;350950;Campinas;SP;Sao Paulo;-22,9053;-47,0659;2160;0;2160;05;;3999;Grande Porte;Baixa/Media Complexidade;0,0
2023350;Hospital CNES 2023350;350950;Campinas;SP;Sao Paulo;-22,9053;-47,0659;60;60;0;36;;1244;Medio Porte;Baixa/Media Complexidade;100,0
2023407;Hospital CNES 2023407;350950;Campinas;SP;Sao Paulo;-22,9053;-47,0659;96;96;0;70;;1244;Medio Porte;Baixa/Media Complexidade;100,0
2023431;Hospital CNES 2023431;350950;Campinas;SP;Sao Paulo;-22,9053;-47,0659;96;96;0;70;;1244;Medio Porte;Baixa/Media Complexidade;100,0
2023474;Hospital CNES 2023474;352470;Jaguariúna;SP;Sao Paulo;-22,7037;-46,9851;1224;1188;36;05;;1244;Grande Porte;Baixa/Media Complexidade;97,06
2023512;Hospital CNES 2023512;350950;Campinas;SP;Sao Paulo;-22,9053;-47,0659;444;0;444;05;;2062;Grande Porte;Baixa/Media Complexidade;0,0
2023547;Hospital CNES 2023547;350950;Campinas;SP;Sao Paulo;-22,9053;-47,0659;96;96;0;70;;1244;Medio Porte;Baixa/Media Complexidade;100,0
2023709;Hospital CNES 2023709;352340;Itatiba;SP;Sao Paulo;-23,0035;-46,8464;1440;888;552;05;;3999;Grande Porte;Baixa/Media Complexidade;61,67
2023865;Hospital CNES 2023865;352420;Jaborandi;SP;Sao Paulo;-20,6884;-48,4112;204;204;0;05;;1244;Grande Porte;Baixa/Media Complexidade;100,0
2024438;Hospital CNES 2024438;353110;Mongaguá;SP;Sao Paulo;-24,0809;-46,6265;432;432;0;05;;1244;Grande Porte;Baixa/Media Complexidade;100,0
2024624;Hospital CNES 2024624;350400;Assis;SP;Sao Paulo;-22,66;-50,4183;780;0;780;05;;2054;Grande Porte;Baixa/Media Complexidade;0,0
2024632;Hospital CNES 2024632;352690;Limeira;SP;Sao Paulo;-22,566;-47,397;960;0;960;05;;2143;Grande Porte;Baixa/Media Complexidade;0,0
2024691;Hospital CNES 2024691;351340;Cruzeiro;SP;Sao Paulo;-22,5728;-44,969;1620;1212;408;05;;3999;Grande Porte;Baixa/Media Complexidade;74,81
2024756;Hospital CNES 2024756;350850;Caçapava;SP;Sao Paulo;-23,0992;-45,7076;922;888;34;05;;3069;Grande Porte;Baixa/Media Complexidade;96,31
2024772;Hospital CNES 2024772;350860;Cachoeira Paulista;SP;Sao Paulo;-22,6665;-45,0154;379;379;0;05;;3999;Grande Porte;Baixa/Media Complexidade;100,0
2025361;Hospital CNES 2025361;354870;São Bernardo do Campo;SP;Sao Paulo;-23,6914;-46,5646;1168;1168;0;05;;1244;Grande Porte;Baixa/Media Complexidade;100,0
2025477;Hospital CNES 2025477;352430;Jaboticabal;SP;Sao Paulo;-21,252;-48,3252;1032;588;444;05;;3999;Grande Porte;Baixa/Media Complexidade;56,98
2025507;Hospital CNES 2025507;352900;Marília;SP;Sao Paulo;-22,2171;-49,9501;4020;3780;240;05;;3069;Grande Porte;Baixa/Media Complexidade;94,03
2025752;Hospital CNES 2025752;354850;Santos;SP;Sao Paulo;-23,9535;-46,335;6472;3065;3407;05;;3999;Grande Porte;Baixa/Media Complexidade;47,36
2025760;Hospital CNES 2025760;354850;Santos;SP;Sao Paulo;-23,9535;-46,335;2688;0;2688;05;;2054;Grande Porte;Baixa/Media Complexidade;0,0
2026074;Hospital CNES 2026074;352440;Jacareí;SP;Sao Paulo;-23,2983;-45,9658;336;0;336;05;;2054;Grande Porte;Baixa/Media Complexidade;0,0
2026112;Hospital CNES 2026112;352440;Jacareí;SP;Sao Paulo;-23,2983;-45,9658;594;0;594;05;;2062;Grande Porte;Baixa/Media Complexidade;0,0
2026805;Hospital CNES 2026805;351860;Guariba;SP;Sao Paulo;-21,3594;-48,2316;732;636;96;05;;3999;Grande Porte;Baixa/Media Complexidade;86,89
2027186;Hospital CNES 2027186;352240;Itapeva;SP;Sao Paulo;-23,9788;-48,8764;1836;1524;312;05;;3999;Grande Porte;Baixa/Media Complexidade;83,01
2027240;Hospital CNES 2027240;355030;São Paulo;SP;Sao Paulo;-23,5329;-46,6395;48;48;0;62;;1031;Pequeno Porte;Baixa/Media Complexidade;100,0
2027348;Hospital CNES 2027348;354870;São Bernardo do Campo;SP;Sao Paulo;-23,6914;-46,5646;2040;0;2040;07;;3999;Grande Porte;Baixa/Media Complexidade;0,0
2027356;Hospital CNES 2027356;354870;São Bernardo do Campo;SP;Sao Paulo;-23,6914;-46,5646;1574;1572;2;05;;1244;Grande Porte;Baixa/Media Complexidade;99,87
2027658;Hospital CNES 2027658;355030;São Paulo;SP;Sao Paulo;-23,5329;-46,6395;72;72;0;70;;1031;Medio Porte;Baixa/Media Complexidade;100,0
2028204;Hospital CNES 2028204;353130;Monte Alto;SP;Sao Paulo;-21,2655;-48,4971;1068;720;348;05;;3999;Grande Porte;Baixa/Media Complexidade;67,42
2028239;Hospital CNES 2028239;355430;Teodoro Sampaio;SP;Sao Paulo;-22,5299;-52,1682;696;624;72;05;;3999;Grande Porte;Baixa/Media Complexidade;89,66
2028840;Hospital CNES 2028840;355030;São Paulo;SP;Sao Paulo;-23,5329;-46,6395;3398;3398;0;05;;1023;Grande Porte;Baixa/Media Complexidade;100,0
2029626;Hospital CNES 2029626;355030;São Paulo;SP;Sao Paulo;-23,5329;-46,6395;96;96;0;70;;1031;Medio Porte;Baixa/Media Complexidade;100,0
2031884;Hospital CNES 2031884;354390;Rio Claro;SP;Sao Paulo;-22,3984;-47,5546;96;96;0;70;;1155;Medio Porte;Baixa/Media Complexidade;100,0
2032104;Hospital CNES 2032104;352940;Mauá;SP;Sao Paulo;-23,6677;-46,4613;96;96;0;70;;1244;Medio Porte;Baixa/Media Complexidade;100,0
2032236;Hospital CNES 2032236;355030;São Paulo;SP;Sao Paulo;-23,5329;-46,6395;88;0;88;05;;2054;Medio Porte;Baixa/Media Complexidade;0,0
2032481;Hospital CNES 2032481;355030;São Paulo;SP;Sao Paulo;-23,5329;-46,6395;1152;0;1152;05;;2062;Grande Porte;Baixa/Media Complexidade;0,0
2033003;Hospital CNES 2033003;353440;Osasco;SP;Sao Paulo;-23,5324;-46,7916;48;0;48;62;;2062;Pequeno Porte;Baixa/Media Complexidade;0,0
2034417;Hospital CNES 2034417;351380;Diadema;SP;Sao Paulo;-23,6813;-46,6205;144;144;0;70;;1244;Medio Porte;Baixa/Media Complexidade;100,0
2034670;Hospital CNES 2034670;355250;Suzano;SP;Sao Paulo;-23,5448;-46,3112;12;12;0;73;;1244;Micro Porte;Baixa/Media Complexidade;100,0
2035723;Hospital CNES 2035723;351840;Guaratinguetá;SP;Sao Paulo;-22,8075;-45,1938;468;60;408;05;;2062;Grande Porte;Baixa/Media Complexidade;12,82
2037297;Hospital CNES 2037297;350380;Artur Nogueira;SP;Sao Paulo;-22,5727;-47,1727;144;144;0;05;;1244;Medio Porte;Baixa/Media Complexidade;100,0
2038048;Hospital CNES 2038048;354690;Santa Lúcia;SP;Sao Paulo;-21,685;-48,0885;96;0;96;20;;1244;Medio Porte;Baixa/Media Complexidade;0,0
2038315;Hospital CNES 2038315;355040;São Pedro;SP;Sao Paulo;-22,5483;-47,9096;12;12;0;15;;1244;Micro Porte;Baixa/Media Complexidade;100,0
2038447;Hospital CNES 2038447;352100;Iperó;SP;Sao Paulo;-23,3513;-47,6927;180;180;0;20;;1244;Grande Porte;Baixa/Media Complexidade;100,0
2039001;Hospital CNES 2039001;355250;Suzano;SP;Sao Paulo;-23,5448;-46,3112;185;185;0;20;;1244;Grande Porte;Baixa/Media Complexidade;100,0
2039672;Hospital CNES 2039672;350950;Campinas;SP;Sao Paulo;-22,9053;-47,0659;84;84;0;70;;1244;Medio Porte;Baixa/Media Complexidade;100,0
2040069;Hospital CNES 2040069;351880;Guarulhos;SP;Sao Paulo;-23,4538;-46,5333;1570;1570;0;07;;3999;Grande Porte;Baixa/Media Complexidade;100,0
2040484;Hospital CNES 2040484;354850;Santos;SP;Sao Paulo;-23,9535;-46,335;72;72;0;70;;1244;Medio Porte;Baixa/Media Complexidade;100,0
2040573;Hospital CNES 2040573;352050;Indaiatuba;SP;Sao Paulo;-23,0816;-47,2101;192;192;0;62;;1244;Grande Porte;Baixa/Media Complexidade;100,0
2040808;Hospital CNES 2040808;355030;São Paulo;SP;Sao Paulo;-23,5329;-46,6395;72;72;0;70;;1031;Medio Porte;Baixa/Media Complexidade;100,0
2042894;Hospital CNES 2042894;354850;Santos;SP;Sao Paulo;-23,9535;-46,335;312;312;0;20;;1244;Grande Porte;Baixa/Media Complexidade;100,0
2043319;Hospital CNES 2043319;351110;Catanduva;SP;Sao Paulo;-21,1314;-48,977;24;12;12;62;;2062;Pequeno Porte;Baixa/Media Complexidade;50,0
2043351;Hospital CNES 2043351;351110;Catanduva;SP;Sao Paulo;-21,1314;-48,977;24;8;16;62;;2062;Pequeno Porte;Baixa/Media Complexidade;33,33
2043580;Hospital CNES 2043580;351620;Franca;SP;Sao Paulo;-20,5352;-47,4039;432;432;0;20;;1244;Grande Porte;Baixa/Media Complexidade;100,0
2048132;Hospital CNES 2048132;350600;Bauru;SP;Sao Paulo;-22,3246;-49,0871;12;0;12;07;;2062;Micro Porte;Baixa/Media Complexidade;0,0
2051788;Hospital CNES 2051788;351380;Diadema;SP;Sao Paulo;-23,6813;-46,6205;216;216;0;70;;1244;Grande Porte;Baixa/Media Complexidade;100,0
2052415;Hospital CNES 2052415;354850;Santos;SP;Sao Paulo;-23,9535;-46,335;60;60;0;70;;1244;Medio Porte;Baixa/Media Complexidade;100,0
2052431;Hospital CNES 2052431;354850;Santos;SP;Sao Paulo;-23,9535;-46,335;72;72;0;70;;1244;Medio Porte;Baixa/Media Complexidade;100,0
2052474;Hospital CNES 2052474;354980;São José do Rio Preto;SP;Sao Paulo;-20,8113;-49,3758;12;0;12;05;;2143;Micro Porte;Baixa/Media Complexidade;0,0
2053500;Hospital CNES 2053500;353150;Monte Azul Paulista;SP;Sao Paulo;-20,9065;-48,6387;480;300;180;05;;3999;Grande Porte;Baixa/Media Complexidade;62,5
2053519;Hospital CNES 2053519;353150;Monte Azul Paulista;SP;Sao Paulo;-20,9065;-48,6387;360;312;48;05;;3999;Grande Porte;Baixa/Media Complexidade;86,67
2054515;Hospital CNES 2054515;351880;Guarulhos;SP;Sao Paulo;-23,4538;-46,5333;108;108;0;70;;1244;Medio Porte;Baixa/Media Complexidade;100,0
2055236;Hospital CNES 2055236;355100;São Vicente;SP;Sao Paulo;-23,9574;-46,3883;72;0;72;62;;2062;Medio Porte;Baixa/Media Complexidade;0,0
2055260;Hospital CNES 2055260;354980;São José do Rio Preto;SP;Sao Paulo;-20,8113;-49,3758;12;0;12;62;;2062;Micro Porte;Baixa/Media Complexidade;0,0
2058243;Hospital CNES 2058243;355090;São Simão;SP;Sao Paulo;-21,4732;-47,5518;480;432;48;05;;3999;Grande Porte;Baixa/Media Complexidade;90,0
2058308;Hospital CNES 2058308;353340;Nova Odessa;SP;Sao Paulo;-22,7832;-47,2941;455;420;35;05;;1244;Grande Porte;Baixa/Media Complexidade;92,31
2058332;Hospital CNES 2058332;350600;Bauru;SP;Sao Paulo;-22,3246;-49,0871;948;948;0;05;;1023;Grande Porte;Baixa/Media Complexidade;100,0
2058340;Hospital CNES 2058340;354190;Queluz;SP;Sao Paulo;-22,5312;-44,7781;228;228;0;05;;1244;Grande Porte;Baixa/Media Complexidade;100,0
2058391;Hospital CNES 2058391;355030;São Paulo;SP;Sao Paulo;-23,5329;-46,6395;8028;336;7692;05;;3999;Grande Porte;Baixa/Media Complexidade;4,19
2058405;Hospital CNES 2058405;355200;Silveiras;SP;Sao Paulo;-22,6638;-44,8522;24;24;0;15;;1244;Pequeno Porte;Baixa/Media Complexidade;100,0
2058502;Hospital CNES 2058502;355030;São Paulo;SP;Sao Paulo;-23,5329;-46,6395;10632;72;10560;05;;1112;Grande Porte;Baixa/Media Complexidade;0,68
2058618;Hospital CNES 2058618;351110;Catanduva;SP;Sao Paulo;-21,1314;-48,977;12;0;12;62;;2062;Micro Porte;Baixa/Media Complexidade;0,0
2058626;Hospital CNES 2058626;351110;Catanduva;SP;Sao Paulo;-21,1314;-48,977;2208;1656;552;07;;3999;Grande Porte;Baixa/Media Complexidade;75,0
2058782;Hospital CNES 2058782;354140;Presidente Prudente;SP;Sao Paulo;-22,1207;-51,3925;2064;1920;144;07;;3999;Grande Porte;Baixa/Media Complexidade;93,02
2058790;Hospital CNES 2058790;350160;Americana;SP;Sao Paulo;-22,7374;-47,3331;1653;1641;12;05;;1244;Grande Porte;Baixa/Media Complexidade;99,27
2060140;Hospital CNES 2060140;354100;Praia Grande;SP;Sao Paulo;-24,0084;-46,4121;60;0;60;62;;2240;Medio Porte;Baixa/Media Complexidade;0,0
2061562;Hospital CNES 2061562;352940;Mauá;SP;Sao Paulo;-23,6677;-46,4613;156;156;0;73;;1244;Grande Porte;Baixa/Media Complexidade;100,0
2062054;Hospital CNES 2062054;355220;Sorocaba;SP;Sao Paulo;-23,4969;-47,4451;12;12;0;73;;1244;Micro Porte;Baixa/Media Complexidade;100,0
2065606;Hospital CNES 2065606;354850;Santos;SP;Sao Paulo;-23,9535;-46,335;72;72;0;70;;1244;Medio Porte;Baixa/Media Complexidade;100,0
2065665;Hospital CNES 2065665;355030;São Paulo;SP;Sao Paulo;-23,5329;-46,6395;1068;1068;0;07;;1023;Grande Porte;Baixa/Media Complexidade;100,0
2066092;Hospital CNES 2066092;355030;São Paulo;SP;Sao Paulo;-23,5329;-46,6395;3540;3540;0;05;;1023;Grande Porte;Baixa/Media Complexidade;100,0
2066386;Hospital CNES 2066386;352500;Jandira;SP;Sao Paulo;-23,5275;-46,9023;180;0;180;62;;2240;Grande Porte;Baixa/Media Complexidade;0,0
2066572;Hospital CNES 2066572;355030;São Paulo;SP;Sao Paulo;-23,5329;-46,6395;3480;3480;0;05;;1023;Grande Porte;Baixa/Media Complexidade;100,0
2068400;Hospital CNES 2068400;354880;São Caetano do Sul;SP;Sao Paulo;-23,6229;-46,5548;48;0;48;62;;2062;Pequeno Porte;Baixa/Media Complexidade;0,0
2068974;Hospital CNES 2068974;355030;São Paulo;SP;Sao Paulo;-23,5329;-46,6395;228;228;0;62;;1023;Grande Porte;Baixa/Media Complexidade;100,0
2069008;Hospital CNES 2069008;355030;São Paulo;SP;Sao Paulo;-23,5329;-46,6395;72;72;0;62;;1023;Medio Porte;Baixa/Media Complexidade;100,0
2069148;Hospital CNES 2069148;355030;São Paulo;SP;Sao Paulo;-23,5329;-46,6395;72;72;0;70;;1031;Medio Porte;Baixa/Media Complexidade;100,0
2069474;Hospital CNES 2069474;350950;Campinas;SP;Sao Paulo;-22,9053;-47,0659;120;0;120;62;;2062;Medio Porte;Baixa/Media Complexidade;0,0
2069776;Hospital CNES 2069776;354870;São Bernardo do Campo;SP;Sao Paulo;-23,6914;-46,5646;3204;3189;15;05;;1244;Grande Porte;Baixa/Media Complexidade;99,53
2070413;Hospital CNES 2070413;351110;Catanduva;SP;Sao Paulo;-21,1314;-48,977;1512;0;1512;05;;2143;Grande Porte;Baixa/Media Complexidade;0,0
2070502;Hospital CNES 2070502;351030;Capela do Alto;SP;Sao Paulo;-23,4685;-47,7388;98;98;0;73;;1244;Medio Porte;Baixa/Media Complexidade;100,0
2070766;Hospital CNES 2070766;355030;São Paulo;SP;Sao Paulo;-23,5329;-46,6395;1452;1452;0;07;;1023;Grande Porte;Baixa/Media Complexidade;100,0
2070804;Hospital CNES 2070804;355030;São Paulo;SP;Sao Paulo;-23,5329;-46,6395;60;60;0;70;;1031;Medio Porte;Baixa/Media Complexidade;100,0
2071347;Hospital CNES 2071347;355220;Sorocaba;SP;Sao Paulo;-23,4969;-47,4451;72;72;0;70;;1244;Medio Porte;Baixa/Media Complexidade;100,0
2071371;Hospital CNES 2071371;355030;São Paulo;SP;Sao Paulo;-23,5329;-46,6395;1464;1464;0;07;;1023;Grande Porte;Baixa/Media Complexidade;100,0
2071568;Hospital CNES 2071568;355030;São Paulo;SP;Sao Paulo;-23,5329;-46,6395;5484;4680;804;07;;3069;Grande Porte;Baixa/Media Complexidade;85,34
2072033;Hospital CNES 2072033;351510;Embu-Guaçu;SP;Sao Paulo;-23,8297;-46,8136;180;180;0;15;;1244;Grande Porte;Baixa/Media Complexidade;100,0
2072513;Hospital CNES 2072513;354730;Santana de Parnaíba;SP;Sao Paulo;-23,4439;-46,9178;576;552;24;05;;1244;Grande Porte;Baixa/Media Complexidade;95,83
2075717;Hospital CNES 2075717;355030;São Paulo;SP;Sao Paulo;-23,5329;-46,6395;882;750;132;05;;1031;Grande Porte;Baixa/Media Complexidade;85,03
2075962;Hospital CNES 2075962;355030;São Paulo;SP;Sao Paulo;-23,5329;-46,6395;1608;1092;516;05;;3999;Grande Porte;Baixa/Media Complexidade;67,91
2076616;Hospital CNES 2076616;354340;Ribeirão Preto;SP;Sao Paulo;-21,1699;-47,8099;20;0;20;36;;2062;Pequeno Porte;Baixa/Media Complexidade;0,0
2076896;Hospital CNES 2076896;355030;São Paulo;SP;Sao Paulo;-23,5329;-46,6395;2772;2124;648;05;;3999;Grande Porte;Baixa/Media Complexidade;76,62
2076926;Hospital CNES 2076926;355030;São Paulo;SP;Sao Paulo;-23,5329;-46,6395;2472;2472;0;05;;1112;Grande Porte;Baixa/Media Complexidade;100,0
2076942;Hospital CNES 2076942;352350;Itatinga;SP;Sao Paulo;-23,1047;-48,6157;168;84;84;05;;3999;Grande Porte;Baixa/Media Complexidade;50,0
2076950;Hospital CNES 2076950;355030;São Paulo;SP;Sao Paulo;-23,5329;-46,6395;4200;0;4200;05;;3999;Grande Porte;Baixa/Media Complexidade;0,0
2076985;Hospital CNES 2076985;355030;São Paulo;SP;Sao Paulo;-23,5329;-46,6395;1068;1068;0;05;;3999;Grande Porte;Baixa/Media Complexidade;100,0
2077078;Hospital CNES 2077078;351500;Embu das Artes;SP;Sao Paulo;-23,6437;-46,8579;576;576;0;05;;1244;Grande Porte;Baixa/Media Complexidade;100,0
2077124;Hospital CNES 2077124;351060;Carapicuíba;SP;Sao Paulo;-23,5235;-46,8407;204;204;0;15;;1244;Grande Porte;Baixa/Media Complexidade;100,0
2077388;Hospital CNES 2077388;355030;São Paulo;SP;Sao Paulo;-23,5329;-46,6395;1311;1251;60;07;;3999;Grande Porte;Baixa/Media Complexidade;95,42
2077396;Hospital CNES 2077396;354980;São José do Rio Preto;SP;Sao Paulo;-20,8113;-49,3758;13873;9397;4476;05;;3069;Grande Porte;Baixa/Media Complexidade;67,74
2077418;Hospital CNES 2077418;355030;São Paulo;SP;Sao Paulo;-23,5329;-46,6395;1632;1632;0;07;;1023;Grande Porte;Baixa/Media Complexidade;100,0
2077426;Hospital CNES 2077426;355030;São Paulo;SP;Sao Paulo;-23,5329;-46,6395;2628;2628;0;05;;1023;Grande Porte;Baixa/Media Complexidade;100,0
2077434;Hospital CNES 2077434;353620;Pariquera-Açu;SP;Sao Paulo;-24,7147;-47,8742;2142;2142;0;05;;1210;Grande Porte;Baixa/Media Complexidade;100,0
2077450;Hospital CNES 2077450;355030;São Paulo;SP;Sao Paulo;-23,5329;-46,6395;1084;848;236;05;;1031;Grande Porte;Baixa/Media Complexidade;78,23
2077469;Hospital CNES 2077469;355030;São Paulo;SP;Sao Paulo;-23,5329;-46,6395;1788;852;936;05;;3999;Grande Porte;Baixa/Media Complexidade;47,65
2077477;Hospital CNES 2077477;355030;São Paulo;SP;Sao Paulo;-23,5329;-46,6395;8052;6588;1464;05;;3999;Grande Porte;Baixa/Media Complexidade;81,82
2077485;Hospital CNES 2077485;355030;São Paulo;SP;Sao Paulo;-23,5329;-46,6395;10074;9546;528;05;;3999;Grande Porte;Baixa/Media Complexidade;94,76
2077493;Hospital CNES 2077493;355030;São Paulo;SP;Sao Paulo;-23,5329;-46,6395;3012;3012;0;05;;1023;Grande Porte;Baixa/Media Complexidade;100,0
2077507;Hospital CNES 2077507;355030;São Paulo;SP;Sao Paulo;-23,5329;-46,6395;3240;576;2664;05;;2054;Grande Porte;Baixa/Media Complexidade;17,78
2077515;Hospital CNES 2077515;350310;Arandu;SP;Sao Paulo;-23,1386;-49,0487;72;72;0;05;;1244;Medio Porte;Baixa/Media Complexidade;100,0
2077523;Hospital CNES 2077523;355030;São Paulo;SP;Sao Paulo;-23,5329;-46,6395;3768;3747;21;05;;1023;Grande Porte;Baixa/Media Complexidade;99,44
2077531;Hospital CNES 2077531;355030;São Paulo;SP;Sao Paulo;-23,5329;-46,6395;4494;1815;2679;07;;3069;Grande Porte;Baixa/Media Complexidade;40,39
2077558;Hospital CNES 2077558;350050;Águas de Lindóia;SP;Sao Paulo;-22,4733;-46,6314;504;360;144;05;;3999;Grande Porte;Baixa/Media Complexidade;71,43
2077574;Hospital CNES 2077574;355030;São Paulo;SP;Sao Paulo;-23,5329;-46,6395;5028;5028;0;05;;1023;Grande Porte;Baixa/Media Complexidade;100,0
2077582;Hospital CNES 2077582;352680;Lençóis Paulista;SP;Sao Paulo;-22,6027;-48,8037;972;591;381;05;;3999;Grande Porte;Baixa/Media Complexidade;60,8
2077590;Hospital CNES 2077590;355030;São Paulo;SP;Sao Paulo;-23,5329;-46,6395;1952;1140;812;07;;3999;Grande Porte;Baixa/Media Complexidade;58,4
2077604;Hospital CNES 2077604;355030;São Paulo;SP;Sao Paulo;-23,5329;-46,6395;1464;0;1464;05;;2240;Grande Porte;Baixa/Media Complexidade;0,0
2077612;Hospital CNES 2077612;355030;São Paulo;SP;Sao Paulo;-23,5329;-46,6395;2280;0;2280;07;;3999;Grande Porte;Baixa/Media Complexidade;0,0
2077620;Hospital CNES 2077620;355030;São Paulo;SP;Sao Paulo;-23,5329;-46,6395;3984;3984;0;05;;1023;Grande Porte;Baixa/Media Complexidade;100,0
2077639;Hospital CNES 2077639;355030;São Paulo;SP;Sao Paulo;-23,5329;-46,6395;2604;2148;456;05;;1031;Grande Porte;Baixa/Media Complexidade;82,49
2077647;Hospital CNES 2077647;350010;Adamantina;SP;Sao Paulo;-21,682;-51,0737;1452;732;720;05;;3999;Grande Porte;Baixa/Media Complexidade;50,41
2077655;Hospital CNES 2077655;355030;São Paulo;SP;Sao Paulo;-23,5329;-46,6395;1044;324;720;07;;3999;Grande Porte;Baixa/Media Complexidade;31,03
2077671;Hospital CNES 2077671;355030;São Paulo;SP;Sao Paulo;-23,5329;-46,6395;3120;3048;72;05;;1023;Grande Porte;Baixa/Media Complexidade;97,69
2077701;Hospital CNES 2077701;355030;São Paulo;SP;Sao Paulo;-23,5329;-46,6395;2004;2004;0;07;;1023;Grande Porte;Baixa/Media Complexidade;100,0
2077752;Hospital CNES 2077752;355030;São Paulo;SP;Sao Paulo;-23,5329;-46,6395;600;600;0;05;;3999;Grande Porte;Baixa/Media Complexidade;100,0
2077957;Hospital CNES 2077957;355030;São Paulo;SP;Sao Paulo;-23,5329;-46,6395;552;552;0;07;;1023;Grande Porte;Baixa/Media Complexidade;100,0
2077973;Hospital CNES 2077973;354340;Ribeirão Preto;SP;Sao Paulo;-21,1699;-47,8099;1068;12;1056;05;;2054;Grande Porte;Baixa/Media Complexidade;1,12
2078007;Hospital CNES 2078007;355030;São Paulo;SP;Sao Paulo;-23,5329;-46,6395;132;0;132;05;;1015;Medio Porte;Baixa/Media Complexidade;0,0
2078015;Hospital CNES 2078015;355030;São Paulo;SP;Sao Paulo;-23,5329;-46,6395;18516;17712;804;05;;3069;Grande Porte;Baixa/Media Complexidade;95,66
2078031;Hospital CNES 2078031;354340;Ribeirão Preto;SP;Sao Paulo;-21,1699;-47,8099;3265;3265;0;07;;1023;Grande Porte;Baixa/Media Complexidade;100,0
2078066;Hospital CNES 2078066;352590;Jundiaí;SP;Sao Paulo;-23,1852;-46,8974;1788;0;1788;05;;2054;Grande Porte;Baixa/Media Complexidade;0,0
2078074;Hospital CNES 2078074;352670;Leme;SP;Sao Paulo;-22,1809;-47,3841;1344;1020;324;05;;3999;Grande Porte;Baixa/Media Complexidade;75,89
2078082;Hospital CNES 2078082;355030;São Paulo;SP;Sao Paulo;-23,5329;-46,6395;1056;0;1056;05;;2062;Grande Porte;Baixa/Media Complexidade;0,0
2078104;Hospital CNES 2078104;352250;Itapevi;SP;Sao Paulo;-23,5488;-46,9327;3214;3120;94;05;;1023;Grande Porte;Baixa/Media Complexidade;97,08
2078112;Hospital CNES 2078112;354490;Sales Oliveira;SP;Sao Paulo;-20,7696;-47,8369;360;240;120;05;;3999;Grande Porte;Baixa/Media Complexidade;66,67
2078139;Hospital CNES 2078139;354150;Presidente Venceslau;SP;Sao Paulo;-21,8732;-51,8447;1344;864;480;05;;3999;Grande Porte;Baixa/Media Complexidade;64,29
2078147;Hospital CNES 2078147;354140;Presidente Prudente;SP;Sao Paulo;-22,1207;-51,3925;1380;0;1380;05;;2062;Grande Porte;Baixa/Media Complexidade;0,0
2078155;Hospital CNES 2078155;351880;Guarulhos;SP;Sao Paulo;-23,4538;-46,5333;1152;756;396;05;;3999;Grande Porte;Baixa/Media Complexidade;65,62
2078198;Hospital CNES 2078198;354790;Santo Antônio da Alegria;SP;Sao Paulo;-21,0864;-47,1464;108;108;0;15;;1244;Medio Porte;Baixa/Media Complexidade;100,0
2078228;Hospital CNES 2078228;350410;Atibaia;SP;Sao Paulo;-23,1171;-46,5563;1044;0;1044;05;;2054;Grande Porte;Baixa/Media Complexidade;0,0
2078252;Hospital CNES 2078252;350650;Birigui;SP;Sao Paulo;-21,291;-50,3432;1440;912;528;05;;3999;Grande Porte;Baixa/Media Complexidade;63,33
2078287;Hospital CNES 2078287;355030;São Paulo;SP;Sao Paulo;-23,5329;-46,6395;1668;1668;0;07;;1023;Grande Porte;Baixa/Media Complexidade;100,0
2078295;Hospital CNES 2078295;355370;Taquaritinga;SP;Sao Paulo;-21,4049;-48,5103;1656;1056;600;05;;3999;Grande Porte;Baixa/Media Complexidade;63,77
2078325;Hospital CNES 2078325;355030;São Paulo;SP;Sao Paulo;-23,5329;-46,6395;1236;708;528;07;;1031;Grande Porte;Baixa/Media Complexidade;57,28
2078341;Hospital CNES 2078341;353180;Monte Mor;SP;Sao Paulo;-22,945;-47,3122;420;312;108;05;;3999;Grande Porte;Baixa/Media Complexidade;74,29
2078376;Hospital CNES 2078376;350950;Campinas;SP;Sao Paulo;-22,9053;-47,0659;1935;0;1935;05;;2054;Grande Porte;Baixa/Media Complexidade;0,0
2078384;Hospital CNES 2078384;353730;Penápolis;SP;Sao Paulo;-21,4148;-50,0769;696;696;0;07;;3999;Grande Porte;Baixa/Media Complexidade;100,0
2078406;Hospital CNES 2078406;355030;São Paulo;SP;Sao Paulo;-23,5329;-46,6395;1236;0;1236;05;;2062;Grande Porte;Baixa/Media Complexidade;0,0
2078414;Hospital CNES 2078414;351740;Guaíra;SP;Sao Paulo;-20,3196;-48,312;792;621;171;05;;3999;Grande Porte;Baixa/Media Complexidade;78,41
2078422;Hospital CNES 2078422;353710;Pedreira;SP;Sao Paulo;-22,7413;-46,8948;520;440;80;05;;1279;Grande Porte;Baixa/Media Complexidade;84,62
2078430;Hospital CNES 2078430;351550;Fernandópolis;SP;Sao Paulo;-20,2806;-50,2471;168;0;168;05;;2240;Grande Porte;Baixa/Media Complexidade;0,0
2078449;Hospital CNES 2078449;353630;Patrocínio Paulista;SP;Sao Paulo;-20,6384;-47,2801;420;276;144;05;;3999;Grande Porte;Baixa/Media Complexidade;65,71
2078457;Hospital CNES 2078457;355030;São Paulo;SP;Sao Paulo;-23,5329;-46,6395;804;0;804;05;;3999;Grande Porte;Baixa/Media Complexidade;0,0
2078465;Hospital CNES 2078465;350950;Campinas;SP;Sao Paulo;-22,9053;-47,0659;1620;594;1026;05;;3999;Grande Porte;Baixa/Media Complexidade;36,67
2078473;Hospital CNES 2078473;351350;Cubatão;SP;Sao Paulo;-23,8911;-46,424;1672;1656;16;05;;1244;Grande Porte;Baixa/Media Complexidade;99,04
2078481;Hospital CNES 2078481;355030;São Paulo;SP;Sao Paulo;-23,5329;-46,6395;1152;0;1152;05;;2046;Grande Porte;Baixa/Media Complexidade;0,0
2078503;Hospital CNES 2078503;353730;Penápolis;SP;Sao Paulo;-21,4148;-50,0769;1104;888;216;05;;3999;Grande Porte;Baixa/Media Complexidade;80,43
2078511;Hospital CNES 2078511;352044;Ilha Solteira;SP;Sao Paulo;-20,4326;-51,3426;1353;993;360;05;;3999;Grande Porte;Baixa/Media Complexidade;73,39
2078538;Hospital CNES 2078538;352400;Itupeva;SP;Sao Paulo;-23,1526;-47,0593;600;600;0;05;;1244;Grande Porte;Baixa/Media Complexidade;100,0
2078546;Hospital CNES 2078546;354860;São Bento do Sapucaí;SP;Sao Paulo;-22,6837;-45,7287;480;312;168;05;;3999;Grande Porte;Baixa/Media Complexidade;65,0
2078562;Hospital CNES 2078562;352310;Itaquaquecetuba;SP;Sao Paulo;-23,4835;-46,3457;3312;3312;0;05;;1023;Grande Porte;Baixa/Media Complexidade;100,0
2078570;Hospital CNES 2078570;355030;São Paulo;SP;Sao Paulo;-23,5329;-46,6395;1251;1209;42;05;;3999;Grande Porte;Baixa/Media Complexidade;96,64
2078589;Hospital CNES 2078589;355030;São Paulo;SP;Sao Paulo;-23,5329;-46,6395;3582;12;3570;05;;3999;Grande Porte;Baixa/Media Complexidade;0,34
2078597;Hospital CNES 2078597;355030;São Paulo;SP;Sao Paulo;-23,5329;-46,6395;1856;577;1279;05;;3999;Grande Porte;Baixa/Media Complexidade;31,09
2078600;Hospital CNES 2078600;355030;São Paulo;SP;Sao Paulo;-23,5329;-46,6395;696;0;696;05;;1015;Grande Porte;Baixa/Media Complexidade;0,0
2078619;Hospital CNES 2078619;355030;São Paulo;SP;Sao Paulo;-23,5329;-46,6395;900;0;900;05;;2054;Grande Porte;Baixa/Media Complexidade;0,0
2078627;Hospital CNES 2078627;355030;São Paulo;SP;Sao Paulo;-23,5329;-46,6395;816;0;816;05;;2062;Grande Porte;Baixa/Media Complexidade;0,0
2078635;Hospital CNES 2078635;355030;São Paulo;SP;Sao Paulo;-23,5329;-46,6395;1440;0;1440;05;;2240;Grande Porte;Baixa/Media Complexidade;0,0
2078678;Hospital CNES 2078678;350950;Campinas;SP;Sao Paulo;-22,9053;-47,0659;888;0;888;05;;2054;Grande Porte;Baixa/Media Complexidade;0,0
2078686;Hospital CNES 2078686;352410;Ituverava;SP;Sao Paulo;-20,3355;-47,7902;360;0;360;05;;2062;Grande Porte;Baixa/Media Complexidade;0,0
2078732;Hospital CNES 2078732;355220;Sorocaba;SP;Sao Paulo;-23,4969;-47,4451;1560;0;1560;05;;2054;Grande Porte;Baixa/Media Complexidade;0,0
2078740;Hospital CNES 2078740;354850;Santos;SP;Sao Paulo;-23,9535;-46,335;1332;0;1332;05;;2062;Grande Porte;Baixa/Media Complexidade;0,0
2078759;Hospital CNES 2078759;352590;Jundiaí;SP;Sao Paulo;-23,1852;-46,8974;1116;0;1116;05;;2062;Grande Porte;Baixa/Media Complexidade;0,0
2078767;Hospital CNES 2078767;352590;Jundiaí;SP;Sao Paulo;-23,1852;-46,8974;1968;0;1968;05;;2054;Grande Porte;Baixa/Media Complexidade;0,0
2078775;Hospital CNES 2078775;350280;Araçatuba;SP;Sao Paulo;-21,2076;-50,4401;4080;3192;888;05;;3999;Grande Porte;Baixa/Media Complexidade;78,24
2078791;Hospital CNES 2078791;354340;Ribeirão Preto;SP;Sao Paulo;-21,1699;-47,8099;1056;0;1056;07;;2054;Grande Porte;Baixa/Media Complexidade;0,0
2078813;Hospital CNES 2078813;355220;Sorocaba;SP;Sao Paulo;-23,4969;-47,4451;192;120;72;07;;3999;Grande Porte;Baixa/Media Complexidade;62,5
2078848;Hospital CNES 2078848;350190;Amparo;SP;Sao Paulo;-22,7088;-46,772;816;660;156;05;;3999;Grande Porte;Baixa/Media Complexidade;80,88
2078872;Hospital CNES 2078872;352050;Indaiatuba;SP;Sao Paulo;-23,0816;-47,2101;996;0;996;05;;2062;Grande Porte;Baixa/Media Complexidade;0,0
2078902;Hospital CNES 2078902;353790;Pilar do Sul;SP;Sao Paulo;-23,8077;-47,7222;420;324;96;05;;3999;Grande Porte;Baixa/Media Complexidade;77,14
2078937;Hospital CNES 2078937;350260;Aparecida d'Oeste;SP;Sao Paulo;-20,4487;-50,8835;164;152;12;05;;3999;Grande Porte;Baixa/Media Complexidade;92,68
2078961;Hospital CNES 2078961;355170;Sertãozinho;SP;Sao Paulo;-21,1316;-47,9875;312;0;312;05;;2054;Grande Porte;Baixa/Media Complexidade;0,0
2079011;Hospital CNES 2079011;351500;Embu das Artes;SP;Sao Paulo;-23,6437;-46,8579;612;612;0;05;;1244;Grande Porte;Baixa/Media Complexidade;100,0
2079038;Hospital CNES 2079038;354340;Ribeirão Preto;SP;Sao Paulo;-21,1699;-47,8099;909;0;909;05;;2054;Grande Porte;Baixa/Media Complexidade;0,0
2079046;Hospital CNES 2079046;354430;Roseira;SP;Sao Paulo;-22,8938;-45,307;168;168;0;15;;1244;Grande Porte;Baixa/Media Complexidade;100,0
2079089;Hospital CNES 2079089;355030;São Paulo;SP;Sao Paulo;-23,5329;-46,6395;2688;0;2688;05;;2054;Grande Porte;Baixa/Media Complexidade;0,0
2079097;Hospital CNES 2079097;351020;Capão Bonito;SP;Sao Paulo;-24,0113;-48,3482;756;660;96;05;;3999;Grande Porte;Baixa/Media Complexidade;87,3
2079119;Hospital CNES 2079119;354340;Ribeirão Preto;SP;Sao Paulo;-21,1699;-47,8099;588;588;0;07;;1023;Grande Porte;Baixa/Media Complexidade;100,0
2079127;Hospital CNES 2079127;355030;São Paulo;SP;Sao Paulo;-23,5329;-46,6395;5628;168;5460;05;;3999;Grande Porte;Baixa/Media Complexidade;2,99
2079135;Hospital CNES 2079135;355400;Tatuí;SP;Sao Paulo;-23,3487;-47,8461;1259;1092;167;05;;3999;Grande Porte;Baixa/Media Complexidade;86,74
2079178;Hospital CNES 2079178;354530;Salto de Pirapora;SP;Sao Paulo;-23,6474;-47,5743;80;80;0;07;;1244;Medio Porte;Baixa/Media Complexidade;100,0
2079186;Hospital CNES 2079186;355030;São Paulo;SP;Sao Paulo;-23,5329;-46,6395;2304;2304;0;07;;1031;Grande Porte;Baixa/Media Complexidade;100,0
2079194;Hospital CNES 2079194;350170;Américo Brasiliense;SP;Sao Paulo;-21,7288;-48,1147;1932;1932;0;05;;1023;Grande Porte;Baixa/Media Complexidade;100,0
2079208;Hospital CNES 2079208;353080;Mogi Mirim;SP;Sao Paulo;-22,4332;-46,9532;744;660;84;05;;3999;Grande Porte;Baixa/Media Complexidade;88,71
2079216;Hospital CNES 2079216;351100;Castilho;SP;Sao Paulo;-20,8689;-51,4884;372;360;12;05;;3069;Grande Porte;Baixa/Media Complexidade;96,77
2079224;Hospital CNES 2079224;352290;Itapuí;SP;Sao Paulo;-22,2324;-48,7197;420;420;0;05;;1244;Grande Porte;Baixa/Media Complexidade;100,0
2079232;Hospital CNES 2079232;354580;Santa Bárbara d'Oeste;SP;Sao Paulo;-22,7553;-47,4143;1698;1278;420;05;;3999;Grande Porte;Baixa/Media Complexidade;75,27
2079240;Hospital CNES 2079240;355030;São Paulo;SP;Sao Paulo;-23,5329;-46,6395;3036;2988;48;05;;1023;Grande Porte;Baixa/Media Complexidade;98,42
2079275;Hospital CNES 2079275;354340;Ribeirão Preto;SP;Sao Paulo;-21,1699;-47,8099;1952;98;1854;05;;2054;Grande Porte;Baixa/Media Complexidade;5,02
2079291;Hospital CNES 2079291;353520;Palmeira d'Oeste;SP;Sao Paulo;-20,4148;-50,7632;240;144;96;05;;3999;Grande Porte;Baixa/Media Complexidade;60,0
2079313;Hospital CNES 2079313;350840;Cabreúva;SP;Sao Paulo;-23,3053;-47,1362;204;180;24;05;;3999;Grande Porte;Baixa/Media Complexidade;88,24
2079321;Hospital CNES 2079321;355220;Sorocaba;SP;Sao Paulo;-23,4969;-47,4451;1069;780;289;07;;3999;Grande Porte;Baixa/Media Complexidade;72,97
2079348;Hospital CNES 2079348;352010;Igarapava;SP;Sao Paulo;-20,0407;-47,7466;528;396;132;05;;3999;Grande Porte;Baixa/Media Complexidade;75,0
2079356;Hospital CNES 2079356;355340;Tanabi;SP;Sao Paulo;-20,6228;-49,6563;864;360;504;05;;3999;Grande Porte;Baixa/Media Complexidade;41,67
2079364;Hospital CNES 2079364;355150;Serrana;SP;Sao Paulo;-21,2043;-47,5952;192;168;24;05;;3999;Grande Porte;Baixa/Media Complexidade;87,5
2079380;Hospital CNES 2079380;354500;Salesópolis;SP;Sao Paulo;-23,5288;-45,8465;132;132;0;05;;3999;Medio Porte;Baixa/Media Complexidade;100,0
2079399;Hospital CNES 2079399;355270;Tabatinga;SP;Sao Paulo;-21,7239;-48,6896;423;264;159;05;;3999;Grande Porte;Baixa/Media Complexidade;62,41
2079402;Hospital CNES 2079402;350670;Boa Esperança do Sul;SP;Sao Paulo;-21,9918;-48,3906;192;180;12;05;;3999;Grande Porte;Baixa/Media Complexidade;93,75
2079410;Hospital CNES 2079410;351880;Guarulhos;SP;Sao Paulo;-23,4538;-46,5333;1944;1944;0;05;;1023;Grande Porte;Baixa/Media Complexidade;100,0
2079429;Hospital CNES 2079429;354530;Salto de Pirapora;SP;Sao Paulo;-23,6474;-47,5743;564;456;108;05;;3999;Grande Porte;Baixa/Media Complexidade;80,85
2079437;Hospital CNES 2079437;352880;Maracaí;SP;Sao Paulo;-22,6149;-50,6713;312;264;48;05;;3999;Grande Porte;Baixa/Media Complexidade;84,62
2079445;Hospital CNES 2079445;355030;São Paulo;SP;Sao Paulo;-23,5329;-46,6395;1236;24;1212;05;;3999;Grande Porte;Baixa/Media Complexidade;1,94
2079461;Hospital CNES 2079461;350810;Buritama;SP;Sao Paulo;-21,0661;-50,1475;432;317;115;05;;3999;Grande Porte;Baixa/Media Complexidade;73,38
2079496;Hospital CNES 2079496;351310;Cravinhos;SP;Sao Paulo;-21,338;-47,7324;180;156;24;05;;3999;Grande Porte;Baixa/Media Complexidade;86,67
2079518;Hospital CNES 2079518;351360;Cunha;SP;Sao Paulo;-23,0731;-44,9576;480;300;180;05;;3999;Grande Porte;Baixa/Media Complexidade;62,5
2079542;Hospital CNES 2079542;355030;São Paulo;SP;Sao Paulo;-23,5329;-46,6395;3912;0;3912;07;;2054;Grande Porte;Baixa/Media Complexidade;0,0
2079550;Hospital CNES 2079550;354560;Santa Adélia;SP;Sao Paulo;-21,2427;-48,8063;272;210;62;05;;3999;Grande Porte;Baixa/Media Complexidade;77,21
2079593;Hospital CNES 2079593;354260;Registro;SP;Sao Paulo;-24,4979;-47,8449;1240;1004;236;05;;3999;Grande Porte;Baixa/Media Complexidade;80,97
2079607;Hospital CNES 2079607;354780;Santo André;SP;Sao Paulo;-23,6737;-46,5432;1862;0;1862;05;;2054;Grande Porte;Baixa/Media Complexidade;0,0
2079615;Hospital CNES 2079615;351970;Ibiúna;SP;Sao Paulo;-23,6596;-47,223;840;840;0;05;;1244;Grande Porte;Baixa/Media Complexidade;100,0
2079666;Hospital CNES 2079666;350950;Campinas;SP;Sao Paulo;-22,9053;-47,0659;2700;0;2700;05;;3069;Grande Porte;Baixa/Media Complexidade;0,0
2079674;Hospital CNES 2079674;353470;Ourinhos;SP;Sao Paulo;-22,9797;-49,8697;60;0;60;05;;2062;Medio Porte;Baixa/Media Complexidade;0,0
2079682;Hospital CNES 2079682;353250;Neves Paulista;SP;Sao Paulo;-20,843;-49,6358;252;120;132;05;;3999;Grande Porte;Baixa/Media Complexidade;47,62
2079690;Hospital CNES 2079690;355000;São Luiz do Paraitinga;SP;Sao Paulo;-23,222;-45,3109;300;192;108;05;;3999;Grande Porte;Baixa/Media Complexidade;64,0
2079704;Hospital CNES 2079704;355210;Socorro;SP;Sao Paulo;-22,5903;-46,5251;924;840;84;05;;3999;Grande Porte;Baixa/Media Complexidade;90,91
2079720;Hospital CNES 2079720;354850;Santos;SP;Sao Paulo;-23,9535;-46,335;2877;2694;183;05;;1023;Grande Porte;Baixa/Media Complexidade;93,64
2079763;Hospital CNES 2079763;350320;Araraquara;SP;Sao Paulo;-21,7845;-48,178;918;898;20;07;;3999;Grande Porte;Baixa/Media Complexidade;97,82
2079798;Hospital CNES 2079798;350950;Campinas;SP;Sao Paulo;-22,9053;-47,0659;7558;7548;10;05;;1112;Grande Porte;Baixa/Media Complexidade;99,87
2079828;Hospital CNES 2079828;355280;Taboão da Serra;SP;Sao Paulo;-23,6019;-46,7526;3689;3689;0;05;;1023;Grande Porte;Baixa/Media Complexidade;100,0
2079836;Hospital CNES 2079836;352270;Itápolis;SP;Sao Paulo;-21,5942;-48,8149;1080;768;312;05;;3999;Grande Porte;Baixa/Media Complexidade;71,11
2079852;Hospital CNES 2079852;353860;Piracaia;SP;Sao Paulo;-23,0525;-46,3594;336;336;0;05;;3999;Grande Porte;Baixa/Media Complexidade;100,0
2079860;Hospital CNES 2079860;355250;Suzano;SP;Sao Paulo;-23,5448;-46,3112;1303;1239;64;05;;3999;Grande Porte;Baixa/Media Complexidade;95,09
2079879;Hospital CNES 2079879;355380;Taquarituba;SP;Sao Paulo;-23,5307;-49,241;600;420;180;05;;3999;Grande Porte;Baixa/Media Complexidade;70,0
2079887;Hospital CNES 2079887;353440;Osasco;SP;Sao Paulo;-23,5324;-46,7916;1632;0;1632;05;;2054;Grande Porte;Baixa/Media Complexidade;0,0
2079895;Hospital CNES 2079895;352480;Jales;SP;Sao Paulo;-20,2672;-50,5494;1692;1068;624;05;;3999;Grande Porte;Baixa/Media Complexidade;63,12
2079909;Hospital CNES 2079909;353900;Pirangi;SP;Sao Paulo;-21,0886;-48,6607;564;264;300;05;;3999;Grande Porte;Baixa/Media Complexidade;46,81
2079917;Hospital CNES 2079917;352730;Louveira;SP;Sao Paulo;-23,0856;-46,9484;480;336;144;05;;3999;Grande Porte;Baixa/Media Complexidade;70,0
2079925;Hospital CNES 2079925;354060;Porto Feliz;SP;Sao Paulo;-23,2093;-47,5251;1016;729;287;05;;3999;Grande Porte;Baixa/Media Complexidade;71,75
2079968;Hospital CNES 2079968;355580;Urânia;SP;Sao Paulo;-20,2455;-50,6455;312;288;24;05;;3999;Grande Porte;Baixa/Media Complexidade;92,31
2079976;Hospital CNES 2079976;352640;Laranjal Paulista;SP;Sao Paulo;-23,0506;-47,8375;576;360;216;05;;3999;Grande Porte;Baixa/Media Complexidade;62,5
2080001;Hospital CNES 2080001;355280;Taboão da Serra;SP;Sao Paulo;-23,6019;-46,7526;671;0;671;05;;2054;Grande Porte;Baixa/Media Complexidade;0,0
2080028;Hospital CNES 2080028;351380;Diadema;SP;Sao Paulo;-23,6813;-46,6205;2444;2444;0;05;;1244;Grande Porte;Baixa/Media Complexidade;100,0
2080044;Hospital CNES 2080044;354940;São Joaquim da Barra;SP;Sao Paulo;-20,5812;-47,8593;1329;901;428;05;;3999;Grande Porte;Baixa/Media Complexidade;67,8
2080052;Hospital CNES 2080052;353060;Mogi das Cruzes;SP;Sao Paulo;-23,5208;-46,1854;2281;1917;364;05;;3999;Grande Porte;Baixa/Media Complexidade;84,04
2080079;Hospital CNES 2080079;351570;Ferraz de Vasconcelos;SP;Sao Paulo;-23,5411;-46,371;3192;2832;360;05;;1023;Grande Porte;Baixa/Media Complexidade;88,72
2080087;Hospital CNES 2080087;355450;Tietê;SP;Sao Paulo;-23,1101;-47,7164;672;408;264;05;;3999;Grande Porte;Baixa/Media Complexidade;60,71
2080095;Hospital CNES 2080095;352570;José Bonifácio;SP;Sao Paulo;-21,0551;-49,6892;804;462;342;05;;3999;Grande Porte;Baixa/Media Complexidade;57,46
2080109;Hospital CNES 2080109;354040;Populina;SP;Sao Paulo;-19,9453;-50,538;216;72;144;05;;3999;Grande Porte;Baixa/Media Complexidade;33,33
2080117;Hospital CNES 2080117;351620;Franca;SP;Sao Paulo;-20,5352;-47,4039;1080;1080;0;07;;3069;Grande Porte;Baixa/Media Complexidade;100,0
2080125;Hospital CNES 2080125;355030;São Paulo;SP;Sao Paulo;-23,5329;-46,6395;960;960;0;07;;3999;Grande Porte;Baixa/Media Complexidade;100,0
2080133;Hospital CNES 2080133;354780;Santo André;SP;Sao Paulo;-23,6737;-46,5432;1176;0;1176;05;;3999;Grande Porte;Baixa/Media Complexidade;0,0
2080168;Hospital CNES 2080168;355030;São Paulo;SP;Sao Paulo;-23,5329;-46,6395;852;0;852;07;;2046;Grande Porte;Baixa/Media Complexidade;0,0
2080184;Hospital CNES 2080184;352390;Itu;SP;Sao Paulo;-23,2544;-47,2927;360;264;96;05;;1244;Grande Porte;Baixa/Media Complexidade;73,33
2080192;Hospital CNES 2080192;352390;Itu;SP;Sao Paulo;-23,2544;-47,2927;3012;3012;0;07;;1023;Grande Porte;Baixa/Media Complexidade;100,0
2080206;Hospital CNES 2080206;352340;Itatiba;SP;Sao Paulo;-23,0035;-46,8464;240;0;240;05;;2062;Grande Porte;Baixa/Media Complexidade;0,0
2080222;Hospital CNES 2080222;350870;Caconde;SP;Sao Paulo;-21,528;-46,6437;621;621;0;05;;3999;Grande Porte;Baixa/Media Complexidade;100,0
2080273;Hospital CNES 2080273;354780;Santo André;SP;Sao Paulo;-23,6737;-46,5432;4010;3990;20;05;;1023;Grande Porte;Baixa/Media Complexidade;99,5
2080281;Hospital CNES 2080281;351900;Herculândia;SP;Sao Paulo;-22,0038;-50,3907;696;696;0;05;;3999;Grande Porte;Baixa/Media Complexidade;100,0
2080338;Hospital CNES 2080338;351880;Guarulhos;SP;Sao Paulo;-23,4538;-46,5333;3762;3762;0;05;;1023;Grande Porte;Baixa/Media Complexidade;100,0
2080346;Hospital CNES 2080346;355030;São Paulo;SP;Sao Paulo;-23,5329;-46,6395;4704;4620;84;05;;1031;Grande Porte;Baixa/Media Complexidade;98,21
2080354;Hospital CNES 2080354;354850;Santos;SP;Sao Paulo;-23,9535;-46,335;1884;900;984;07;;3999;Grande Porte;Baixa/Media Complexidade;47,77
2080362;Hospital CNES 2080362;352070;Indiaporã;SP;Sao Paulo;-19,979;-50,2909;432;48;384;05;;3999;Grande Porte;Baixa/Media Complexidade;11,11
2080370;Hospital CNES 2080370;353890;Pirajuí;SP;Sao Paulo;-21,999;-49,4608;648;552;96;05;;3999;Grande Porte;Baixa/Media Complexidade;85,19
2080400;Hospital CNES 2080400;354340;Ribeirão Preto;SP;Sao Paulo;-21,1699;-47,8099;1812;1200;612;05;;3999;Grande Porte;Baixa/Media Complexidade;66,23
2080427;Hospital CNES 2080427;351880;Guarulhos;SP;Sao Paulo;-23,4538;-46,5333;960;960;0;07;;1244;Grande Porte;Baixa/Media Complexidade;100,0
2080443;Hospital CNES 2080443;355010;São Manuel;SP;Sao Paulo;-22,7321;-48,5723;840;591;249;05;;3999;Grande Porte;Baixa/Media Complexidade;70,36
2080451;Hospital CNES 2080451;352130;Ipuã;SP;Sao Paulo;-20,4438;-48,0129;604;512;92;05;;3999;Grande Porte;Baixa/Media Complexidade;84,77
2080478;Hospital CNES 2080478;353700;Pedregulho;SP;Sao Paulo;-20,2535;-47,4775;768;660;108;05;;3999;Grande Porte;Baixa/Media Complexidade;85,94
2080494;Hospital CNES 2080494;355030;São Paulo;SP;Sao Paulo;-23,5329;-46,6395;480;0;480;05;;3999;Grande Porte;Baixa/Media Complexidade;0,0
2080508;Hospital CNES 2080508;350130;Álvares Machado;SP;Sao Paulo;-22,0764;-51,4722;216;192;24;05;;3999;Grande Porte;Baixa/Media Complexidade;88,89
2080516;Hospital CNES 2080516;354140;Presidente Prudente;SP;Sao Paulo;-22,1207;-51,3925;1378;0;1378;05;;2062;Grande Porte;Baixa/Media Complexidade;0,0
2080524;Hospital CNES 2080524;354240;Regente Feijó;SP;Sao Paulo;-22,2181;-51,3055;531;423;108;05;;3999;Grande Porte;Baixa/Media Complexidade;79,66
2080532;Hospital CNES 2080532;354140;Presidente Prudente;SP;Sao Paulo;-22,1207;-51,3925;2508;1272;1236;05;;3999;Grande Porte;Baixa/Media Complexidade;50,72
2080575;Hospital CNES 2080575;355030;São Paulo;SP;Sao Paulo;-23,5329;-46,6395;10644;3024;7620;05;;3999;Grande Porte;Baixa/Media Complexidade;28,41
2080583;Hospital CNES 2080583;355030;São Paulo;SP;Sao Paulo;-23,5329;-46,6395;2484;2316;168;05;;1031;Grande Porte;Baixa/Media Complexidade;93,24
2080591;Hospital CNES 2080591;354870;São Bernardo do Campo;SP;Sao Paulo;-23,6914;-46,5646;648;0;648;05;;2046;Grande Porte;Baixa/Media Complexidade;0,0
2080605;Hospital CNES 2080605;355470;Torrinha;SP;Sao Paulo;-22,4237;-48,1731;240;156;84;05;;3999;Grande Porte;Baixa/Media Complexidade;65,0
2080613;Hospital CNES 2080613;354880;São Caetano do Sul;SP;Sao Paulo;-23,6229;-46,5548;1008;0;1008;05;;2062;Grande Porte;Baixa/Media Complexidade;0,0
2080621;Hospital CNES 2080621;354000;Pompéia;SP;Sao Paulo;-22,107;-50,176;312;228;84;05;;3999;Grande Porte;Baixa/Media Complexidade;73,08
2080664;Hospital CNES 2080664;355500;Tupã;SP;Sao Paulo;-21,9335;-50,5191;1896;1704;192;05;;3999;Grande Porte;Baixa/Media Complexidade;89,87
2080680;Hospital CNES 2080680;353060;Mogi das Cruzes;SP;Sao Paulo;-23,5208;-46,1854;3816;3746;70;05;;1023;Grande Porte;Baixa/Media Complexidade;98,17
2080699;Hospital CNES 2080699;353870;Piracicaba;SP;Sao Paulo;-22,7338;-47,6476;2667;12;2655;05;;2143;Grande Porte;Baixa/Media Complexidade;0,45
2080729;Hospital CNES 2080729;355100;São Vicente;SP;Sao Paulo;-23,9574;-46,3883;1152;12;1140;05;;3999;Grande Porte;Baixa/Media Complexidade;1,04
2080737;Hospital CNES 2080737;351660;Gália;SP;Sao Paulo;-22,2918;-49,5504;540;324;216;05;;3999;Grande Porte;Baixa/Media Complexidade;60,0
2080745;Hospital CNES 2080745;354630;Santa Cruz das Palmeiras;SP;Sao Paulo;-21,8235;-47,248;419;300;119;05;;3999;Grande Porte;Baixa/Media Complexidade;71,6
2080753;Hospital CNES 2080753;351620;Franca;SP;Sao Paulo;-20,5352;-47,4039;424;0;424;05;;2062;Grande Porte;Baixa/Media Complexidade;0,0
2080761;Hospital CNES 2080761;354980;São José do Rio Preto;SP;Sao Paulo;-20,8113;-49,3758;423;0;423;07;;2062;Grande Porte;Baixa/Media Complexidade;0,0
2080788;Hospital CNES 2080788;355030;São Paulo;SP;Sao Paulo;-23,5329;-46,6395;576;576;0;05;;1031;Grande Porte;Baixa/Media Complexidade;100,0
2080796;Hospital CNES 2080796;355030;São Paulo;SP;Sao Paulo;-23,5329;-46,6395;3679;0;3679;05;;3999;Grande Porte;Baixa/Media Complexidade;0,0
2080818;Hospital CNES 2080818;355030;São Paulo;SP;Sao Paulo;-23,5329;-46,6395;3768;0;3768;05;;2054;Grande Porte;Baixa/Media Complexidade;0,0
2080826;Hospital CNES 2080826;352190;Itajobi;SP;Sao Paulo;-21,3123;-49,0629;600;420;180;05;;3999;Grande Porte;Baixa/Media Complexidade;70,0
2080842;Hospital CNES 2080842;351000;Cândido Mota;SP;Sao Paulo;-22,7471;-50,3873;360;300;60;05;;3999;Grande Porte;Baixa/Media Complexidade;83,33
2080869;Hospital CNES 2080869;353660;Paulo de Faria;SP;Sao Paulo;-20,0296;-49,4;288;216;72;05;;3999;Grande Porte;Baixa/Media Complexidade;75,0
2080915;Hospital CNES 2080915;350640;Bilac;SP;Sao Paulo;-21,404;-50,4746;432;420;12;05;;3999;Grande Porte;Baixa/Media Complexidade;97,22
2080923;Hospital CNES 2080923;354970;São José do Rio Pardo;SP;Sao Paulo;-21,5953;-46,8873;1656;1032;624;05;;3999;Grande Porte;Baixa/Media Complexidade;62,32
2080931;Hospital CNES 2080931;354890;São Carlos;SP;Sao Paulo;-22,0174;-47,886;3224;2180;1044;05;;3999;Grande Porte;Baixa/Media Complexidade;67,62
2080958;Hospital CNES 2080958;353530;Palmital;SP;Sao Paulo;-22,7858;-50,218;516;348;168;05;;3999;Grande Porte;Baixa/Media Complexidade;67,44
2080966;Hospital CNES 2080966;351520;Estrela d'Oeste;SP;Sao Paulo;-20,2875;-50,4049;612;375;237;05;;3999;Grande Porte;Baixa/Media Complexidade;61,27
2080974;Hospital CNES 2080974;355030;São Paulo;SP;Sao Paulo;-23,5329;-46,6395;526;0;526;07;;2062;Grande Porte;Baixa/Media Complexidade;0,0
2080982;Hospital CNES 2080982;351190;Clementina;SP;Sao Paulo;-21,5604;-50,4525;288;252;36;05;;3999;Grande Porte;Baixa/Media Complexidade;87,5
2080990;Hospital CNES 2080990;352900;Marília;SP;Sao Paulo;-22,2171;-49,9501;1956;960;996;07;;3999;Grande Porte;Baixa/Media Complexidade;49,08
2081016;Hospital CNES 2081016;353070;Mogi Guaçu;SP;Sao Paulo;-22,3675;-46,9428;1656;0;1656;05;;2062;Grande Porte;Baixa/Media Complexidade;0,0
2081032;Hospital CNES 2081032;354390;Rio Claro;SP;Sao Paulo;-22,3984;-47,5546;636;0;636;05;;2143;Grande Porte;Baixa/Media Complexidade;0,0
2081040;Hospital CNES 2081040;350330;Araras;SP;Sao Paulo;-22,3572;-47,3842;1053;0;1053;05;;2143;Grande Porte;Baixa/Media Complexidade;0,0
2081059;Hospital CNES 2081059;353650;Paulínia;SP;Sao Paulo;-22,7542;-47,1488;1320;1272;48;05;;1244;Grande Porte;Baixa/Media Complexidade;96,36
2081075;Hospital CNES 2081075;352050;Indaiatuba;SP;Sao Paulo;-23,0816;-47,2101;120;14;106;62;;2062;Medio Porte;Baixa/Media Complexidade;11,67
2081083;Hospital CNES 2081083;350400;Assis;SP;Sao Paulo;-22,66;-50,4183;1368;828;540;05;;3999;Grande Porte;Baixa/Media Complexidade;60,53
2081091;Hospital CNES 2081091;352260;Itapira;SP;Sao Paulo;-22,4357;-46,8224;1164;1164;0;05;;1244;Grande Porte;Baixa/Media Complexidade;100,0
2081105;Hospital CNES 2081105;355630;Valparaíso;SP;Sao Paulo;-21,2229;-50,8699;654;374;280;05;;3999;Grande Porte;Baixa/Media Complexidade;57,19
2081113;Hospital CNES 2081113;354390;Rio Claro;SP;Sao Paulo;-22,3984;-47,5546;744;72;672;05;;2054;Grande Porte;Baixa/Media Complexidade;9,68
2081164;Hospital CNES 2081164;354340;Ribeirão Preto;SP;Sao Paulo;-21,1699;-47,8099;1188;948;240;05;;3069;Grande Porte;Baixa/Media Complexidade;79,8
2081202;Hospital CNES 2081202;354330;Ribeirão Pires;SP;Sao Paulo;-23,7067;-46,4058;516;516;0;05;;1244;Grande Porte;Baixa/Media Complexidade;100,0
2081229;Hospital CNES 2081229;353600;Parapuã;SP;Sao Paulo;-21,7792;-50,7949;384;312;72;05;;3999;Grande Porte;Baixa/Media Complexidade;81,25
2081237;Hospital CNES 2081237;354380;Rinópolis;SP;Sao Paulo;-21,7284;-50,7239;288;276;12;05;;3999;Grande Porte;Baixa/Media Complexidade;95,83
2081245;Hospital CNES 2081245;355230;Sud Mennucci;SP;Sao Paulo;-20,6872;-50,9238;264;240;24;05;;3999;Grande Porte;Baixa/Media Complexidade;90,91
2081253;Hospital CNES 2081253;350330;Araras;SP;Sao Paulo;-22,3572;-47,3842;2148;1476;672;05;;3999;Grande Porte;Baixa/Media Complexidade;68,72
2081261;Hospital CNES 2081261;350700;Boituva;SP;Sao Paulo;-23,2855;-47,6786;637;457;180;05;;3069;Grande Porte;Baixa/Media Complexidade;71,74
2081288;Hospital CNES 2081288;355030;São Paulo;SP;Sao Paulo;-23,5329;-46,6395;3480;60;3420;05;;3999;Grande Porte;Baixa/Media Complexidade;1,72
2081296;Hospital CNES 2081296;350930;Cajobi;SP;Sao Paulo;-20,8773;-48,8063;384;300;84;05;;3999;Grande Porte;Baixa/Media Complexidade;78,12
2081342;Hospital CNES 2081342;355600;Urupês;SP;Sao Paulo;-21,2032;-49,2931;240;120;120;05;;3999;Grande Porte;Baixa/Media Complexidade;50,0
2081350;Hospital CNES 2081350;353880;Piraju;SP;Sao Paulo;-23,1981;-49,3803;816;588;228;05;;3999;Grande Porte;Baixa/Media Complexidade;72,06
2081377;Hospital CNES 2081377;355710;Votuporanga;SP;Sao Paulo;-20,4237;-49,9781;2568;1692;876;05;;3999;Grande Porte;Baixa/Media Complexidade;65,89
2081385;Hospital CNES 2081385;355510;Tupi Paulista;SP;Sao Paulo;-21,3825;-51,575;576;360;216;05;;3999;Grande Porte;Baixa/Media Complexidade;62,5
2081393;Hospital CNES 2081393;355160;Serra Negra;SP;Sao Paulo;-22,6139;-46,7033;588;396;192;05;;3999;Grande Porte;Baixa/Media Complexidade;67,35
2081407;Hospital CNES 2081407;352520;Jarinu;SP;Sao Paulo;-23,1039;-46,728;216;216;0;15;;1244;Grande Porte;Baixa/Media Complexidade;100,0
2081431;Hospital CNES 2081431;352740;Lucélia;SP;Sao Paulo;-21,7182;-51,0215;432;360;72;05;;3999;Grande Porte;Baixa/Media Complexidade;83,33
2081458;Hospital CNES 2081458;352690;Limeira;SP;Sao Paulo;-22,566;-47,397;2864;2268;596;05;;3999;Grande Porte;Baixa/Media Complexidade;79,19
2081466;Hospital CNES 2081466;352450;Jaci;SP;Sao Paulo;-20,8805;-49,5797;2592;2016;576;05;;3999;Grande Porte;Baixa/Media Complexidade;77,78
2081482;Hospital CNES 2081482;350950;Campinas;SP;Sao Paulo;-22,9053;-47,0659;948;744;204;07;;3999;Grande Porte;Baixa/Media Complexidade;78,48
2081490;Hospital CNES 2081490;350950;Campinas;SP;Sao Paulo;-22,9053;-47,0659;2556;2508;48;05;;1120;Grande Porte;Baixa/Media Complexidade;98,12
2081504;Hospital CNES 2081504;351870;Guarujá;SP;Sao Paulo;-23,9888;-46,258;72;72;0;62;;1244;Medio Porte;Baixa/Media Complexidade;100,0
2081512;Hospital CNES 2081512;351840;Guaratinguetá;SP;Sao Paulo;-22,8075;-45,1938;1752;1248;504;05;;3999;Grande Porte;Baixa/Media Complexidade;71,23
2081520;Hospital CNES 2081520;351780;Guaraçaí;SP;Sao Paulo;-21,0292;-51,2119;276;180;96;05;;3999;Grande Porte;Baixa/Media Complexidade;65,22
2081539;Hospital CNES 2081539;354870;São Bernardo do Campo;SP;Sao Paulo;-23,6914;-46,5646;96;0;96;20;;2054;Medio Porte;Baixa/Media Complexidade;0,0
2081555;Hospital CNES 2081555;352320;Itararé;SP;Sao Paulo;-24,1085;-49,3352;960;636;324;05;;3999;Grande Porte;Baixa/Media Complexidade;66,25
2081563;Hospital CNES 2081563;351518;Espírito Santo do Pinhal;SP;Sao Paulo;-22,1909;-46,7477;1188;600;588;07;;2240;Grande Porte;Baixa/Media Complexidade;50,51
2081571;Hospital CNES 2081571;354420;Riolândia;SP;Sao Paulo;-19,9868;-49,6836;432;300;132;05;;3999;Grande Porte;Baixa/Media Complexidade;69,44
2081598;Hospital CNES 2081598;355360;Tapiratiba;SP;Sao Paulo;-21,4713;-46,7448;300;288;12;05;;3999;Grande Porte;Baixa/Media Complexidade;96,0
2081601;Hospital CNES 2081601;351620;Franca;SP;Sao Paulo;-20,5352;-47,4039;936;0;936;05;;2054;Grande Porte;Baixa/Media Complexidade;0,0
2081628;Hospital CNES 2081628;351880;Guarulhos;SP;Sao Paulo;-23,4538;-46,5333;1674;0;1674;05;;2054;Grande Porte;Baixa/Media Complexidade;0,0
2081636;Hospital CNES 2081636;354850;Santos;SP;Sao Paulo;-23,9535;-46,335;456;0;456;05;;2054;Grande Porte;Baixa/Media Complexidade;0,0
2081644;Hospital CNES 2081644;351840;Guaratinguetá;SP;Sao Paulo;-22,8075;-45,1938;1932;1128;804;05;;3999;Grande Porte;Baixa/Media Complexidade;58,39
2081652;Hospital CNES 2081652;351690;General Salgado;SP;Sao Paulo;-20,6485;-50,364;336;228;108;05;;3999;Grande Porte;Baixa/Media Complexidade;67,86
2081660;Hospital CNES 2081660;352090;Ipaussu;SP;Sao Paulo;-23,0575;-49,6279;588;336;252;05;;3999;Grande Porte;Baixa/Media Complexidade;57,14
2081695;Hospital CNES 2081695;355220;Sorocaba;SP;Sao Paulo;-23,4969;-47,4451;5124;4932;192;05;;1023;Grande Porte;Baixa/Media Complexidade;96,25
2081717;Hospital CNES 2081717;351370;Descalvado;SP;Sao Paulo;-21,9002;-47,6181;480;300;180;05;;3999;Grande Porte;Baixa/Media Complexidade;62,5
2081725;Hospital CNES 2081725;352710;Lins;SP;Sao Paulo;-21,6718;-49,7526;2589;2487;102;05;;1023;Grande Porte;Baixa/Media Complexidade;96,06
2081733;Hospital CNES 2081733;350160;Americana;SP;Sao Paulo;-22,7374;-47,3331;680;216;464;07;;3999;Grande Porte;Baixa/Media Complexidade;31,76
2081741;Hospital CNES 2081741;355030;São Paulo;SP;Sao Paulo;-23,5329;-46,6395;384;0;384;05;;3999;Grande Porte;Baixa/Media Complexidade;0,0
2081768;Hospital CNES 2081768;350420;Auriflama;SP;Sao Paulo;-20,6836;-50,5572;528;420;108;05;;3999;Grande Porte;Baixa/Media Complexidade;79,55
2081784;Hospital CNES 2081784;350790;Brotas;SP;Sao Paulo;-22,2795;-48,1251;504;432;72;05;;3999;Grande Porte;Baixa/Media Complexidade;85,71
2081792;Hospital CNES 2081792;352810;Macaubal;SP;Sao Paulo;-20,8022;-49,9687;180;120;60;05;;3999;Grande Porte;Baixa/Media Complexidade;66,67
2081806;Hospital CNES 2081806;350110;Alto Alegre;SP;Sao Paulo;-21,5811;-50,168;264;228;36;05;;1244;Grande Porte;Baixa/Media Complexidade;86,36
2081814;Hospital CNES 2081814;351820;Guararapes;SP;Sao Paulo;-21,2544;-50,6453;888;576;312;05;;3999;Grande Porte;Baixa/Media Complexidade;64,86
2081830;Hospital CNES 2081830;353720;Pedro de Toledo;SP;Sao Paulo;-24,2764;-47,2354;36;36;0;15;;1244;Pequeno Porte;Baixa/Media Complexidade;100,0
2081865;Hospital CNES 2081865;350410;Atibaia;SP;Sao Paulo;-23,1171;-46,5563;852;0;852;05;;2062;Grande Porte;Baixa/Media Complexidade;0,0
2081873;Hospital CNES 2081873;354220;Rancharia;SP;Sao Paulo;-22,2269;-50,893;1380;972;408;05;;3999;Grande Porte;Baixa/Media Complexidade;70,43
2081881;Hospital CNES 2081881;354780;Santo André;SP;Sao Paulo;-23,6737;-46,5432;1584;0;1584;05;;2062;Grande Porte;Baixa/Media Complexidade;0,0
2081903;Hospital CNES 2081903;355640;Vargem Grande do Sul;SP;Sao Paulo;-21,8322;-46,8913;600;372;228;05;;3999;Grande Porte;Baixa/Media Complexidade;62,0
2081938;Hospital CNES 2081938;350950;Campinas;SP;Sao Paulo;-22,9053;-47,0659;2156;0;2156;05;;2062;Grande Porte;Baixa/Media Complexidade;0,0
2081946;Hospital CNES 2081946;350950;Campinas;SP;Sao Paulo;-22,9053;-47,0659;1596;0;1596;05;;2054;Grande Porte;Baixa/Media Complexidade;0,0
2081970;Hospital CNES 2081970;355030;São Paulo;SP;Sao Paulo;-23,5329;-46,6395;2484;2376;108;05;;1031;Grande Porte;Baixa/Media Complexidade;95,65
2081989;Hospital CNES 2081989;350740;Borborema;SP;Sao Paulo;-21,6214;-49,0741;312;192;120;05;;3999;Grande Porte;Baixa/Media Complexidade;61,54
2082012;Hospital CNES 2082012;354850;Santos;SP;Sao Paulo;-23,9535;-46,335;132;0;132;62;;2062;Medio Porte;Baixa/Media Complexidade;0,0
2082071;Hospital CNES 2082071;351070;Cardoso;SP;Sao Paulo;-20,08;-49,9183;372;120;252;05;;3999;Grande Porte;Baixa/Media Complexidade;32,26
2082098;Hospital CNES 2082098;350270;Apiaí;SP;Sao Paulo;-24,5108;-48,8443;612;540;72;05;;3999;Grande Porte;Baixa/Media Complexidade;88,24
2082101;Hospital CNES 2082101;355220;Sorocaba;SP;Sao Paulo;-23,4969;-47,4451;1116;0;1116;05;;2054;Grande Porte;Baixa/Media Complexidade;0,0
2082128;Hospital CNES 2082128;350950;Campinas;SP;Sao Paulo;-22,9053;-47,0659;4158;2550;1608;05;;3999;Grande Porte;Baixa/Media Complexidade;61,33
2082179;Hospital CNES 2082179;350160;Americana;SP;Sao Paulo;-22,7374;-47,3331;1284;95;1189;05;;3999;Grande Porte;Baixa/Media Complexidade;7,4
2082187;Hospital CNES 2082187;354340;Ribeirão Preto;SP;Sao Paulo;-21,1699;-47,8099;10596;10136;460;05;;3069;Grande Porte;Baixa/Media Complexidade;95,66
2082195;Hospital CNES 2082195;350190;Amparo;SP;Sao Paulo;-22,7088;-46,772;516;96;420;05;;3999;Grande Porte;Baixa/Media Complexidade;18,6
2082209;Hospital CNES 2082209;350570;Barueri;SP;Sao Paulo;-23,5057;-46,879;1368;1368;0;21;;1244;Grande Porte;Baixa/Media Complexidade;100,0
2082225;Hospital CNES 2082225;355030;São Paulo;SP;Sao Paulo;-23,5329;-46,6395;3210;2974;236;05;;1023;Grande Porte;Baixa/Media Complexidade;92,65
2082276;Hospital CNES 2082276;351880;Guarulhos;SP;Sao Paulo;-23,4538;-46,5333;7200;7200;0;07;;3999;Grande Porte;Baixa/Media Complexidade;100,0
2082284;Hospital CNES 2082284;355080;São Sebastião da Grama;SP;Sao Paulo;-21,7041;-46,8208;360;312;48;05;;3999;Grande Porte;Baixa/Media Complexidade;86,67
2082292;Hospital CNES 2082292;354870;São Bernardo do Campo;SP;Sao Paulo;-23,6914;-46,5646;2220;0;2220;07;;3999;Grande Porte;Baixa/Media Complexidade;0,0
2082306;Hospital CNES 2082306;351080;Casa Branca;SP;Sao Paulo;-21,7708;-47,0852;420;324;96;05;;3999;Grande Porte;Baixa/Media Complexidade;77,14
2082314;Hospital CNES 2082314;355030;São Paulo;SP;Sao Paulo;-23,5329;-46,6395;946;0;946;05;;2062;Grande Porte;Baixa/Media Complexidade;0,0
2082322;Hospital CNES 2082322;354070;Porto Ferreira;SP;Sao Paulo;-21,8498;-47,487;732;444;288;05;;3999;Grande Porte;Baixa/Media Complexidade;60,66
2082330;Hospital CNES 2082330;354880;São Caetano do Sul;SP;Sao Paulo;-23,6229;-46,5548;2268;0;2268;05;;3999;Grande Porte;Baixa/Media Complexidade;0,0
2082349;Hospital CNES 2082349;352940;Mauá;SP;Sao Paulo;-23,6677;-46,4613;2772;2772;0;05;;1244;Grande Porte;Baixa/Media Complexidade;100,0
2082381;Hospital CNES 2082381;350610;Bebedouro;SP;Sao Paulo;-20,9491;-48,4791;458;458;0;05;;1244;Grande Porte;Baixa/Media Complexidade;100,0
2082411;Hospital CNES 2082411;353980;Poá;SP;Sao Paulo;-23,5333;-46,3473;60;60;0;73;;1244;Medio Porte;Baixa/Media Complexidade;100,0
2082438;Hospital CNES 2082438;355720;Chavantes;SP;Sao Paulo;-23,0366;-49,7096;612;360;252;05;;3999;Grande Porte;Baixa/Media Complexidade;58,82
2082446;Hospital CNES 2082446;350010;Adamantina;SP;Sao Paulo;-21,682;-51,0737;1020;1020;0;07;;3999;Grande Porte;Baixa/Media Complexidade;100,0
2082454;Hospital CNES 2082454;355500;Tupã;SP;Sao Paulo;-21,9335;-50,5191;2520;2520;0;07;;3999;Grande Porte;Baixa/Media Complexidade;100,0
2082462;Hospital CNES 2082462;352670;Leme;SP;Sao Paulo;-22,1809;-47,3841;396;0;396;05;;2143;Grande Porte;Baixa/Media Complexidade;0,0
2082470;Hospital CNES 2082470;350330;Araras;SP;Sao Paulo;-22,3572;-47,3842;2008;1282;726;05;;3999;Grande Porte;Baixa/Media Complexidade;63,84
2082497;Hospital CNES 2082497;350630;Bernardino de Campos;SP;Sao Paulo;-23,0164;-49,4679;292;292;0;05;;3999;Grande Porte;Baixa/Media Complexidade;100,0
2082519;Hospital CNES 2082519;353550;Paraguaçu Paulista;SP;Sao Paulo;-22,4114;-50,5732;1356;1068;288;05;;3999;Grande Porte;Baixa/Media Complexidade;78,76
2082527;Hospital CNES 2082527;350320;Araraquara;SP;Sao Paulo;-21,7845;-48,178;2372;2024;348;05;;3999;Grande Porte;Baixa/Media Complexidade;85,33
2082535;Hospital CNES 2082535;355030;São Paulo;SP;Sao Paulo;-23,5329;-46,6395;1584;0;1584;05;;2054;Grande Porte;Baixa/Media Complexidade;0,0
2082551;Hospital CNES 2082551;351940;Ibirá;SP;Sao Paulo;-21,083;-49,2448;324;108;216;05;;3999;Grande Porte;Baixa/Media Complexidade;33,33
2082586;Hospital CNES 2082586;353460;Osvaldo Cruz;SP;Sao Paulo;-21,7968;-50,8793;864;696;168;05;;3999;Grande Porte;Baixa/Media Complexidade;80,56
2082594;Hospital CNES 2082594;354880;São Caetano do Sul;SP;Sao Paulo;-23,6229;-46,5548;2160;2004;156;05;;1244;Grande Porte;Baixa/Media Complexidade;92,78
2082608;Hospital CNES 2082608;353030;Mirassol;SP;Sao Paulo;-20,8169;-49,5206;396;0;396;05;;2062;Grande Porte;Baixa/Media Complexidade;0,0
2082624;Hospital CNES 2082624;355030;São Paulo;SP;Sao Paulo;-23,5329;-46,6395;2016;360;1656;05;;3999;Grande Porte;Baixa/Media Complexidade;17,86
2082632;Hospital CNES 2082632;350530;Barra Bonita;SP;Sao Paulo;-22,4909;-48,5583;696;432;264;05;;3999;Grande Porte;Baixa/Media Complexidade;62,07
2082640;Hospital CNES 2082640;351960;Ibitinga;SP;Sao Paulo;-21,7562;-48,8319;1299;720;579;05;;3999;Grande Porte;Baixa/Media Complexidade;55,43
2082659;Hospital CNES 2082659;353300;Nova Granada;SP;Sao Paulo;-20,5321;-49,3123;744;252;492;05;;3999;Grande Porte;Baixa/Media Complexidade;33,87
2082667;Hospital CNES 2082667;353140;Monte Aprazível;SP;Sao Paulo;-20,768;-49,7184;960;360;600;05;;3999;Grande Porte;Baixa/Media Complexidade;37,5
2082675;Hospital CNES 2082675;350280;Araçatuba;SP;Sao Paulo;-21,2076;-50,4401;1032;1032;0;05;;3999;Grande Porte;Baixa/Media Complexidade;100,0
2082691;Hospital CNES 2082691;350210;Andradina;SP;Sao Paulo;-20,8948;-51,3786;1312;868;444;05;;3999;Grande Porte;Baixa/Media Complexidade;66,16
2082705;Hospital CNES 2082705;354390;Rio Claro;SP;Sao Paulo;-22,3984;-47,5546;36;0;36;62;;2062;Pequeno Porte;Baixa/Media Complexidade;0,0
2082721;Hospital CNES 2082721;355060;São Roque;SP;Sao Paulo;-23,5226;-47,1357;840;840;0;05;;3999;Grande Porte;Baixa/Media Complexidade;100,0
2082748;Hospital CNES 2082748;350220;Angatuba;SP;Sao Paulo;-23,4917;-48,4139;684;648;36;05;;3999;Grande Porte;Baixa/Media Complexidade;94,74
2082756;Hospital CNES 2082756;354540;Salto Grande;SP;Sao Paulo;-22,8894;-49,9831;408;264;144;05;;3999;Grande Porte;Baixa/Media Complexidade;64,71
2082780;Hospital CNES 2082780;351160;Cesário Lange;SP;Sao Paulo;-23,226;-47,9545;324;276;48;05;;3999;Grande Porte;Baixa/Media Complexidade;85,19
2082810;Hospital CNES 2082810;351390;Divinolândia;SP;Sao Paulo;-21,6637;-46,7361;2232;2232;0;05;;3999;Grande Porte;Baixa/Media Complexidade;100,0
2082829;Hospital CNES 2082829;355030;São Paulo;SP;Sao Paulo;-23,5329;-46,6395;3432;3072;360;05;;1031;Grande Porte;Baixa/Media Complexidade;89,51
2082845;Hospital CNES 2082845;353390;Olímpia;SP;Sao Paulo;-20,7366;-48,9106;972;600;372;05;;3999;Grande Porte;Baixa/Media Complexidade;61,73
2082853;Hospital CNES 2082853;350590;Batatais;SP;Sao Paulo;-20,8929;-47,5921;1692;1296;396;05;;3999;Grande Porte;Baixa/Media Complexidade;76,6
2082861;Hospital CNES 2082861;351880;Guarulhos;SP;Sao Paulo;-23,4538;-46,5333;1308;1308;0;05;;1244;Grande Porte;Baixa/Media Complexidade;100,0
2082888;Hospital CNES 2082888;354390;Rio Claro;SP;Sao Paulo;-22,3984;-47,5546;2370;1602;768;05;;3999;Grande Porte;Baixa/Media Complexidade;67,59
2082926;Hospital CNES 2082926;351050;Caraguatatuba;SP;Sao Paulo;-23,6125;-45,4125;2052;1452;600;05;;3999;Grande Porte;Baixa/Media Complexidade;70,76
2082934;Hospital CNES 2082934;355300;Taguaí;SP;Sao Paulo;-23,4452;-49,4024;360;300;60;05;;3999;Grande Porte;Baixa/Media Complexidade;83,33
2082942;Hospital CNES 2082942;352800;Macatuba;SP;Sao Paulo;-22,5002;-48,7102;372;216;156;05;;3999;Grande Porte;Baixa/Media Complexidade;58,06
2082977;Hospital CNES 2082977;354140;Presidente Prudente;SP;Sao Paulo;-22,1207;-51,3925;48;0;48;62;;2232;Pequeno Porte;Baixa/Media Complexidade;0,0
2082985;Hospital CNES 2082985;355320;Taiúva;SP;Sao Paulo;-21,1223;-48,4528;48;48;0;15;;1244;Pequeno Porte;Baixa/Media Complexidade;100,0
2083019;Hospital CNES 2083019;353010;Mirandópolis;SP;Sao Paulo;-21,1313;-51,1035;1200;1200;0;05;;1023;Grande Porte;Baixa/Media Complexidade;100,0
2083027;Hospital CNES 2083027;353740;Pereira Barreto;SP;Sao Paulo;-20,6368;-51,1123;672;600;72;05;;3999;Grande Porte;Baixa/Media Complexidade;89,29
2083051;Hospital CNES 2083051;350250;Aparecida;SP;Sao Paulo;-22,8495;-45,2325;1212;896;316;05;;3999;Grande Porte;Baixa/Media Complexidade;73,93
2083086;Hospital CNES 2083086;352530;Jaú;SP;Sao Paulo;-22,2936;-48,5592;3780;2940;840;07;;3069;Grande Porte;Baixa/Media Complexidade;77,78
2083094;Hospital CNES 2083094;350400;Assis;SP;Sao Paulo;-22,66;-50,4183;1488;1488;0;05;;1023;Grande Porte;Baixa/Media Complexidade;100,0
2083116;Hospital CNES 2083116;352900;Marília;SP;Sao Paulo;-22,2171;-49,9501;2340;1152;1188;05;;3999;Grande Porte;Baixa/Media Complexidade;49,23
2083140;Hospital CNES 2083140;354680;Santa Isabel;SP;Sao Paulo;-23,3172;-46,2237;912;768;144;05;;3999;Grande Porte;Baixa/Media Complexidade;84,21
2083159;Hospital CNES 2083159;354390;Rio Claro;SP;Sao Paulo;-22,3984;-47,5546;1596;1116;480;07;;3999;Grande Porte;Baixa/Media Complexidade;69,92
2083175;Hospital CNES 2083175;353780;Piedade;SP;Sao Paulo;-23,7139;-47,4256;876;708;168;05;;3069;Grande Porte;Baixa/Media Complexidade;80,82
2083191;Hospital CNES 2083191;351060;Carapicuíba;SP;Sao Paulo;-23,5235;-46,8407;578;0;578;05;;2054;Grande Porte;Baixa/Media Complexidade;0,0
2083213;Hospital CNES 2083213;355440;Terra Roxa;SP;Sao Paulo;-20,787;-48,3314;408;360;48;05;;3999;Grande Porte;Baixa/Media Complexidade;88,24
2083248;Hospital CNES 2083248;354870;São Bernardo do Campo;SP;Sao Paulo;-23,6914;-46,5646;816;0;816;05;;2062;Grande Porte;Baixa/Media Complexidade;0,0
2083256;Hospital CNES 2083256;353060;Mogi das Cruzes;SP;Sao Paulo;-23,5208;-46,1854;1140;0;1140;05;;2054;Grande Porte;Baixa/Media Complexidade;0,0
2083264;Hospital CNES 2083264;351760;Guapiara;SP;Sao Paulo;-24,1892;-48,5295;72;72;0;05;;1244;Medio Porte;Baixa/Media Complexidade;100,0
2083272;Hospital CNES 2083272;350635;Bertioga;SP;Sao Paulo;-23,8486;-46,1396;588;588;0;05;;1244;Grande Porte;Baixa/Media Complexidade;100,0
2083299;Hospital CNES 2083299;354890;São Carlos;SP;Sao Paulo;-22,0174;-47,886;832;0;832;05;;2143;Grande Porte;Baixa/Media Complexidade;0,0
2083493;Hospital CNES 2083493;354020;Pontal;SP;Sao Paulo;-21,0216;-48,0423;456;360;96;05;;3999;Grande Porte;Baixa/Media Complexidade;78,95
2083604;Hospital CNES 2083604;350450;Avaré;SP;Sao Paulo;-23,1067;-48,9251;2388;1824;564;05;;3999;Grande Porte;Baixa/Media Complexidade;76,38
2083876;Hospital CNES 2083876;351630;Francisco Morato;SP;Sao Paulo;-23,2792;-46,7448;1128;1128;0;05;;3999;Grande Porte;Baixa/Media Complexidade;100,0
2083973;Hospital CNES 2083973;351770;Guará;SP;Sao Paulo;-20,4302;-47,8236;610;558;52;05;;3999;Grande Porte;Baixa/Media Complexidade;91,48
2083981;Hospital CNES 2083981;355240;Sumaré;SP;Sao Paulo;-22,8204;-47,2728;2532;2532;0;05;;1023;Grande Porte;Baixa/Media Complexidade;100,0
2084007;Hospital CNES 2084007;350710;Bom Jesus dos Perdões;SP;Sao Paulo;-23,1356;-46,4675;156;156;0;15;;1244;Grande Porte;Baixa/Media Complexidade;100,0
2084023;Hospital CNES 2084023;353240;Nazaré Paulista;SP;Sao Paulo;-23,1747;-46,3983;264;264;0;05;;1244;Grande Porte;Baixa/Media Complexidade;100,0
2084058;Hospital CNES 2084058;354640;Santa Cruz do Rio Pardo;SP;Sao Paulo;-22,8988;-49,6354;1476;964;512;05;;3999;Grande Porte;Baixa/Media Complexidade;65,31
2084074;Hospital CNES 2084074;355260;Tabapuã;SP;Sao Paulo;-20,9602;-49,0307;360;132;228;05;;3999;Grande Porte;Baixa/Media Complexidade;36,67
2084090;Hospital CNES 2084090;354780;Santo André;SP;Sao Paulo;-23,6737;-46,5432;1260;0;1260;05;;2046;Grande Porte;Baixa/Media Complexidade;0,0
2084120;Hospital CNES 2084120;350330;Araras;SP;Sao Paulo;-22,3572;-47,3842;180;0;180;05;;3999;Grande Porte;Baixa/Media Complexidade;0,0
2084139;Hospital CNES 2084139;355030;São Paulo;SP;Sao Paulo;-23,5329;-46,6395;648;540;108;05;;1031;Grande Porte;Baixa/Media Complexidade;83,33
2084147;Hospital CNES 2084147;354870;São Bernardo do Campo;SP;Sao Paulo;-23,6914;-46,5646;60;40;20;07;;2062;Medio Porte;Baixa/Media Complexidade;66,67
2084163;Hospital CNES 2084163;351380;Diadema;SP;Sao Paulo;-23,6813;-46,6205;3390;3390;0;05;;1023;Grande Porte;Baixa/Media Complexidade;100,0
2084171;Hospital CNES 2084171;355170;Sertãozinho;SP;Sao Paulo;-21,1316;-47,9875;1608;972;636;05;;3999;Grande Porte;Baixa/Media Complexidade;60,45
2084201;Hospital CNES 2084201;353470;Ourinhos;SP;Sao Paulo;-22,9797;-49,8697;432;0;432;05;;2143;Grande Porte;Baixa/Media Complexidade;0,0
2084228;Hospital CNES 2084228;354910;São João da Boa Vista;SP;Sao Paulo;-21,9707;-46,7944;1968;1309;659;05;;3999;Grande Porte;Baixa/Media Complexidade;66,51
2084236;Hospital CNES 2084236;353060;Mogi das Cruzes;SP;Sao Paulo;-23,5208;-46,1854;2062;2040;22;05;;1023;Grande Porte;Baixa/Media Complexidade;98,93
2084244;Hospital CNES 2084244;352050;Indaiatuba;SP;Sao Paulo;-23,0816;-47,2101;1380;828;552;07;;3999;Grande Porte;Baixa/Media Complexidade;60,0
2084252;Hospital CNES 2084252;350950;Campinas;SP;Sao Paulo;-22,9053;-47,0659;228;228;0;07;;3999;Grande Porte;Baixa/Media Complexidade;100,0
2084287;Hospital CNES 2084287;352260;Itapira;SP;Sao Paulo;-22,4357;-46,8224;648;24;624;05;;3999;Grande Porte;Baixa/Media Complexidade;3,7
2084309;Hospital CNES 2084309;355710;Votuporanga;SP;Sao Paulo;-20,4237;-49,9781;405;0;405;05;;2143;Grande Porte;Baixa/Media Complexidade;0,0
2084317;Hospital CNES 2084317;350190;Amparo;SP;Sao Paulo;-22,7088;-46,772;3276;1920;1356;07;;3999;Grande Porte;Baixa/Media Complexidade;58,61
2084333;Hospital CNES 2084333;355030;São Paulo;SP;Sao Paulo;-23,5329;-46,6395;2400;0;2400;05;;2054;Grande Porte;Baixa/Media Complexidade;0,0
2084368;Hospital CNES 2084368;355030;São Paulo;SP;Sao Paulo;-23,5329;-46,6395;876;0;876;05;;2054;Grande Porte;Baixa/Media Complexidade;0,0
2084376;Hospital CNES 2084376;355030;São Paulo;SP;Sao Paulo;-23,5329;-46,6395;1980;0;1980;05;;2054;Grande Porte;Baixa/Media Complexidade;0,0
2084384;Hospital CNES 2084384;351518;Espírito Santo do Pinhal;SP;Sao Paulo;-22,1909;-46,7477;3723;3723;0;07;;3999;Grande Porte;Baixa/Media Complexidade;100,0
2084414;Hospital CNES 2084414;354340;Ribeirão Preto;SP;Sao Paulo;-21,1699;-47,8099;3156;2097;1059;05;;3999;Grande Porte;Baixa/Media Complexidade;66,44
2084422;Hospital CNES 2084422;355040;São Pedro;SP;Sao Paulo;-22,5483;-47,9096;880;720;160;05;;3999;Grande Porte;Baixa/Media Complexidade;81,82
2084430;Hospital CNES 2084430;351220;Conchal;SP;Sao Paulo;-22,3375;-47,1729;600;480;120;05;;3999;Grande Porte;Baixa/Media Complexidade;80,0
2084473;Hospital CNES 2084473;355030;São Paulo;SP;Sao Paulo;-23,5329;-46,6395;1497;1308;189;05;;1031;Grande Porte;Baixa/Media Complexidade;87,37
2084902;Hospital CNES 2084902;354910;São João da Boa Vista;SP;Sao Paulo;-21,9707;-46,7944;672;0;672;05;;2143;Grande Porte;Baixa/Media Complexidade;0,0
2085143;Hospital CNES 2085143;352260;Itapira;SP;Sao Paulo;-22,4357;-46,8224;8897;5377;3520;07;;3069;Grande Porte;Baixa/Media Complexidade;60,44
2085194;Hospital CNES 2085194;352440;Jacareí;SP;Sao Paulo;-23,2983;-45,9658;2064;912;1152;05;;3999;Grande Porte;Baixa/Media Complexidade;44,19
2085569;Hospital CNES 2085569;354990;São José dos Campos;SP;Sao Paulo;-23,1896;-45,8841;1512;1200;312;07;;3999;Grande Porte;Baixa/Media Complexidade;79,37
2085976;Hospital CNES 2085976;350900;Caieiras;SP;Sao Paulo;-23,3607;-46,7397;459;459;0;15;;1244;Grande Porte;Baixa/Media Complexidade;100,0
2086050;Hospital CNES 2086050;352900;Marília;SP;Sao Paulo;-22,2171;-49,9501;384;384;0;07;;3999;Grande Porte;Baixa/Media Complexidade;100,0
2086271;Hospital CNES 2086271;352220;Itapecerica da Serra;SP;Sao Paulo;-23,7161;-46,8572;228;228;0;07;;1120;Grande Porte;Baixa/Media Complexidade;100,0
2086336;Hospital CNES 2086336;352850;Mairiporã;SP;Sao Paulo;-23,3171;-46,5897;132;132;0;05;;3999;Medio Porte;Baixa/Media Complexidade;100,0
2086719;Hospital CNES 2086719;352550;Joanópolis;SP;Sao Paulo;-22,927;-46,2741;138;138;0;05;;3999;Medio Porte;Baixa/Media Complexidade;100,0
2087057;Hospital CNES 2087057;353870;Piracicaba;SP;Sao Paulo;-22,7338;-47,6476;2778;1662;1116;05;;3999;Grande Porte;Baixa/Media Complexidade;59,83
2087103;Hospital CNES 2087103;352690;Limeira;SP;Sao Paulo;-22,566;-47,397;972;600;372;05;;3999;Grande Porte;Baixa/Media Complexidade;61,73
2087111;Hospital CNES 2087111;352720;Lorena;SP;Sao Paulo;-22,7334;-45,1197;1812;1536;276;05;;3999;Grande Porte;Baixa/Media Complexidade;84,77
2087219;Hospital CNES 2087219;350960;Campo Limpo Paulista;SP;Sao Paulo;-23,2078;-46,7889;792;792;0;05;;1244;Grande Porte;Baixa/Media Complexidade;100,0
2087618;Hospital CNES 2087618;355700;Votorantim;SP;Sao Paulo;-23,5446;-47,4388;948;888;60;05;;1244;Grande Porte;Baixa/Media Complexidade;93,67
2087642;Hospital CNES 2087642;350490;Bananal;SP;Sao Paulo;-22,6819;-44,3281;180;180;0;15;;1244;Grande Porte;Baixa/Media Complexidade;100,0
2087715;Hospital CNES 2087715;351907;Hortolândia;SP;Sao Paulo;-22,8529;-47,2143;828;792;36;05;;1244;Grande Porte;Baixa/Media Complexidade;95,65
2087804;Hospital CNES 2087804;352210;Itanhaém;SP;Sao Paulo;-24,1736;-46,788;2172;2156;16;05;;1023;Grande Porte;Baixa/Media Complexidade;99,26
2088193;Hospital CNES 2088193;353080;Mogi Mirim;SP;Sao Paulo;-22,4332;-46,9532;972;936;36;05;;3999;Grande Porte;Baixa/Media Complexidade;96,3
2088487;Hospital CNES 2088487;353350;Novo Horizonte;SP;Sao Paulo;-21,4651;-49,2234;996;588;408;05;;3999;Grande Porte;Baixa/Media Complexidade;59,04
2088495;Hospital CNES 2088495;355030;São Paulo;SP;Sao Paulo;-23,5329;-46,6395;4858;4632;226;07;;3069;Grande Porte;Baixa/Media Complexidade;95,35
2088517;Hospital CNES 2088517;355030;São Paulo;SP;Sao Paulo;-23,5329;-46,6395;1368;1296;72;07;;1023;Grande Porte;Baixa/Media Complexidade;94,74
2088525;Hospital CNES 2088525;352970;Miguelópolis;SP;Sao Paulo;-20,1796;-48,031;864;612;252;05;;3999;Grande Porte;Baixa/Media Complexidade;70,83
2088576;Hospital CNES 2088576;355030;São Paulo;SP;Sao Paulo;-23,5329;-46,6395;2016;2016;0;05;;1023;Grande Porte;Baixa/Media Complexidade;100,0
2089084;Hospital CNES 2089084;355030;São Paulo;SP;Sao Paulo;-23,5329;-46,6395;684;0;684;07;;2240;Grande Porte;Baixa/Media Complexidade;0,0
2089203;Hospital CNES 2089203;355030;São Paulo;SP;Sao Paulo;-23,5329;-46,6395;1728;0;1728;07;;3999;Grande Porte;Baixa/Media Complexidade;0,0
2089238;Hospital CNES 2089238;355030;São Paulo;SP;Sao Paulo;-23,5329;-46,6395;296;0;296;05;;2054;Grande Porte;Baixa/Media Complexidade;0,0
2089327;Hospital CNES 2089327;351110;Catanduva;SP;Sao Paulo;-21,1314;-48,977;2484;1668;816;05;;3069;Grande Porte;Baixa/Media Complexidade;67,15
2089335;Hospital CNES 2089335;351110;Catanduva;SP;Sao Paulo;-21,1314;-48,977;1968;1704;264;05;;3069;Grande Porte;Baixa/Media Complexidade;86,59
2089432;Hospital CNES 2089432;352220;Itapecerica da Serra;SP;Sao Paulo;-23,7161;-46,8572;3000;0;3000;07;;2062;Grande Porte;Baixa/Media Complexidade;0,0
2089483;Hospital CNES 2089483;355030;São Paulo;SP;Sao Paulo;-23,5329;-46,6395;708;0;708;05;;2062;Grande Porte;Baixa/Media Complexidade;0,0
2089548;Hospital CNES 2089548;353950;Pitangueiras;SP;Sao Paulo;-21,0132;-48,221;600;384;216;05;;3999;Grande Porte;Baixa/Media Complexidade;64,0
2089564;Hospital CNES 2089564;355030;São Paulo;SP;Sao Paulo;-23,5329;-46,6395;336;0;336;05;;2062;Grande Porte;Baixa/Media Complexidade;0,0
2089572;Hospital CNES 2089572;355030;São Paulo;SP;Sao Paulo;-23,5329;-46,6395;2448;2448;0;07;;3999;Grande Porte;Baixa/Media Complexidade;100,0
2089599;Hospital CNES 2089599;355030;São Paulo;SP;Sao Paulo;-23,5329;-46,6395;1908;0;1908;05;;2046;Grande Porte;Baixa/Media Complexidade;0,0
2089602;Hospital CNES 2089602;355030;São Paulo;SP;Sao Paulo;-23,5329;-46,6395;3108;228;2880;05;;3999;Grande Porte;Baixa/Media Complexidade;7,34
2089610;Hospital CNES 2089610;355030;São Paulo;SP;Sao Paulo;-23,5329;-46,6395;1884;0;1884;05;;3069;Grande Porte;Baixa/Media Complexidade;0,0
2089653;Hospital CNES 2089653;355030;São Paulo;SP;Sao Paulo;-23,5329;-46,6395;256;0;256;05;;2054;Grande Porte;Baixa/Media Complexidade;0,0
2089661;Hospital CNES 2089661;355030;São Paulo;SP;Sao Paulo;-23,5329;-46,6395;180;0;180;05;;2240;Grande Porte;Baixa/Media Complexidade;0,0
2089696;Hospital CNES 2089696;355030;São Paulo;SP;Sao Paulo;-23,5329;-46,6395;1137;807;330;07;;3999;Grande Porte;Baixa/Media Complexidade;70,98
2089777;Hospital CNES 2089777;355030;São Paulo;SP;Sao Paulo;-23,5329;-46,6395;2940;0;2940;05;;3999;Grande Porte;Baixa/Media Complexidade;0,0
2089785;Hospital CNES 2089785;355030;São Paulo;SP;Sao Paulo;-23,5329;-46,6395;1812;1752;60;07;;3069;Grande Porte;Baixa/Media Complexidade;96,69
2090171;Hospital CNES 2090171;350170;Américo Brasiliense;SP;Sao Paulo;-21,7288;-48,1147;216;216;0;15;;1244;Grande Porte;Baixa/Media Complexidade;100,0
2090236;Hospital CNES 2090236;350550;Barretos;SP;Sao Paulo;-20,5531;-48,5698;2772;2772;0;07;;3069;Grande Porte;Baixa/Media Complexidade;100,0
2090309;Hospital CNES 2090309;350750;Botucatu;SP;Sao Paulo;-22,8837;-48,4437;504;504;0;07;;1023;Grande Porte;Baixa/Media Complexidade;100,0
2090333;Hospital CNES 2090333;351140;Cerqueira César;SP;Sao Paulo;-23,038;-49,1655;468;432;36;05;;3999;Grande Porte;Baixa/Media Complexidade;92,31
2090376;Hospital CNES 2090376;351210;Colômbia;SP;Sao Paulo;-20,1768;-48,6865;240;240;0;15;;1244;Grande Porte;Baixa/Media Complexidade;100,0
2090422;Hospital CNES 2090422;351260;Coronel Macedo;SP;Sao Paulo;-23,6261;-49,31;24;24;0;15;;1244;Pequeno Porte;Baixa/Media Complexidade;100,0
2090457;Hospital CNES 2090457;351270;Corumbataí;SP;Sao Paulo;-22,2213;-47,6215;24;24;0;15;;1244;Pequeno Porte;Baixa/Media Complexidade;100,0
2090619;Hospital CNES 2090619;352020;Igaratá;SP;Sao Paulo;-23,2037;-46,157;96;96;0;15;;1244;Medio Porte;Baixa/Media Complexidade;100,0
2090961;Hospital CNES 2090961;352930;Matão;SP;Sao Paulo;-21,6025;-48,364;2328;1464;864;05;;3999;Grande Porte;Baixa/Media Complexidade;62,89
2091267;Hospital CNES 2091267;354750;Santa Rita do Passa Quatro;SP;Sao Paulo;-21,7083;-47,478;396;252;144;05;;3999;Grande Porte;Baixa/Media Complexidade;63,64
2091275;Hospital CNES 2091275;354750;Santa Rita do Passa Quatro;SP;Sao Paulo;-21,7083;-47,478;2719;2719;0;07;;1023;Grande Porte;Baixa/Media Complexidade;100,0
2091305;Hospital CNES 2091305;354980;São José do Rio Preto;SP;Sao Paulo;-20,8113;-49,3758;24;12;12;62;;2062;Pequeno Porte;Baixa/Media Complexidade;50,0
2091313;Hospital CNES 2091313;355030;São Paulo;SP;Sao Paulo;-23,5329;-46,6395;2544;2508;36;05;;1023;Grande Porte;Baixa/Media Complexidade;98,58
2091356;Hospital CNES 2091356;355030;São Paulo;SP;Sao Paulo;-23,5329;-46,6395;132;132;0;07;;1023;Medio Porte;Baixa/Media Complexidade;100,0
2091399;Hospital CNES 2091399;355030;São Paulo;SP;Sao Paulo;-23,5329;-46,6395;719;696;23;07;;3999;Grande Porte;Baixa/Media Complexidade;96,8
2091542;Hospital CNES 2091542;355030;São Paulo;SP;Sao Paulo;-23,5329;-46,6395;228;228;0;62;;1023;Grande Porte;Baixa/Media Complexidade;100,0
2091550;Hospital CNES 2091550;355030;São Paulo;SP;Sao Paulo;-23,5329;-46,6395;372;372;0;05;;3999;Grande Porte;Baixa/Media Complexidade;100,0
2091577;Hospital CNES 2091577;355030;São Paulo;SP;Sao Paulo;-23,5329;-46,6395;24;0;24;36;;3999;Pequeno Porte;Baixa/Media Complexidade;0,0
2091585;Hospital CNES 2091585;355030;São Paulo;SP;Sao Paulo;-23,5329;-46,6395;1969;1969;0;05;;1023;Grande Porte;Baixa/Media Complexidade;100,0
2091658;Hospital CNES 2091658;355030;São Paulo;SP;Sao Paulo;-23,5329;-46,6395;72;72;0;62;;1031;Medio Porte;Baixa/Media Complexidade;100,0
2091666;Hospital CNES 2091666;355030;São Paulo;SP;Sao Paulo;-23,5329;-46,6395;12;0;12;62;;3999;Micro Porte;Baixa/Media Complexidade;0,0
2091755;Hospital CNES 2091755;355030;São Paulo;SP;Sao Paulo;-23,5329;-46,6395;2028;1920;108;05;;1023;Grande Porte;Baixa/Media Complexidade;94,67
2091763;Hospital CNES 2091763;355030;São Paulo;SP;Sao Paulo;-23,5329;-46,6395;1560;0;1560;07;;2240;Grande Porte;Baixa/Media Complexidade;0,0
2091801;Hospital CNES 2091801;355030;São Paulo;SP;Sao Paulo;-23,5329;-46,6395;1140;0;1140;05;;2062;Grande Porte;Baixa/Media Complexidade;0,0
2092093;Hospital CNES 2092093;355680;Viradouro;SP;Sao Paulo;-20,8734;-48,293;576;360;216;05;;3999;Grande Porte;Baixa/Media Complexidade;62,5
2092107;Hospital CNES 2092107;351640;Franco da Rocha;SP;Sao Paulo;-23,3229;-46,729;18;18;0;05;;1023;Pequeno Porte;Baixa/Media Complexidade;100,0
2092298;Hospital CNES 2092298;352390;Itu;SP;Sao Paulo;-23,2544;-47,2927;1272;1272;0;05;;1244;Grande Porte;Baixa/Media Complexidade;100,0
2092395;Hospital CNES 2092395;351930;Ibaté;SP;Sao Paulo;-21,9584;-47,9882;324;324;0;05;;1244;Grande Porte;Baixa/Media Complexidade;100,0
2092611;Hospital CNES 2092611;350550;Barretos;SP;Sao Paulo;-20,5531;-48,5698;3168;2622;546;05;;3999;Grande Porte;Baixa/Media Complexidade;82,77
2092638;Hospital CNES 2092638;351540;Fartura;SP;Sao Paulo;-23,3916;-49,5124;240;144;96;05;;3999;Grande Porte;Baixa/Media Complexidade;60,0
2092980;Hospital CNES 2092980;350580;Bastos;SP;Sao Paulo;-21,921;-50,7357;369;244;125;05;;3999;Grande Porte;Baixa/Media Complexidade;66,12
2093022;Hospital CNES 2093022;351480;Eldorado;SP;Sao Paulo;-24,5281;-48,1141;24;24;0;20;;1244;Pequeno Porte;Baixa/Media Complexidade;100,0
2093227;Hospital CNES 2093227;352180;Itaí;SP;Sao Paulo;-23,4213;-49,092;426;416;10;05;;3999;Grande Porte;Baixa/Media Complexidade;97,65
2093324;Hospital CNES 2093324;351550;Fernandópolis;SP;Sao Paulo;-20,2806;-50,2471;1512;1116;396;05;;3999;Grande Porte;Baixa/Media Complexidade;73,81
2093332;Hospital CNES 2093332;354660;Santa Fé do Sul;SP;Sao Paulo;-20,2083;-50,932;1092;804;288;05;;3999;Grande Porte;Baixa/Media Complexidade;73,63
2093405;Hospital CNES 2093405;353260;Nhandeara;SP;Sao Paulo;-20,6945;-50,0436;960;132;828;07;;3999;Grande Porte;Baixa/Media Complexidade;13,75
2093502;Hospital CNES 2093502;353260;Nhandeara;SP;Sao Paulo;-20,6945;-50,0436;588;288;300;05;;3999;Grande Porte;Baixa/Media Complexidade;48,98
2093677;Hospital CNES 2093677;350550;Barretos;SP;Sao Paulo;-20,5531;-48,5698;60;60;0;70;;1244;Medio Porte;Baixa/Media Complexidade;100,0
2095777;Hospital CNES 2095777;352590;Jundiaí;SP;Sao Paulo;-23,1852;-46,8974;60;60;0;70;;1244;Medio Porte;Baixa/Media Complexidade;100,0
2095912;Hospital CNES 2095912;351200;Colina;SP;Sao Paulo;-20,7114;-48,5387;768;612;156;05;;3999;Grande Porte;Baixa/Media Complexidade;79,69
2096005;Hospital CNES 2096005;353130;Monte Alto;SP;Sao Paulo;-21,2655;-48,4971;420;72;348;05;;2143;Grande Porte;Baixa/Media Complexidade;17,14
2096196;Hospital CNES 2096196;350920;Cajamar;SP;Sao Paulo;-23,355;-46,8781;612;492;120;05;;1244;Grande Porte;Baixa/Media Complexidade;80,39
2096412;Hospital CNES 2096412;352440;Jacareí;SP;Sao Paulo;-23,2983;-45,9658;1716;1668;48;05;;3999;Grande Porte;Baixa/Media Complexidade;97,2
2096463;Hospital CNES 2096463;353070;Mogi Guaçu;SP;Sao Paulo;-22,3675;-46,9428;2336;1572;764;05;;3999;Grande Porte;Baixa/Media Complexidade;67,29
2096498;Hospital CNES 2096498;353070;Mogi Guaçu;SP;Sao Paulo;-22,3675;-46,9428;756;756;0;05;;1244;Grande Porte;Baixa/Media Complexidade;100,0
2096617;Hospital CNES 2096617;354080;Potirendaba;SP;Sao Paulo;-21,0428;-49,3815;384;336;48;05;;3999;Grande Porte;Baixa/Media Complexidade;87,5
2097117;Hospital CNES 2097117;354980;São José do Rio Preto;SP;Sao Paulo;-20,8113;-49,3758;1632;0;1632;05;;2054;Grande Porte;Baixa/Media Complexidade;0,0
2097613;Hospital CNES 2097613;354980;São José do Rio Preto;SP;Sao Paulo;-20,8113;-49,3758;2748;244;2504;05;;3999;Grande Porte;Baixa/Media Complexidade;8,88
2097648;Hospital CNES 2097648;354980;São José do Rio Preto;SP;Sao Paulo;-20,8113;-49,3758;2508;1920;588;07;;3999;Grande Porte;Baixa/Media Complexidade;76,56
2097656;Hospital CNES 2097656;354980;São José do Rio Preto;SP;Sao Paulo;-20,8113;-49,3758;60;0;60;62;;2062;Medio Porte;Baixa/Media Complexidade;0,0
2097877;Hospital CNES 2097877;355620;Valinhos;SP;Sao Paulo;-22,9698;-46,9974;1248;804;444;05;;3999;Grande Porte;Baixa/Media Complexidade;64,42
2680785;Hospital CNES 2680785;355030;São Paulo;SP;Sao Paulo;-23,5329;-46,6395;140;0;140;05;;2054;Medio Porte;Baixa/Media Complexidade;0,0
2688255;Hospital CNES 2688255;350160;Americana;SP;Sao Paulo;-22,7374;-47,3331;24;0;24;62;;2062;Pequeno Porte;Baixa/Media Complexidade;0,0
2688433;Hospital CNES 2688433;350760;Bragança Paulista;SP;Sao Paulo;-22,9527;-46,5419;1771;793;978;05;;3999;Grande Porte;Baixa/Media Complexidade;44,78
2688514;Hospital CNES 2688514;355030;São Paulo;SP;Sao Paulo;-23,5329;-46,6395;924;924;0;07;;1023;Grande Porte;Baixa/Media Complexidade;100,0
2688522;Hospital CNES 2688522;355030;São Paulo;SP;Sao Paulo;-23,5329;-46,6395;3372;3180;192;07;;3999;Grande Porte;Baixa/Media Complexidade;94,31
2688565;Hospital CNES 2688565;355030;São Paulo;SP;Sao Paulo;-23,5329;-46,6395;3504;0;3504;05;;3999;Grande Porte;Baixa/Media Complexidade;0,0
2688573;Hospital CNES 2688573;355030;São Paulo;SP;Sao Paulo;-23,5329;-46,6395;2430;2310;120;05;;1023;Grande Porte;Baixa/Media Complexidade;95,06
2688581;Hospital CNES 2688581;355030;São Paulo;SP;Sao Paulo;-23,5329;-46,6395;5484;5484;0;05;;3999;Grande Porte;Baixa/Media Complexidade;100,0
2688603;Hospital CNES 2688603;355030;São Paulo;SP;Sao Paulo;-23,5329;-46,6395;3960;0;3960;05;;3999;Grande Porte;Baixa/Media Complexidade;0,0
2688611;Hospital CNES 2688611;355030;São Paulo;SP;Sao Paulo;-23,5329;-46,6395;3288;0;3288;05;;2046;Grande Porte;Baixa/Media Complexidade;0,0
2688638;Hospital CNES 2688638;355030;São Paulo;SP;Sao Paulo;-23,5329;-46,6395;192;192;0;07;;3999;Grande Porte;Baixa/Media Complexidade;100,0
2688689;Hospital CNES 2688689;355030;São Paulo;SP;Sao Paulo;-23,5329;-46,6395;13088;12936;152;05;;3999;Grande Porte;Baixa/Media Complexidade;98,84
2688700;Hospital CNES 2688700;350160;Americana;SP;Sao Paulo;-22,7374;-47,3331;960;0;960;05;;2054;Grande Porte;Baixa/Media Complexidade;0,0
2690764;Hospital CNES 2690764;352940;Mauá;SP;Sao Paulo;-23,6677;-46,4613;1380;0;1380;05;;2054;Grande Porte;Baixa/Media Complexidade;0,0
2698129;Hospital CNES 2698129;354850;Santos;SP;Sao Paulo;-23,9535;-46,335;48;48;0;70;;1244;Pequeno Porte;Baixa/Media Complexidade;100,0
2698374;Hospital CNES 2698374;354120;Presidente Bernardes;SP;Sao Paulo;-22,0082;-51,5565;612;486;126;05;;3999;Grande Porte;Baixa/Media Complexidade;79,41
2698439;Hospital CNES 2698439;354850;Santos;SP;Sao Paulo;-23,9535;-46,335;12;12;0;36;;1244;Micro Porte;Baixa/Media Complexidade;100,0
2698463;Hospital CNES 2698463;354850;Santos;SP;Sao Paulo;-23,9535;-46,335;612;552;60;05;;1244;Grande Porte;Baixa/Media Complexidade;90,2
2698471;Hospital CNES 2698471;354850;Santos;SP;Sao Paulo;-23,9535;-46,335;840;840;0;05;;1244;Grande Porte;Baixa/Media Complexidade;100,0
2699915;Hospital CNES 2699915;355670;Vinhedo;SP;Sao Paulo;-23,0302;-46,9833;1236;744;492;05;;3999;Grande Porte;Baixa/Media Complexidade;60,19
2701561;Hospital CNES 2701561;352590;Jundiaí;SP;Sao Paulo;-23,1852;-46,8974;36;36;0;62;;3999;Pequeno Porte;Baixa/Media Complexidade;100,0
2702193;Hospital CNES 2702193;355540;Ubatuba;SP;Sao Paulo;-23,4332;-45,0834;1108;1004;104;05;;3999;Grande Porte;Baixa/Media Complexidade;90,61
2702622;Hospital CNES 2702622;354850;Santos;SP;Sao Paulo;-23,9535;-46,335;324;0;324;07;;2062;Grande Porte;Baixa/Media Complexidade;0,0
2704900;Hospital CNES 2704900;350760;Bragança Paulista;SP;Sao Paulo;-22,9527;-46,5419;2892;1980;912;05;;3999;Grande Porte;Baixa/Media Complexidade;68,46
2705044;Hospital CNES 2705044;354980;São José do Rio Preto;SP;Sao Paulo;-20,8113;-49,3758;24;0;24;62;;2062;Pequeno Porte;Baixa/Media Complexidade;0,0
2705222;Hospital CNES 2705222;353050;Mococa;SP;Sao Paulo;-21,4647;-47,0024;1740;1152;588;05;;3999;Grande Porte;Baixa/Media Complexidade;66,21
2705249;Hospital CNES 2705249;354300;Ribeirão Branco;SP;Sao Paulo;-24,2206;-48,7635;336;336;0;05;;1244;Grande Porte;Baixa/Media Complexidade;100,0
2705869;Hospital CNES 2705869;351620;Franca;SP;Sao Paulo;-20,5352;-47,4039;120;120;0;70;;1244;Medio Porte;Baixa/Media Complexidade;100,0
2705982;Hospital CNES 2705982;351620;Franca;SP;Sao Paulo;-20,5352;-47,4039;4110;3812;298;05;;3069;Grande Porte;Baixa/Media Complexidade;92,75
2707209;Hospital CNES 2707209;354850;Santos;SP;Sao Paulo;-23,9535;-46,335;96;96;0;36;;1244;Medio Porte;Baixa/Media Complexidade;100,0
2708523;Hospital CNES 2708523;355220;Sorocaba;SP;Sao Paulo;-23,4969;-47,4451;72;0;72;62;;2062;Medio Porte;Baixa/Media Complexidade;0,0
2708558;Hospital CNES 2708558;355220;Sorocaba;SP;Sao Paulo;-23,4969;-47,4451;1545;20;1525;05;;2054;Grande Porte;Baixa/Media Complexidade;1,29
2708566;Hospital CNES 2708566;355220;Sorocaba;SP;Sao Paulo;-23,4969;-47,4451;3960;156;3804;05;;2143;Grande Porte;Baixa/Media Complexidade;3,94
2708779;Hospital CNES 2708779;355220;Sorocaba;SP;Sao Paulo;-23,4969;-47,4451;3036;3000;36;05;;3999;Grande Porte;Baixa/Media Complexidade;98,81
2716089;Hospital CNES 2716089;354100;Praia Grande;SP;Sao Paulo;-24,0084;-46,4121;12;12;0;62;;1244;Micro Porte;Baixa/Media Complexidade;100,0
2716097;Hospital CNES 2716097;354100;Praia Grande;SP;Sao Paulo;-24,0084;-46,4121;2892;2892;0;05;;1244;Grande Porte;Baixa/Media Complexidade;100,0
2716275;Hospital CNES 2716275;353030;Mirassol;SP;Sao Paulo;-20,8169;-49,5206;552;336;216;05;;3999;Grande Porte;Baixa/Media Complexidade;60,87
2716291;Hospital CNES 2716291;353475;Ouroeste;SP;Sao Paulo;-20,0061;-50,3768;396;336;60;05;;1244;Grande Porte;Baixa/Media Complexidade;84,85
2716593;Hospital CNES 2716593;350100;Altinópolis;SP;Sao Paulo;-21,0214;-47,3712;252;228;24;05;;3999;Grande Porte;Baixa/Media Complexidade;90,48
2716801;Hospital CNES 2716801;352590;Jundiaí;SP;Sao Paulo;-23,1852;-46,8974;192;144;48;07;;3999;Grande Porte;Baixa/Media Complexidade;75,0
2717980;Hospital CNES 2717980;355250;Suzano;SP;Sao Paulo;-23,5448;-46,3112;12;12;0;36;;1244;Micro Porte;Baixa/Media Complexidade;100,0
2718324;Hospital CNES 2718324;351880;Guarulhos;SP;Sao Paulo;-23,4538;-46,5333;1152;0;1152;05;;2062;Grande Porte;Baixa/Media Complexidade;0,0
2745356;Hospital CNES 2745356;351670;Garça;SP;Sao Paulo;-22,2125;-49,6546;2184;2029;155;07;;3999;Grande Porte;Baixa/Media Complexidade;92,9
2745402;Hospital CNES 2745402;351600;Flórida Paulista;SP;Sao Paulo;-21,6127;-51,1724;564;360;204;05;;3999;Grande Porte;Baixa/Media Complexidade;63,83
2745798;Hospital CNES 2745798;353430;Orlândia;SP;Sao Paulo;-20,7169;-47,8852;1176;720;456;05;;3999;Grande Porte;Baixa/Media Complexidade;61,22
2745801;Hospital CNES 2745801;353190;Morro Agudo;SP;Sao Paulo;-20,7288;-48,0581;732;564;168;05;;3999;Grande Porte;Baixa/Media Complexidade;77,05
2746220;Hospital CNES 2746220;351640;Franco da Rocha;SP;Sao Paulo;-23,3229;-46,729;252;252;0;07;;1023;Grande Porte;Baixa/Media Complexidade;100,0
2746298;Hospital CNES 2746298;354760;Santa Rosa de Viterbo;SP;Sao Paulo;-21,4776;-47,3622;384;228;156;05;;3999;Grande Porte;Baixa/Media Complexidade;59,38
2747308;Hospital CNES 2747308;355370;Taquaritinga;SP;Sao Paulo;-21,4049;-48,5103;48;36;12;62;;3999;Pequeno Porte;Baixa/Media Complexidade;75,0
2747685;Hospital CNES 2747685;353290;Nova Europa;SP;Sao Paulo;-21,7765;-48,5705;198;147;51;05;;3999;Grande Porte;Baixa/Media Complexidade;74,24
2747693;Hospital CNES 2747693;354290;Ribeirão Bonito;SP;Sao Paulo;-22,0685;-48,182;156;120;36;05;;3999;Grande Porte;Baixa/Media Complexidade;76,92
2747871;Hospital CNES 2747871;352040;Ilhabela;SP;Sao Paulo;-23,7785;-45,3552;564;564;0;05;;1244;Grande Porte;Baixa/Media Complexidade;100,0
2748029;Hospital CNES 2748029;354990;São José dos Campos;SP;Sao Paulo;-23,1896;-45,8841;2532;1524;1008;05;;3999;Grande Porte;Baixa/Media Complexidade;60,19
2748223;Hospital CNES 2748223;350750;Botucatu;SP;Sao Paulo;-22,8837;-48,4437;7968;6216;1752;05;;3069;Grande Porte;Baixa/Media Complexidade;78,01
2748320;Hospital CNES 2748320;354700;Santa Maria da Serra;SP;Sao Paulo;-22,5661;-48,1593;72;72;0;15;;1244;Medio Porte;Baixa/Media Complexidade;100,0
2748436;Hospital CNES 2748436;351170;Charqueada;SP;Sao Paulo;-22,5096;-47,7755;399;312;87;05;;3999;Grande Porte;Baixa/Media Complexidade;78,2
2748568;Hospital CNES 2748568;351040;Capivari;SP;Sao Paulo;-22,9951;-47,5071;876;816;60;05;;3999;Grande Porte;Baixa/Media Complexidade;93,15
2748746;Hospital CNES 2748746;351490;Elias Fausto;SP;Sao Paulo;-23,0428;-47,3682;72;72;0;15;;1244;Medio Porte;Baixa/Media Complexidade;100,0
2749033;Hospital CNES 2749033;351080;Casa Branca;SP;Sao Paulo;-21,7708;-47,0852;3756;3756;0;07;;1023;Grande Porte;Baixa/Media Complexidade;100,0
2749149;Hospital CNES 2749149;355330;Tambaú;SP;Sao Paulo;-21,7029;-47,2703;432;336;96;05;;3999;Grande Porte;Baixa/Media Complexidade;77,78
2749319;Hospital CNES 2749319;355410;Taubaté;SP;Sao Paulo;-23,0104;-45,5593;2472;2472;0;05;;1244;Grande Porte;Baixa/Media Complexidade;100,0
2750511;Hospital CNES 2750511;354140;Presidente Prudente;SP;Sao Paulo;-22,1207;-51,3925;792;612;180;07;;1023;Grande Porte;Baixa/Media Complexidade;77,27
2750538;Hospital CNES 2750538;351990;Iepê;SP;Sao Paulo;-22,6602;-51,0779;216;216;0;05;;1244;Grande Porte;Baixa/Media Complexidade;100,0
2750546;Hospital CNES 2750546;354425;Rosana;SP;Sao Paulo;-22,5782;-53,0603;894;894;0;05;;1023;Grande Porte;Baixa/Media Complexidade;100,0
2750988;Hospital CNES 2750988;351440;Dracena;SP;Sao Paulo;-21,4843;-51,535;1956;1536;420;05;;3999;Grande Porte;Baixa/Media Complexidade;78,53
2751003;Hospital CNES 2751003;352600;Junqueirópolis;SP;Sao Paulo;-21,5103;-51,4342;552;300;252;05;;3999;Grande Porte;Baixa/Media Complexidade;54,35
2751011;Hospital CNES 2751011;352920;Martinópolis;SP;Sao Paulo;-22,1462;-51,1709;505;450;55;05;;3999;Grande Porte;Baixa/Media Complexidade;89,11
2751038;Hospital CNES 2751038;354130;Presidente Epitácio;SP;Sao Paulo;-21,7651;-52,1111;936;816;120;05;;3999;Grande Porte;Baixa/Media Complexidade;87,18
2751046;Hospital CNES 2751046;354770;Santo Anastácio;SP;Sao Paulo;-21,9747;-51,6527;672;444;228;05;;3999;Grande Porte;Baixa/Media Complexidade;66,07
2751518;Hospital CNES 2751518;351050;Caraguatatuba;SP;Sao Paulo;-23,6125;-45,4125;36;0;36;36;;2062;Pequeno Porte;Baixa/Media Complexidade;0,0
2751569;Hospital CNES 2751569;351150;Cerquilho;SP;Sao Paulo;-23,1665;-47,7459;480;324;156;05;;3999;Grande Porte;Baixa/Media Complexidade;67,5
2751623;Hospital CNES 2751623;351518;Espírito Santo do Pinhal;SP;Sao Paulo;-22,1909;-46,7477;1020;660;360;05;;3999;Grande Porte;Baixa/Media Complexidade;64,71
2751674;Hospital CNES 2751674;352280;Itaporanga;SP;Sao Paulo;-23,7043;-49,4819;504;360;144;05;;3999;Grande Porte;Baixa/Media Complexidade;71,43
2751704;Hospital CNES 2751704;352410;Ituverava;SP;Sao Paulo;-20,3355;-47,7902;1240;816;424;05;;3999;Grande Porte;Baixa/Media Complexidade;65,81
2751747;Hospital CNES 2751747;352940;Mauá;SP;Sao Paulo;-23,6677;-46,4613;966;0;966;05;;3999;Grande Porte;Baixa/Media Complexidade;0,0
2751852;Hospital CNES 2751852;355030;São Paulo;SP;Sao Paulo;-23,5329;-46,6395;72;72;0;62;;1031;Medio Porte;Baixa/Media Complexidade;100,0
2751860;Hospital CNES 2751860;355030;São Paulo;SP;Sao Paulo;-23,5329;-46,6395;96;96;0;62;;1031;Medio Porte;Baixa/Media Complexidade;100,0
2751925;Hospital CNES 2751925;355030;São Paulo;SP;Sao Paulo;-23,5329;-46,6395;168;168;0;62;;1031;Grande Porte;Baixa/Media Complexidade;100,0
2751933;Hospital CNES 2751933;355030;São Paulo;SP;Sao Paulo;-23,5329;-46,6395;96;96;0;62;;1031;Medio Porte;Baixa/Media Complexidade;100,0
2751976;Hospital CNES 2751976;355030;São Paulo;SP;Sao Paulo;-23,5329;-46,6395;96;96;0;62;;1031;Medio Porte;Baixa/Media Complexidade;100,0
2752077;Hospital CNES 2752077;355030;São Paulo;SP;Sao Paulo;-23,5329;-46,6395;2438;168;2270;05;;1120;Grande Porte;Baixa/Media Complexidade;6,89
2754819;Hospital CNES 2754819;351050;Caraguatatuba;SP;Sao Paulo;-23,6125;-45,4125;12;0;12;62;;2062;Micro Porte;Baixa/Media Complexidade;0,0
2754843;Hospital CNES 2754843;351870;Guarujá;SP;Sao Paulo;-23,9888;-46,258;2568;2568;0;05;;3999;Grande Porte;Baixa/Media Complexidade;100,0
2755092;Hospital CNES 2755092;353800;Pindamonhangaba;SP;Sao Paulo;-22,9246;-45,4613;2592;1932;660;05;;3999;Grande Porte;Baixa/Media Complexidade;74,54
2755130;Hospital CNES 2755130;354140;Presidente Prudente;SP;Sao Paulo;-22,1207;-51,3925;5568;5328;240;05;;1023;Grande Porte;Baixa/Media Complexidade;95,69
2758245;Hospital CNES 2758245;352710;Lins;SP;Sao Paulo;-21,6718;-49,7526;1272;1056;216;05;;3999;Grande Porte;Baixa/Media Complexidade;83,02
2765934;Hospital CNES 2765934;355070;São Sebastião;SP;Sao Paulo;-23,7951;-45,4143;1028;1016;12;05;;3999;Grande Porte;Baixa/Media Complexidade;98,83
2765942;Hospital CNES 2765942;355220;Sorocaba;SP;Sao Paulo;-23,4969;-47,4451;1680;1032;648;05;;3069;Grande Porte;Baixa/Media Complexidade;61,43
2766167;Hospital CNES 2766167;354400;Rio das Pedras;SP;Sao Paulo;-22,8417;-47,6047;432;384;48;05;;3999;Grande Porte;Baixa/Media Complexidade;88,89
2766221;Hospital CNES 2766221;355030;São Paulo;SP;Sao Paulo;-23,5329;-46,6395;120;96;24;70;;1031;Medio Porte;Baixa/Media Complexidade;80,0
2772310;Hospital CNES 2772310;353870;Piracicaba;SP;Sao Paulo;-22,7338;-47,6476;3876;2424;1452;05;;3999;Grande Porte;Baixa/Media Complexidade;62,54
2773333;Hospital CNES 2773333;351830;Guararema;SP;Sao Paulo;-23,4112;-46,0369;372;348;24;05;;3999;Grande Porte;Baixa/Media Complexidade;93,55
2774720;Hospital CNES 2774720;350070;Agudos;SP;Sao Paulo;-22,4694;-48,9863;648;456;192;05;;3999;Grande Porte;Baixa/Media Complexidade;70,37
2784602;Hospital CNES 2784602;352050;Indaiatuba;SP;Sao Paulo;-23,0816;-47,2101;3588;2673;915;05;;3069;Grande Porte;Baixa/Media Complexidade;74,5
2784874;Hospital CNES 2784874;353060;Mogi das Cruzes;SP;Sao Paulo;-23,5208;-46,1854;780;0;780;05;;2062;Grande Porte;Baixa/Media Complexidade;0,0
2785188;Hospital CNES 2785188;355280;Taboão da Serra;SP;Sao Paulo;-23,6019;-46,7526;783;783;0;05;;1244;Grande Porte;Baixa/Media Complexidade;100,0
2785382;Hospital CNES 2785382;353930;Pirassununga;SP;Sao Paulo;-21,996;-47,4257;1284;780;504;05;;3999;Grande Porte;Baixa/Media Complexidade;60,75
2786435;Hospital CNES 2786435;352590;Jundiaí;SP;Sao Paulo;-23,1852;-46,8974;3349;3229;120;05;;3999;Grande Porte;Baixa/Media Complexidade;96,42
2786508;Hospital CNES 2786508;355030;São Paulo;SP;Sao Paulo;-23,5329;-46,6395;120;96;24;70;;1031;Medio Porte;Baixa/Media Complexidade;80,0
2786532;Hospital CNES 2786532;355030;São Paulo;SP;Sao Paulo;-23,5329;-46,6395;60;60;0;70;;1031;Medio Porte;Baixa/Media Complexidade;100,0
2786540;Hospital CNES 2786540;355030;São Paulo;SP;Sao Paulo;-23,5329;-46,6395;96;96;0;70;;1031;Medio Porte;Baixa/Media Complexidade;100,0
2786575;Hospital CNES 2786575;355030;São Paulo;SP;Sao Paulo;-23,5329;-46,6395;96;96;0;70;;1031;Medio Porte;Baixa/Media Complexidade;100,0
2786680;Hospital CNES 2786680;355030;São Paulo;SP;Sao Paulo;-23,5329;-46,6395;3773;3554;219;05;;1031;Grande Porte;Baixa/Media Complexidade;94,2
2789345;Hospital CNES 2789345;351870;Guarujá;SP;Sao Paulo;-23,9888;-46,258;372;372;0;20;;1244;Grande Porte;Baixa/Media Complexidade;100,0
2789353;Hospital CNES 2789353;351870;Guarujá;SP;Sao Paulo;-23,9888;-46,258;936;936;0;20;;1244;Grande Porte;Baixa/Media Complexidade;100,0
2789590;Hospital CNES 2789590;354780;Santo André;SP;Sao Paulo;-23,6737;-46,5432;4188;0;4188;05;;2046;Grande Porte;Baixa/Media Complexidade;0,0
2790556;Hospital CNES 2790556;350600;Bauru;SP;Sao Paulo;-22,3246;-49,0871;2100;2100;0;05;;1023;Grande Porte;Baixa/Media Complexidade;100,0
2790564;Hospital CNES 2790564;350600;Bauru;SP;Sao Paulo;-22,3246;-49,0871;724;724;0;07;;1112;Grande Porte;Baixa/Media Complexidade;100,0
2790580;Hospital CNES 2790580;350600;Bauru;SP;Sao Paulo;-22,3246;-49,0871;1020;993;27;07;;1023;Grande Porte;Baixa/Media Complexidade;97,35
2790602;Hospital CNES 2790602;350600;Bauru;SP;Sao Paulo;-22,3246;-49,0871;4008;3828;180;05;;1023;Grande Porte;Baixa/Media Complexidade;95,51
2790610;Hospital CNES 2790610;354160;Promissão;SP;Sao Paulo;-21,5356;-49,8599;883;883;0;05;;1023;Grande Porte;Baixa/Media Complexidade;100,0
2790637;Hospital CNES 2790637;351450;Duartina;SP;Sao Paulo;-22,4146;-49,4084;1044;924;120;05;;3999;Grande Porte;Baixa/Media Complexidade;88,51
2790653;Hospital CNES 2790653;352530;Jaú;SP;Sao Paulo;-22,2936;-48,5592;3240;2400;840;07;;3999;Grande Porte;Baixa/Media Complexidade;74,07
2790661;Hospital CNES 2790661;350600;Bauru;SP;Sao Paulo;-22,3246;-49,0871;3396;0;3396;05;;2143;Grande Porte;Baixa/Media Complexidade;0,0
2790734;Hospital CNES 2790734;350600;Bauru;SP;Sao Paulo;-22,3246;-49,0871;757;465;292;05;;1023;Grande Porte;Baixa/Media Complexidade;61,43
2790998;Hospital CNES 2790998;353890;Pirajuí;SP;Sao Paulo;-21,999;-49,4608;2832;468;2364;07;;3999;Grande Porte;Baixa/Media Complexidade;16,53
2791668;Hospital CNES 2791668;350340;Arealva;SP;Sao Paulo;-22,031;-48,9135;354;180;174;05;;3999;Grande Porte;Baixa/Media Complexidade;50,85
2791676;Hospital CNES 2791676;350520;Bariri;SP;Sao Paulo;-22,073;-48,7438;780;624;156;05;;3999;Grande Porte;Baixa/Media Complexidade;80,0
2791684;Hospital CNES 2791684;350880;Cafelândia;SP;Sao Paulo;-21,8031;-49,6092;540;408;132;05;;3999;Grande Porte;Baixa/Media Complexidade;75,56
2791692;Hospital CNES 2791692;351410;Dois Córregos;SP;Sao Paulo;-22,3673;-48,3819;804;564;240;05;;3999;Grande Porte;Baixa/Media Complexidade;70,15
2791706;Hospital CNES 2791706;351700;Getulina;SP;Sao Paulo;-21,7961;-49,9312;456;432;24;05;;3999;Grande Porte;Baixa/Media Complexidade;94,74
2791714;Hospital CNES 2791714;351910;Iacanga;SP;Sao Paulo;-21,8896;-49,031;360;336;24;05;;3999;Grande Porte;Baixa/Media Complexidade;93,33
2791722;Hospital CNES 2791722;352530;Jaú;SP;Sao Paulo;-22,2936;-48,5592;3360;2316;1044;05;;3999;Grande Porte;Baixa/Media Complexidade;68,93
2791730;Hospital CNES 2791730;350680;Bocaina;SP;Sao Paulo;-22,1365;-48,523;216;216;0;05;;3999;Grande Porte;Baixa/Media Complexidade;100,0
2791749;Hospital CNES 2791749;353670;Pederneiras;SP;Sao Paulo;-22,3511;-48,7781;876;768;108;05;;3999;Grande Porte;Baixa/Media Complexidade;87,67
2791757;Hospital CNES 2791757;353940;Piratininga;SP;Sao Paulo;-22,4142;-49,1339;290;252;38;05;;3999;Grande Porte;Baixa/Media Complexidade;86,9
2791773;Hospital CNES 2791773;350600;Bauru;SP;Sao Paulo;-22,3246;-49,0871;96;96;0;36;;1244;Medio Porte;Baixa/Media Complexidade;100,0
2792141;Hospital CNES 2792141;351300;Cotia;SP;Sao Paulo;-23,6022;-46,919;1980;1980;0;05;;1023;Grande Porte;Baixa/Media Complexidade;100,0
2792168;Hospital CNES 2792168;351060;Carapicuíba;SP;Sao Paulo;-23,5235;-46,8407;2892;2892;0;05;;1023;Grande Porte;Baixa/Media Complexidade;100,0
2792176;Hospital CNES 2792176;352220;Itapecerica da Serra;SP;Sao Paulo;-23,7161;-46,8572;2424;2400;24;05;;1023;Grande Porte;Baixa/Media Complexidade;99,01
2792346;Hospital CNES 2792346;353870;Piracicaba;SP;Sao Paulo;-22,7338;-47,6476;5;5;0;73;;1244;Micro Porte;Baixa/Media Complexidade;100,0
2793466;Hospital CNES 2793466;352440;Jacareí;SP;Sao Paulo;-23,2983;-45,9658;516;0;516;05;;2062;Grande Porte;Baixa/Media Complexidade;0,0
2797844;Hospital CNES 2797844;354980;São José do Rio Preto;SP;Sao Paulo;-20,8113;-49,3758;1008;0;1008;05;;2062;Grande Porte;Baixa/Media Complexidade;0,0
2798220;Hospital CNES 2798220;351640;Franco da Rocha;SP;Sao Paulo;-23,3229;-46,729;948;0;948;05;;2054;Grande Porte;Baixa/Media Complexidade;0,0
2798239;Hospital CNES 2798239;352360;Itirapina;SP;Sao Paulo;-22,2562;-47,8166;146;146;0;05;;1244;Medio Porte;Baixa/Media Complexidade;100,0
2798298;Hospital CNES 2798298;354980;São José do Rio Preto;SP;Sao Paulo;-20,8113;-49,3758;4020;2706;1314;05;;3999;Grande Porte;Baixa/Media Complexidade;67,31
2801043;Hospital CNES 2801043;351380;Diadema;SP;Sao Paulo;-23,6813;-46,6205;9;9;0;62;;1244;Micro Porte;Baixa/Media Complexidade;100,0
2801051;Hospital CNES 2801051;351380;Diadema;SP;Sao Paulo;-23,6813;-46,6205;466;466;0;20;;1244;Grande Porte;Baixa/Media Complexidade;100,0
2812681;Hospital CNES 2812681;352140;Iracemápolis;SP;Sao Paulo;-22,5832;-47,523;36;36;0;20;;1244;Pequeno Porte;Baixa/Media Complexidade;100,0
2812703;Hospital CNES 2812703;355030;São Paulo;SP;Sao Paulo;-23,5329;-46,6395;1476;1476;0;07;;3069;Grande Porte;Baixa/Media Complexidade;100,0
2815435;Hospital CNES 2815435;355030;São Paulo;SP;Sao Paulo;-23,5329;-46,6395;72;72;0;70;;1031;Medio Porte;Baixa/Media Complexidade;100,0
2819473;Hospital CNES 2819473;355030;São Paulo;SP;Sao Paulo;-23,5329;-46,6395;504;0;504;05;;2054;Grande Porte;Baixa/Media Complexidade;0,0
2821613;Hospital CNES 2821613;355030;São Paulo;SP;Sao Paulo;-23,5329;-46,6395;612;0;612;07;;2062;Grande Porte;Baixa/Media Complexidade;0,0
2823209;Hospital CNES 2823209;355030;São Paulo;SP;Sao Paulo;-23,5329;-46,6395;1308;0;1308;05;;2062;Grande Porte;Baixa/Media Complexidade;0,0
2825260;Hospital CNES 2825260;355240;Sumaré;SP;Sao Paulo;-22,8204;-47,2728;240;240;0;73;;1244;Grande Porte;Baixa/Media Complexidade;100,0
2825309;Hospital CNES 2825309;352690;Limeira;SP;Sao Paulo;-22,566;-47,397;1484;0;1484;05;;2054;Grande Porte;Baixa/Media Complexidade;0,0
2831503;Hospital CNES 2831503;350450;Avaré;SP;Sao Paulo;-23,1067;-48,9251;72;72;0;36;;1023;Medio Porte;Baixa/Media Complexidade;100,0
2838818;Hospital CNES 2838818;354870;São Bernardo do Campo;SP;Sao Paulo;-23,6914;-46,5646;276;0;276;07;;2062;Grande Porte;Baixa/Media Complexidade;0,0
2855917;Hospital CNES 2855917;355410;Taubaté;SP;Sao Paulo;-23,0104;-45,5593;96;96;0;62;;1023;Medio Porte;Baixa/Media Complexidade;100,0
2867257;Hospital CNES 2867257;351840;Guaratinguetá;SP;Sao Paulo;-22,8075;-45,1938;120;84;36;62;;2054;Medio Porte;Baixa/Media Complexidade;70,0
2879441;Hospital CNES 2879441;355030;São Paulo;SP;Sao Paulo;-23,5329;-46,6395;420;0;420;05;;2062;Grande Porte;Baixa/Media Complexidade;0,0
2882949;Hospital CNES 2882949;352390;Itu;SP;Sao Paulo;-23,2544;-47,2927;312;192;120;21;;1244;Grande Porte;Baixa/Media Complexidade;61,54
2884887;Hospital CNES 2884887;350320;Araraquara;SP;Sao Paulo;-21,7845;-48,178;72;0;72;62;;2240;Medio Porte;Baixa/Media Complexidade;0,0
2886367;Hospital CNES 2886367;355030;São Paulo;SP;Sao Paulo;-23,5329;-46,6395;1212;0;1212;36;;2062;Grande Porte;Baixa/Media Complexidade;0,0
2886618;Hospital CNES 2886618;355030;São Paulo;SP;Sao Paulo;-23,5329;-46,6395;360;0;360;36;;2062;Grande Porte;Baixa/Media Complexidade;0,0
2888491;Hospital CNES 2888491;354400;Rio das Pedras;SP;Sao Paulo;-22,8417;-47,6047;432;384;48;05;;2062;Grande Porte;Baixa/Media Complexidade;88,89
2935406;Hospital CNES 2935406;353060;Mogi das Cruzes;SP;Sao Paulo;-23,5208;-46,1854;300;0;300;05;;2054;Grande Porte;Baixa/Media Complexidade;0,0
2952149;Hospital CNES 2952149;355030;São Paulo;SP;Sao Paulo;-23,5329;-46,6395;96;96;0;70;;1031;Medio Porte;Baixa/Media Complexidade;100,0
2952157;Hospital CNES 2952157;355030;São Paulo;SP;Sao Paulo;-23,5329;-46,6395;108;108;0;70;;1031;Medio Porte;Baixa/Media Complexidade;100,0
2956098;Hospital CNES 2956098;350030;Aguaí;SP;Sao Paulo;-22,0572;-46,9735;288;288;0;05;;1244;Grande Porte;Baixa/Media Complexidade;100,0
2960281;Hospital CNES 2960281;355030;São Paulo;SP;Sao Paulo;-23,5329;-46,6395;108;108;0;70;;1031;Medio Porte;Baixa/Media Complexidade;100,0
2960303;Hospital CNES 2960303;355030;São Paulo;SP;Sao Paulo;-23,5329;-46,6395;120;120;0;70;;1031;Medio Porte;Baixa/Media Complexidade;100,0
2966336;Hospital CNES 2966336;355030;São Paulo;SP;Sao Paulo;-23,5329;-46,6395;84;0;84;20;;2054;Medio Porte;Baixa/Media Complexidade;0,0
2991918;Hospital CNES 2991918;355030;São Paulo;SP;Sao Paulo;-23,5329;-46,6395;840;0;840;05;;2062;Grande Porte;Baixa/Media Complexidade;0,0
2992094;Hospital CNES 2992094;352390;Itu;SP;Sao Paulo;-23,2544;-47,2927;1380;0;1380;05;;2143;Grande Porte;Baixa/Media Complexidade;0,0
3001466;Hospital CNES 3001466;355030;São Paulo;SP;Sao Paulo;-23,5329;-46,6395;3012;3012;0;05;;1023;Grande Porte;Baixa/Media Complexidade;100,0
3003280;Hospital CNES 3003280;351640;Franco da Rocha;SP;Sao Paulo;-23,3229;-46,729;2520;2520;0;36;;1023;Grande Porte;Baixa/Media Complexidade;100,0
3003361;Hospital CNES 3003361;350600;Bauru;SP;Sao Paulo;-22,3246;-49,0871;2513;0;2513;05;;3999;Grande Porte;Baixa/Media Complexidade;0,0
3008398;Hospital CNES 3008398;354850;Santos;SP;Sao Paulo;-23,9535;-46,335;1608;0;1608;05;;3999;Grande Porte;Baixa/Media Complexidade;0,0
3012212;Hospital CNES 3012212;352590;Jundiaí;SP;Sao Paulo;-23,1852;-46,8974;1656;1520;136;07;;1120;Grande Porte;Baixa/Media Complexidade;91,79
3017044;Hospital CNES 3017044;355170;Sertãozinho;SP;Sao Paulo;-21,1316;-47,9875;96;0;96;62;;2062;Medio Porte;Baixa/Media Complexidade;0,0
3019012;Hospital CNES 3019012;355030;São Paulo;SP;Sao Paulo;-23,5329;-46,6395;384;0;384;05;;2062;Grande Porte;Baixa/Media Complexidade;0,0
3019594;Hospital CNES 3019594;354140;Presidente Prudente;SP;Sao Paulo;-22,1207;-51,3925;132;0;132;05;;2240;Medio Porte;Baixa/Media Complexidade;0,0
3021378;Hospital CNES 3021378;355100;São Vicente;SP;Sao Paulo;-23,9574;-46,3883;1260;1170;90;05;;1244;Grande Porte;Baixa/Media Complexidade;92,86
3022242;Hospital CNES 3022242;352260;Itapira;SP;Sao Paulo;-22,4357;-46,8224;360;0;360;07;;2062;Grande Porte;Baixa/Media Complexidade;0,0
3022609;Hospital CNES 3022609;350950;Campinas;SP;Sao Paulo;-22,9053;-47,0659;100;0;100;07;;2062;Medio Porte;Baixa/Media Complexidade;0,0
3024660;Hospital CNES 3024660;354870;São Bernardo do Campo;SP;Sao Paulo;-23,6914;-46,5646;1620;0;1620;05;;2046;Grande Porte;Baixa/Media Complexidade;0,0
3025012;Hospital CNES 3025012;355030;São Paulo;SP;Sao Paulo;-23,5329;-46,6395;106;106;0;70;;1031;Medio Porte;Baixa/Media Complexidade;100,0
3027600;Hospital CNES 3027600;355030;São Paulo;SP;Sao Paulo;-23,5329;-46,6395;1536;0;1536;05;;3999;Grande Porte;Baixa/Media Complexidade;0,0
3027805;Hospital CNES 3027805;355030;São Paulo;SP;Sao Paulo;-23,5329;-46,6395;2013;0;2013;05;;3999;Grande Porte;Baixa/Media Complexidade;0,0
3027813;Hospital CNES 3027813;355030;São Paulo;SP;Sao Paulo;-23,5329;-46,6395;744;0;744;05;;2062;Grande Porte;Baixa/Media Complexidade;0,0
3028399;Hospital CNES 3028399;351630;Francisco Morato;SP;Sao Paulo;-23,2792;-46,7448;1582;1342;240;05;;1023;Grande Porte;Baixa/Media Complexidade;84,83
3030431;Hospital CNES 3030431;354340;Ribeirão Preto;SP;Sao Paulo;-21,1699;-47,8099;180;0;180;05;;2062;Grande Porte;Baixa/Media Complexidade;0,0
3037274;Hospital CNES 3037274;355030;São Paulo;SP;Sao Paulo;-23,5329;-46,6395;2584;0;2584;07;;2054;Grande Porte;Baixa/Media Complexidade;0,0
3038130;Hospital CNES 3038130;350160;Americana;SP;Sao Paulo;-22,7374;-47,3331;1476;0;1476;05;;2143;Grande Porte;Baixa/Media Complexidade;0,0
3039420;Hospital CNES 3039420;355030;São Paulo;SP;Sao Paulo;-23,5329;-46,6395;2964;0;2964;05;;3999;Grande Porte;Baixa/Media Complexidade;0,0
3041549;Hospital CNES 3041549;355030;São Paulo;SP;Sao Paulo;-23,5329;-46,6395;312;0;312;07;;2062;Grande Porte;Baixa/Media Complexidade;0,0
3042529;Hospital CNES 3042529;354990;São José dos Campos;SP;Sao Paulo;-23,1896;-45,8841;1194;0;1194;05;;2054;Grande Porte;Baixa/Media Complexidade;0,0
3044831;Hospital CNES 3044831;350850;Caçapava;SP;Sao Paulo;-23,0992;-45,7076;204;0;204;05;;2054;Grande Porte;Baixa/Media Complexidade;0,0
3045625;Hospital CNES 3045625;355030;São Paulo;SP;Sao Paulo;-23,5329;-46,6395;510;0;510;05;;2062;Grande Porte;Baixa/Media Complexidade;0,0
3057429;Hospital CNES 3057429;352590;Jundiaí;SP;Sao Paulo;-23,1852;-46,8974;48;0;48;62;;2062;Pequeno Porte;Baixa/Media Complexidade;0,0
3058808;Hospital CNES 3058808;350610;Bebedouro;SP;Sao Paulo;-20,9491;-48,4791;1234;1224;10;05;;1023;Grande Porte;Baixa/Media Complexidade;99,19
3060616;Hospital CNES 3060616;352710;Lins;SP;Sao Paulo;-21,6718;-49,7526;252;0;252;05;;2054;Grande Porte;Baixa/Media Complexidade;0,0
3065340;Hospital CNES 3065340;354780;Santo André;SP;Sao Paulo;-23,6737;-46,5432;24;0;24;62;;2062;Pequeno Porte;Baixa/Media Complexidade;0,0
3071448;Hospital CNES 3071448;354730;Santana de Parnaíba;SP;Sao Paulo;-23,4439;-46,9178;240;240;0;05;;1244;Grande Porte;Baixa/Media Complexidade;100,0
3101126;Hospital CNES 3101126;351300;Cotia;SP;Sao Paulo;-23,6022;-46,919;3360;0;3360;05;;2062;Grande Porte;Baixa/Media Complexidade;0,0
3101363;Hospital CNES 3101363;355030;São Paulo;SP;Sao Paulo;-23,5329;-46,6395;48;0;48;62;;2062;Pequeno Porte;Baixa/Media Complexidade;0,0
3105571;Hospital CNES 3105571;354990;São José dos Campos;SP;Sao Paulo;-23,1896;-45,8841;156;0;156;05;;2240;Grande Porte;Baixa/Media Complexidade;0,0
3105598;Hospital CNES 3105598;354990;São José dos Campos;SP;Sao Paulo;-23,1896;-45,8841;96;0;96;07;;2062;Medio Porte;Baixa/Media Complexidade;0,0
3109216;Hospital CNES 3109216;350950;Campinas;SP;Sao Paulo;-22,9053;-47,0659;156;0;156;05;;2240;Grande Porte;Baixa/Media Complexidade;0,0
3119122;Hospital CNES 3119122;355030;São Paulo;SP;Sao Paulo;-23,5329;-46,6395;1332;0;1332;07;;2062;Grande Porte;Baixa/Media Complexidade;0,0
3126838;Hospital CNES 3126838;355410;Taubaté;SP;Sao Paulo;-23,0104;-45,5593;2988;2556;432;05;;3999;Grande Porte;Baixa/Media Complexidade;85,54
3137163;Hospital CNES 3137163;350610;Bebedouro;SP;Sao Paulo;-20,9491;-48,4791;312;0;312;05;;2143;Grande Porte;Baixa/Media Complexidade;0,0
3137171;Hospital CNES 3137171;350610;Bebedouro;SP;Sao Paulo;-20,9491;-48,4791;240;0;240;05;;2143;Grande Porte;Baixa/Media Complexidade;0,0
3139050;Hospital CNES 3139050;352230;Itapetininga;SP;Sao Paulo;-23,5886;-48,0483;2304;2304;0;05;;3999;Grande Porte;Baixa/Media Complexidade;100,0
3139751;Hospital CNES 3139751;355030;São Paulo;SP;Sao Paulo;-23,5329;-46,6395;24;0;24;21;;2062;Pequeno Porte;Baixa/Media Complexidade;0,0
3142531;Hospital CNES 3142531;350550;Barretos;SP;Sao Paulo;-20,5531;-48,5698;552;0;552;05;;2062;Grande Porte;Baixa/Media Complexidade;0,0
3156702;Hospital CNES 3156702;355030;São Paulo;SP;Sao Paulo;-23,5329;-46,6395;181;0;181;07;;2062;Grande Porte;Baixa/Media Complexidade;0,0
3160548;Hospital CNES 3160548;355030;São Paulo;SP;Sao Paulo;-23,5329;-46,6395;84;0;84;62;;2062;Medio Porte;Baixa/Media Complexidade;0,0
3166597;Hospital CNES 3166597;355030;São Paulo;SP;Sao Paulo;-23,5329;-46,6395;528;0;528;05;;3999;Grande Porte;Baixa/Media Complexidade;0,0
3172120;Hospital CNES 3172120;352590;Jundiaí;SP;Sao Paulo;-23,1852;-46,8974;192;0;192;62;;2062;Grande Porte;Baixa/Media Complexidade;0,0
3177092;Hospital CNES 3177092;354980;São José do Rio Preto;SP;Sao Paulo;-20,8113;-49,3758;228;0;228;07;;2062;Grande Porte;Baixa/Media Complexidade;0,0
3180204;Hospital CNES 3180204;354140;Presidente Prudente;SP;Sao Paulo;-22,1207;-51,3925;72;0;72;62;;2062;Medio Porte;Baixa/Media Complexidade;0,0
3190153;Hospital CNES 3190153;350950;Campinas;SP;Sao Paulo;-22,9053;-47,0659;120;0;120;62;;2062;Medio Porte;Baixa/Media Complexidade;0,0
3192059;Hospital CNES 3192059;354990;São José dos Campos;SP;Sao Paulo;-23,1896;-45,8841;48;0;48;07;;2054;Pequeno Porte;Baixa/Media Complexidade;0,0
3199770;Hospital CNES 3199770;354990;São José dos Campos;SP;Sao Paulo;-23,1896;-45,8841;144;0;144;05;;2143;Medio Porte;Baixa/Media Complexidade;0,0
3205495;Hospital CNES 3205495;354910;São João da Boa Vista;SP;Sao Paulo;-21,9707;-46,7944;12;0;12;62;;2062;Micro Porte;Baixa/Media Complexidade;0,0
3212130;Hospital CNES 3212130;355030;São Paulo;SP;Sao Paulo;-23,5329;-46,6395;2427;2172;255;05;;1031;Grande Porte;Baixa/Media Complexidade;89,49
3221792;Hospital CNES 3221792;354850;Santos;SP;Sao Paulo;-23,9535;-46,335;444;0;444;07;;2143;Grande Porte;Baixa/Media Complexidade;0,0
3223728;Hospital CNES 3223728;354870;São Bernardo do Campo;SP;Sao Paulo;-23,6914;-46,5646;744;510;234;05;;3999;Grande Porte;Baixa/Media Complexidade;68,55
3225860;Hospital CNES 3225860;352590;Jundiaí;SP;Sao Paulo;-23,1852;-46,8974;60;0;60;36;;2062;Medio Porte;Baixa/Media Complexidade;0,0
3251187;Hospital CNES 3251187;355220;Sorocaba;SP;Sao Paulo;-23,4969;-47,4451;72;0;72;62;;2062;Medio Porte;Baixa/Media Complexidade;0,0
3254631;Hospital CNES 3254631;350950;Campinas;SP;Sao Paulo;-22,9053;-47,0659;48;48;0;36;;3069;Pequeno Porte;Baixa/Media Complexidade;100,0
3258912;Hospital CNES 3258912;352210;Itanhaém;SP;Sao Paulo;-24,1736;-46,788;16;0;16;62;;2062;Pequeno Porte;Baixa/Media Complexidade;0,0
3272591;Hospital CNES 3272591;350570;Barueri;SP;Sao Paulo;-23,5057;-46,879;1128;0;1128;05;;2062;Grande Porte;Baixa/Media Complexidade;0,0
3293971;Hospital CNES 3293971;355030;São Paulo;SP;Sao Paulo;-23,5329;-46,6395;600;0;600;62;;2240;Grande Porte;Baixa/Media Complexidade;0,0
3295028;Hospital CNES 3295028;355030;São Paulo;SP;Sao Paulo;-23,5329;-46,6395;108;0;108;62;;2054;Medio Porte;Baixa/Media Complexidade;0,0
3301052;Hospital CNES 3301052;350950;Campinas;SP;Sao Paulo;-22,9053;-47,0659;120;0;120;62;;2062;Medio Porte;Baixa/Media Complexidade;0,0
3304566;Hospital CNES 3304566;355030;São Paulo;SP;Sao Paulo;-23,5329;-46,6395;96;96;0;70;;1031;Medio Porte;Baixa/Media Complexidade;100,0
3308227;Hospital CNES 3308227;355030;São Paulo;SP;Sao Paulo;-23,5329;-46,6395;72;0;72;07;;2240;Medio Porte;Baixa/Media Complexidade;0,0
3309959;Hospital CNES 3309959;355030;São Paulo;SP;Sao Paulo;-23,5329;-46,6395;1692;0;1692;05;;2054;Grande Porte;Baixa/Media Complexidade;0,0
3314766;Hospital CNES 3314766;354340;Ribeirão Preto;SP;Sao Paulo;-21,1699;-47,8099;420;312;108;05;;3999;Grande Porte;Baixa/Media Complexidade;74,29
3320316;Hospital CNES 3320316;350570;Barueri;SP;Sao Paulo;-23,5057;-46,879;48;0;48;62;;2054;Pequeno Porte;Baixa/Media Complexidade;0,0
3326829;Hospital CNES 3326829;355030;São Paulo;SP;Sao Paulo;-23,5329;-46,6395;12;0;12;62;;3999;Micro Porte;Baixa/Media Complexidade;0,0
3334678;Hospital CNES 3334678;351040;Capivari;SP;Sao Paulo;-22,9951;-47,5071;576;0;576;05;;2143;Grande Porte;Baixa/Media Complexidade;0,0
3345130;Hospital CNES 3345130;352590;Jundiaí;SP;Sao Paulo;-23,1852;-46,8974;132;120;12;70;;1244;Medio Porte;Baixa/Media Complexidade;90,91
3345327;Hospital CNES 3345327;354980;São José do Rio Preto;SP;Sao Paulo;-20,8113;-49,3758;36;0;36;62;;2062;Pequeno Porte;Baixa/Media Complexidade;0,0
3346072;Hospital CNES 3346072;354990;São José dos Campos;SP;Sao Paulo;-23,1896;-45,8841;28;0;28;62;;2062;Pequeno Porte;Baixa/Media Complexidade;0,0
3346110;Hospital CNES 3346110;354990;São José dos Campos;SP;Sao Paulo;-23,1896;-45,8841;297;0;297;07;;2062;Grande Porte;Baixa/Media Complexidade;0,0
3354938;Hospital CNES 3354938;350760;Bragança Paulista;SP;Sao Paulo;-22,9527;-46,5419;12;0;12;62;;2062;Micro Porte;Baixa/Media Complexidade;0,0
3357082;Hospital CNES 3357082;352940;Mauá;SP;Sao Paulo;-23,6677;-46,4613;192;192;0;70;;1244;Grande Porte;Baixa/Media Complexidade;100,0
3366219;Hospital CNES 3366219;350280;Araçatuba;SP;Sao Paulo;-21,2076;-50,4401;972;0;972;05;;2143;Grande Porte;Baixa/Media Complexidade;0,0
3367312;Hospital CNES 3367312;354870;São Bernardo do Campo;SP;Sao Paulo;-23,6914;-46,5646;108;0;108;62;;2062;Medio Porte;Baixa/Media Complexidade;0,0
3367371;Hospital CNES 3367371;355030;São Paulo;SP;Sao Paulo;-23,5329;-46,6395;1716;0;1716;05;;2062;Grande Porte;Baixa/Media Complexidade;0,0
3398900;Hospital CNES 3398900;355030;São Paulo;SP;Sao Paulo;-23,5329;-46,6395;36;0;36;62;;2062;Pequeno Porte;Baixa/Media Complexidade;0,0
3427285;Hospital CNES 3427285;355030;São Paulo;SP;Sao Paulo;-23,5329;-46,6395;48;0;48;62;;2240;Pequeno Porte;Baixa/Media Complexidade;0,0
3446816;Hospital CNES 3446816;354340;Ribeirão Preto;SP;Sao Paulo;-21,1699;-47,8099;18;0;18;36;;2240;Pequeno Porte;Baixa/Media Complexidade;0,0
3455254;Hospital CNES 3455254;355410;Taubaté;SP;Sao Paulo;-23,0104;-45,5593;48;0;48;62;;2062;Pequeno Porte;Baixa/Media Complexidade;0,0
3464555;Hospital CNES 3464555;355030;São Paulo;SP;Sao Paulo;-23,5329;-46,6395;1140;0;1140;05;;1023;Grande Porte;Baixa/Media Complexidade;0,0
3468518;Hospital CNES 3468518;355410;Taubaté;SP;Sao Paulo;-23,0104;-45,5593;144;0;144;62;;2062;Medio Porte;Baixa/Media Complexidade;0,0
3477355;Hospital CNES 3477355;355030;São Paulo;SP;Sao Paulo;-23,5329;-46,6395;888;0;888;05;;2054;Grande Porte;Baixa/Media Complexidade;0,0
3482146;Hospital CNES 3482146;351960;Ibitinga;SP;Sao Paulo;-21,7562;-48,8319;84;0;84;05;;2062;Medio Porte;Baixa/Media Complexidade;0,0
3483096;Hospital CNES 3483096;355030;São Paulo;SP;Sao Paulo;-23,5329;-46,6395;120;0;120;05;;2062;Medio Porte;Baixa/Media Complexidade;0,0
3486346;Hospital CNES 3486346;354340;Ribeirão Preto;SP;Sao Paulo;-21,1699;-47,8099;252;0;252;05;;2062;Grande Porte;Baixa/Media Complexidade;0,0
3512401;Hospital CNES 3512401;355030;São Paulo;SP;Sao Paulo;-23,5329;-46,6395;300;0;300;05;;2062;Grande Porte;Baixa/Media Complexidade;0,0
3513785;Hospital CNES 3513785;355410;Taubaté;SP;Sao Paulo;-23,0104;-45,5593;360;0;360;07;;2062;Grande Porte;Baixa/Media Complexidade;0,0
3514617;Hospital CNES 3514617;350950;Campinas;SP;Sao Paulo;-22,9053;-47,0659;60;0;60;62;;2240;Medio Porte;Baixa/Media Complexidade;0,0
3517918;Hospital CNES 3517918;354990;São José dos Campos;SP;Sao Paulo;-23,1896;-45,8841;133;0;133;05;;2054;Medio Porte;Baixa/Media Complexidade;0,0
3518043;Hospital CNES 3518043;351880;Guarulhos;SP;Sao Paulo;-23,4538;-46,5333;22;0;22;62;;2062;Pequeno Porte;Baixa/Media Complexidade;0,0
3518949;Hospital CNES 3518949;352710;Lins;SP;Sao Paulo;-21,6718;-49,7526;564;0;564;05;;2143;Grande Porte;Baixa/Media Complexidade;0,0
3521575;Hospital CNES 3521575;354580;Santa Bárbara d'Oeste;SP;Sao Paulo;-22,7553;-47,4143;252;0;252;62;;2143;Grande Porte;Baixa/Media Complexidade;0,0
3528596;Hospital CNES 3528596;354780;Santo André;SP;Sao Paulo;-23,6737;-46,5432;1630;0;1630;05;;2054;Grande Porte;Baixa/Media Complexidade;0,0
3529282;Hospital CNES 3529282;354980;São José do Rio Preto;SP;Sao Paulo;-20,8113;-49,3758;780;745;35;05;;1244;Grande Porte;Baixa/Media Complexidade;95,51
3557081;Hospital CNES 3557081;352720;Lorena;SP;Sao Paulo;-22,7334;-45,1197;660;0;660;05;;2143;Grande Porte;Baixa/Media Complexidade;0,0
3559203;Hospital CNES 3559203;355030;São Paulo;SP;Sao Paulo;-23,5329;-46,6395;26;0;26;05;;2062;Pequeno Porte;Baixa/Media Complexidade;0,0
3569373;Hospital CNES 3569373;354850;Santos;SP;Sao Paulo;-23,9535;-46,335;24;0;24;62;;2062;Pequeno Porte;Baixa/Media Complexidade;0,0
3575667;Hospital CNES 3575667;350400;Assis;SP;Sao Paulo;-22,66;-50,4183;36;0;36;62;;2062;Pequeno Porte;Baixa/Media Complexidade;0,0
3580822;Hospital CNES 3580822;354330;Ribeirão Pires;SP;Sao Paulo;-23,7067;-46,4058;1500;0;1500;05;;2046;Grande Porte;Baixa/Media Complexidade;0,0
3585239;Hospital CNES 3585239;350570;Barueri;SP;Sao Paulo;-23,5057;-46,879;44;0;44;20;;2062;Pequeno Porte;Baixa/Media Complexidade;0,0
3585409;Hospital CNES 3585409;355030;São Paulo;SP;Sao Paulo;-23,5329;-46,6395;372;0;372;05;;2062;Grande Porte;Baixa/Media Complexidade;0,0
3586707;Hospital CNES 3586707;351110;Catanduva;SP;Sao Paulo;-21,1314;-48,977;12;0;12;62;;2062;Micro Porte;Baixa/Media Complexidade;0,0
3594807;Hospital CNES 3594807;355030;São Paulo;SP;Sao Paulo;-23,5329;-46,6395;84;0;84;62;;2062;Medio Porte;Baixa/Media Complexidade;0,0
3625087;Hospital CNES 3625087;350320;Araraquara;SP;Sao Paulo;-21,7845;-48,178;2244;0;2244;05;;2143;Grande Porte;Baixa/Media Complexidade;0,0
3679144;Hospital CNES 3679144;355660;Vera Cruz;SP;Sao Paulo;-22,2183;-49,8207;432;0;432;36;;2062;Grande Porte;Baixa/Media Complexidade;0,0
3689972;Hospital CNES 3689972;350650;Birigui;SP;Sao Paulo;-21,291;-50,3432;552;0;552;05;;2143;Grande Porte;Baixa/Media Complexidade;0,0
3691616;Hospital CNES 3691616;355240;Sumaré;SP;Sao Paulo;-22,8204;-47,2728;48;0;48;62;;2062;Pequeno Porte;Baixa/Media Complexidade;0,0
3701832;Hospital CNES 3701832;355030;São Paulo;SP;Sao Paulo;-23,5329;-46,6395;1440;0;1440;05;;2062;Grande Porte;Baixa/Media Complexidade;0,0
3723860;Hospital CNES 3723860;354140;Presidente Prudente;SP;Sao Paulo;-22,1207;-51,3925;36;0;36;62;;2062;Pequeno Porte;Baixa/Media Complexidade;0,0
3743500;Hospital CNES 3743500;354850;Santos;SP;Sao Paulo;-23,9535;-46,335;312;0;312;62;;2062;Grande Porte;Baixa/Media Complexidade;0,0
3745546;Hospital CNES 3745546;354980;São José do Rio Preto;SP;Sao Paulo;-20,8113;-49,3758;1560;0;1560;07;;3999;Grande Porte;Baixa/Media Complexidade;0,0
3751112;Hospital CNES 3751112;355030;São Paulo;SP;Sao Paulo;-23,5329;-46,6395;48;0;48;62;;2062;Pequeno Porte;Baixa/Media Complexidade;0,0
3753433;Hospital CNES 3753433;350970;Campos do Jordão;SP;Sao Paulo;-22,7296;-45,5833;1752;1632;120;05;;3999;Grande Porte;Baixa/Media Complexidade;93,15
3759660;Hospital CNES 3759660;352590;Jundiaí;SP;Sao Paulo;-23,1852;-46,8974;60;36;24;07;;2062;Medio Porte;Baixa/Media Complexidade;60,0
3761800;Hospital CNES 3761800;350400;Assis;SP;Sao Paulo;-22,66;-50,4183;24;0;24;62;;2062;Pequeno Porte;Baixa/Media Complexidade;0,0
3765415;Hospital CNES 3765415;355030;São Paulo;SP;Sao Paulo;-23,5329;-46,6395;96;0;96;62;;2240;Medio Porte;Baixa/Media Complexidade;0,0
3774554;Hospital CNES 3774554;354520;Salto;SP;Sao Paulo;-23,1996;-47,2931;1512;1512;0;05;;1244;Grande Porte;Baixa/Media Complexidade;100,0
3775887;Hospital CNES 3775887;354340;Ribeirão Preto;SP;Sao Paulo;-21,1699;-47,8099;24;0;24;07;;2062;Pequeno Porte;Baixa/Media Complexidade;0,0
3781747;Hospital CNES 3781747;354850;Santos;SP;Sao Paulo;-23,9535;-46,335;48;0;48;62;;2240;Pequeno Porte;Baixa/Media Complexidade;0,0
3789020;Hospital CNES 3789020;353440;Osasco;SP;Sao Paulo;-23,5324;-46,7916;24;0;24;62;;2240;Pequeno Porte;Baixa/Media Complexidade;0,0
3794563;Hospital CNES 3794563;355410;Taubaté;SP;Sao Paulo;-23,0104;-45,5593;144;0;144;62;;2062;Medio Porte;Baixa/Media Complexidade;0,0
3812545;Hospital CNES 3812545;350400;Assis;SP;Sao Paulo;-22,66;-50,4183;252;0;252;05;;2062;Grande Porte;Baixa/Media Complexidade;0,0
3815285;Hospital CNES 3815285;351340;Cruzeiro;SP;Sao Paulo;-22,5728;-44,969;48;0;48;62;;2240;Pequeno Porte;Baixa/Media Complexidade;0,0
3824802;Hospital CNES 3824802;355030;São Paulo;SP;Sao Paulo;-23,5329;-46,6395;2244;0;2244;05;;2046;Grande Porte;Baixa/Media Complexidade;0,0
3825752;Hospital CNES 3825752;353440;Osasco;SP;Sao Paulo;-23,5324;-46,7916;252;252;0;20;;1244;Grande Porte;Baixa/Media Complexidade;100,0
3827984;Hospital CNES 3827984;355540;Ubatuba;SP;Sao Paulo;-23,4332;-45,0834;12;0;12;62;;2240;Micro Porte;Baixa/Media Complexidade;0,0
3828107;Hospital CNES 3828107;353440;Osasco;SP;Sao Paulo;-23,5324;-46,7916;137;137;0;20;;1244;Medio Porte;Baixa/Media Complexidade;100,0
3831124;Hospital CNES 3831124;351930;Ibaté;SP;Sao Paulo;-21,9584;-47,9882;110;0;110;36;;2062;Medio Porte;Baixa/Media Complexidade;0,0
3838714;Hospital CNES 3838714;350950;Campinas;SP;Sao Paulo;-22,9053;-47,0659;192;0;192;62;;2062;Grande Porte;Baixa/Media Complexidade;0,0
3844307;Hospital CNES 3844307;353050;Mococa;SP;Sao Paulo;-21,4647;-47,0024;144;0;144;36;;2240;Medio Porte;Baixa/Media Complexidade;0,0
3861643;Hospital CNES 3861643;351670;Garça;SP;Sao Paulo;-22,2125;-49,6546;24;0;24;62;;2240;Pequeno Porte;Baixa/Media Complexidade;0,0
3863131;Hospital CNES 3863131;354850;Santos;SP;Sao Paulo;-23,9535;-46,335;84;49;35;62;;2062;Medio Porte;Baixa/Media Complexidade;58,33
3875377;Hospital CNES 3875377;354340;Ribeirão Preto;SP;Sao Paulo;-21,1699;-47,8099;84;0;84;62;;2062;Medio Porte;Baixa/Media Complexidade;0,0
3880966;Hospital CNES 3880966;350600;Bauru;SP;Sao Paulo;-22,3246;-49,0871;1224;982;242;05;;1023;Grande Porte;Baixa/Media Complexidade;80,23
3884937;Hospital CNES 3884937;355220;Sorocaba;SP;Sao Paulo;-23,4969;-47,4451;96;96;0;70;;1244;Medio Porte;Baixa/Media Complexidade;100,0
3888169;Hospital CNES 3888169;350610;Bebedouro;SP;Sao Paulo;-20,9491;-48,4791;12;0;12;62;;2232;Micro Porte;Baixa/Media Complexidade;0,0
3905608;Hospital CNES 3905608;350950;Campinas;SP;Sao Paulo;-22,9053;-47,0659;96;96;0;70;;1244;Medio Porte;Baixa/Media Complexidade;100,0
3906388;Hospital CNES 3906388;355030;São Paulo;SP;Sao Paulo;-23,5329;-46,6395;96;96;0;70;;1031;Medio Porte;Baixa/Media Complexidade;100,0
3916715;Hospital CNES 3916715;350400;Assis;SP;Sao Paulo;-22,66;-50,4183;24;0;24;62;;2062;Pequeno Porte;Baixa/Media Complexidade;0,0
3919072;Hospital CNES 3919072;355030;São Paulo;SP;Sao Paulo;-23,5329;-46,6395;1596;0;1596;05;;2062;Grande Porte;Baixa/Media Complexidade;0,0
3949532;Hospital CNES 3949532;352440;Jacareí;SP;Sao Paulo;-23,2983;-45,9658;24;0;24;62;;2062;Pequeno Porte;Baixa/Media Complexidade;0,0
3949621;Hospital CNES 3949621;355650;Várzea Paulista;SP;Sao Paulo;-23,2136;-46,8234;408;384;24;05;;1244;Grande Porte;Baixa/Media Complexidade;94,12
3957225;Hospital CNES 3957225;351110;Catanduva;SP;Sao Paulo;-21,1314;-48,977;24;0;24;62;;2240;Pequeno Porte;Baixa/Media Complexidade;0,0
3958299;Hospital CNES 3958299;354340;Ribeirão Preto;SP;Sao Paulo;-21,1699;-47,8099;150;90;60;70;;1244;Grande Porte;Baixa/Media Complexidade;60,0
3966097;Hospital CNES 3966097;350950;Campinas;SP;Sao Paulo;-22,9053;-47,0659;84;0;84;62;;2062;Medio Porte;Baixa/Media Complexidade;0,0
3986683;Hospital CNES 3986683;355030;São Paulo;SP;Sao Paulo;-23,5329;-46,6395;60;0;60;07;;2062;Medio Porte;Baixa/Media Complexidade;0,0
3987957;Hospital CNES 3987957;352230;Itapetininga;SP;Sao Paulo;-23,5886;-48,0483;612;0;612;05;;2143;Grande Porte;Baixa/Media Complexidade;0,0
4009487;Hospital CNES 4009487;355030;São Paulo;SP;Sao Paulo;-23,5329;-46,6395;696;0;696;07;;3069;Grande Porte;Baixa/Media Complexidade;0,0
4017382;Hospital CNES 4017382;355030;São Paulo;SP;Sao Paulo;-23,5329;-46,6395;336;0;336;62;;2054;Grande Porte;Baixa/Media Complexidade;0,0
4023587;Hospital CNES 4023587;355220;Sorocaba;SP;Sao Paulo;-23,4969;-47,4451;12;0;12;69;;2062;Micro Porte;Baixa/Media Complexidade;0,0
4031016;Hospital CNES 4031016;355400;Tatuí;SP;Sao Paulo;-23,3487;-47,8461;360;0;360;36;;2135;Grande Porte;Baixa/Media Complexidade;0,0
4039904;Hospital CNES 4039904;355030;São Paulo;SP;Sao Paulo;-23,5329;-46,6395;24;0;24;62;;2062;Pequeno Porte;Baixa/Media Complexidade;0,0
4042115;Hospital CNES 4042115;355030;São Paulo;SP;Sao Paulo;-23,5329;-46,6395;24;24;0;36;;1031;Pequeno Porte;Baixa/Media Complexidade;100,0
4047184;Hospital CNES 4047184;350320;Araraquara;SP;Sao Paulo;-21,7845;-48,178;108;108;0;73;;1244;Medio Porte;Baixa/Media Complexidade;100,0
4047613;Hospital CNES 4047613;351060;Carapicuíba;SP;Sao Paulo;-23,5235;-46,8407;204;204;0;20;;1244;Grande Porte;Baixa/Media Complexidade;100,0
4047656;Hospital CNES 4047656;351080;Casa Branca;SP;Sao Paulo;-21,7708;-47,0852;60;60;0;70;;1023;Medio Porte;Baixa/Media Complexidade;100,0
4048660;Hospital CNES 4048660;352620;Juquitiba;SP;Sao Paulo;-23,9244;-47,0653;12;12;0;15;;1244;Micro Porte;Baixa/Media Complexidade;100,0
4048725;Hospital CNES 4048725;352980;Mineiros do Tietê;SP;Sao Paulo;-22,412;-48,451;132;132;0;20;;1244;Medio Porte;Baixa/Media Complexidade;100,0
4049020;Hospital CNES 4049020;353470;Ourinhos;SP;Sao Paulo;-22,9797;-49,8697;2124;1576;548;05;;3999;Grande Porte;Baixa/Media Complexidade;74,2
4049829;Hospital CNES 4049829;355030;São Paulo;SP;Sao Paulo;-23,5329;-46,6395;72;72;0;70;;1031;Medio Porte;Baixa/Media Complexidade;100,0
4050169;Hospital CNES 4050169;355030;São Paulo;SP;Sao Paulo;-23,5329;-46,6395;336;336;0;73;;1031;Grande Porte;Baixa/Media Complexidade;100,0
4050290;Hospital CNES 4050290;355030;São Paulo;SP;Sao Paulo;-23,5329;-46,6395;72;72;0;70;;1031;Medio Porte;Baixa/Media Complexidade;100,0
4050665;Hospital CNES 4050665;355410;Taubaté;SP;Sao Paulo;-23,0104;-45,5593;24;24;0;73;;1244;Pequeno Porte;Baixa/Media Complexidade;100,0
4051297;Hospital CNES 4051297;354880;São Caetano do Sul;SP;Sao Paulo;-23,6229;-46,5548;720;0;720;05;;2062;Grande Porte;Baixa/Media Complexidade;0,0
4057821;Hospital CNES 4057821;350280;Araçatuba;SP;Sao Paulo;-21,2076;-50,4401;25;25;0;62;;1244;Pequeno Porte;Baixa/Media Complexidade;100,0
4060105;Hospital CNES 4060105;355030;São Paulo;SP;Sao Paulo;-23,5329;-46,6395;1380;0;1380;05;;2054;Grande Porte;Baixa/Media Complexidade;0,0
4066006;Hospital CNES 4066006;355030;São Paulo;SP;Sao Paulo;-23,5329;-46,6395;117;117;0;36;;1031;Medio Porte;Baixa/Media Complexidade;100,0
4077040;Hospital CNES 4077040;355030;São Paulo;SP;Sao Paulo;-23,5329;-46,6395;480;0;480;05;;2054;Grande Porte;Baixa/Media Complexidade;0,0
4077164;Hospital CNES 4077164;355030;São Paulo;SP;Sao Paulo;-23,5329;-46,6395;29;0;29;62;;2062;Pequeno Porte;Baixa/Media Complexidade;0,0
4116402;Hospital CNES 4116402;350570;Barueri;SP;Sao Paulo;-23,5057;-46,879;36;0;36;62;;2062;Pequeno Porte;Baixa/Media Complexidade;0,0
4123077;Hospital CNES 4123077;354100;Praia Grande;SP;Sao Paulo;-24,0084;-46,4121;1008;192;816;05;;2054;Grande Porte;Baixa/Media Complexidade;19,05
4135059;Hospital CNES 4135059;350950;Campinas;SP;Sao Paulo;-22,9053;-47,0659;2088;0;2088;05;;2046;Grande Porte;Baixa/Media Complexidade;0,0
4158253;Hospital CNES 4158253;355645;Vargem Grande Paulista;SP;Sao Paulo;-23,5993;-47,022;98;0;98;36;;2062;Medio Porte;Baixa/Media Complexidade;0,0
4164814;Hospital CNES 4164814;350570;Barueri;SP;Sao Paulo;-23,5057;-46,879;36;0;36;05;;2062;Pequeno Porte;Baixa/Media Complexidade;0,0
4171934;Hospital CNES 4171934;351930;Ibaté;SP;Sao Paulo;-21,9584;-47,9882;12;0;12;36;;2062;Micro Porte;Baixa/Media Complexidade;0,0
4193423;Hospital CNES 4193423;353440;Osasco;SP;Sao Paulo;-23,5324;-46,7916;300;0;300;05;;2062;Grande Porte;Baixa/Media Complexidade;0,0
4205898;Hospital CNES 4205898;354850;Santos;SP;Sao Paulo;-23,9535;-46,335;11;0;11;07;;2062;Micro Porte;Baixa/Media Complexidade;0,0
4223683;Hospital CNES 4223683;355030;São Paulo;SP;Sao Paulo;-23,5329;-46,6395;1308;0;1308;05;;3999;Grande Porte;Baixa/Media Complexidade;0,0
4233646;Hospital CNES 4233646;355250;Suzano;SP;Sao Paulo;-23,5448;-46,3112;1295;1295;0;05;;1023;Grande Porte;Baixa/Media Complexidade;100,0
4262670;Hospital CNES 4262670;351970;Ibiúna;SP;Sao Paulo;-23,6596;-47,223;360;0;360;36;;3999;Grande Porte;Baixa/Media Complexidade;0,0
4285514;Hospital CNES 4285514;350950;Campinas;SP;Sao Paulo;-22,9053;-47,0659;120;0;120;05;;3069;Medio Porte;Baixa/Media Complexidade;0,0
4307348;Hospital CNES 4307348;353930;Pirassununga;SP;Sao Paulo;-21,996;-47,4257;48;0;48;07;;2062;Pequeno Porte;Baixa/Media Complexidade;0,0
4312813;Hospital CNES 4312813;355030;São Paulo;SP;Sao Paulo;-23,5329;-46,6395;48;0;48;07;;2062;Pequeno Porte;Baixa/Media Complexidade;0,0
4349547;Hospital CNES 4349547;353200;Morungaba;SP;Sao Paulo;-22,8811;-46,7896;7;0;7;36;;2062;Micro Porte;Baixa/Media Complexidade;0,0
4376439;Hospital CNES 4376439;354980;São José do Rio Preto;SP;Sao Paulo;-20,8113;-49,3758;996;0;996;05;;2062;Grande Porte;Baixa/Media Complexidade;0,0
4386167;Hospital CNES 4386167;354780;Santo André;SP;Sao Paulo;-23,6737;-46,5432;36;0;36;05;;2062;Pequeno Porte;Baixa/Media Complexidade;0,0
4390563;Hospital CNES 4390563;354340;Ribeirão Preto;SP;Sao Paulo;-21,1699;-47,8099;226;216;10;36;;1023;Grande Porte;Baixa/Media Complexidade;95,58
4411498;Hospital CNES 4411498;352110;Ipeúna;SP;Sao Paulo;-22,4355;-47,7151;4;0;4;36;;2062;Micro Porte;Baixa/Media Complexidade;0,0
4428560;Hospital CNES 4428560;355030;São Paulo;SP;Sao Paulo;-23,5329;-46,6395;900;0;900;05;;3999;Grande Porte;Baixa/Media Complexidade;0,0
4451562;Hospital CNES 4451562;351880;Guarulhos;SP;Sao Paulo;-23,4538;-46,5333;132;0;132;07;;2062;Medio Porte;Baixa/Media Complexidade;0,0
4452690;Hospital CNES 4452690;351880;Guarulhos;SP;Sao Paulo;-23,4538;-46,5333;48;0;48;05;;2062;Pequeno Porte;Baixa/Media Complexidade;0,0
4453220;Hospital CNES 4453220;351300;Cotia;SP;Sao Paulo;-23,6022;-46,919;192;0;192;07;;2062;Grande Porte;Baixa/Media Complexidade;0,0
4484320;Hospital CNES 4484320;352570;José Bonifácio;SP;Sao Paulo;-21,0551;-49,6892;160;0;160;83;;3999;Grande Porte;Baixa/Media Complexidade;0,0
4489500;Hospital CNES 4489500;354850;Santos;SP;Sao Paulo;-23,9535;-46,335;11;0;11;62;;2062;Micro Porte;Baixa/Media Complexidade;0,0
4498445;Hospital CNES 4498445;354880;São Caetano do Sul;SP;Sao Paulo;-23,6229;-46,5548;10;0;10;62;;2062;Micro Porte;Baixa/Media Complexidade;0,0
4540891;Hospital CNES 4540891;351300;Cotia;SP;Sao Paulo;-23,6022;-46,919;50;50;0;73;;1244;Medio Porte;Baixa/Media Complexidade;100,0
4608364;Hospital CNES 4608364;350410;Atibaia;SP;Sao Paulo;-23,1171;-46,5563;312;0;312;05;;2062;Grande Porte;Baixa/Media Complexidade;0,0
4616014;Hospital CNES 4616014;351880;Guarulhos;SP;Sao Paulo;-23,4538;-46,5333;24;0;24;07;;2062;Pequeno Porte;Baixa/Media Complexidade;0,0
4622197;Hospital CNES 4622197;353460;Osvaldo Cruz;SP;Sao Paulo;-21,7968;-50,8793;201;41;160;36;;2062;Grande Porte;Baixa/Media Complexidade;20,4
4629035;Hospital CNES 4629035;355030;São Paulo;SP;Sao Paulo;-23,5329;-46,6395;63;0;63;62;;2046;Medio Porte;Baixa/Media Complexidade;0,0
4637119;Hospital CNES 4637119;354870;São Bernardo do Campo;SP;Sao Paulo;-23,6914;-46,5646;160;0;160;36;;2062;Grande Porte;Baixa/Media Complexidade;0,0
4645766;Hospital CNES 4645766;350850;Caçapava;SP;Sao Paulo;-23,0992;-45,7076;960;960;0;36;;2062;Grande Porte;Baixa/Media Complexidade;100,0
4662962;Hospital CNES 4662962;355220;Sorocaba;SP;Sao Paulo;-23,4969;-47,4451;110;0;110;05;;2062;Medio Porte;Baixa/Media Complexidade;0,0
4674626;Hospital CNES 4674626;354780;Santo André;SP;Sao Paulo;-23,6737;-46,5432;12;0;12;62;;2062;Micro Porte;Baixa/Media Complexidade;0,0
4685016;Hospital CNES 4685016;355030;São Paulo;SP;Sao Paulo;-23,5329;-46,6395;7;0;7;36;;2062;Micro Porte;Baixa/Media Complexidade;0,0
4688201;Hospital CNES 4688201;352470;Jaguariúna;SP;Sao Paulo;-22,7037;-46,9851;231;0;231;07;;2062;Grande Porte;Baixa/Media Complexidade;0,0
4694317;Hospital CNES 4694317;353440;Osasco;SP;Sao Paulo;-23,5324;-46,7916;126;0;126;62;;2062;Medio Porte;Baixa/Media Complexidade;0,0
4702069;Hospital CNES 4702069;352730;Louveira;SP;Sao Paulo;-23,0856;-46,9484;72;72;0;05;;1244;Medio Porte;Baixa/Media Complexidade;100,0
4706005;Hospital CNES 4706005;353860;Piracaia;SP;Sao Paulo;-23,0525;-46,3594;140;0;140;36;;2062;Medio Porte;Baixa/Media Complexidade;0,0
4722337;Hospital CNES 4722337;355030;São Paulo;SP;Sao Paulo;-23,5329;-46,6395;276;0;276;05;;2062;Grande Porte;Baixa/Media Complexidade;0,0
4732790;Hospital CNES 4732790;351880;Guarulhos;SP;Sao Paulo;-23,4538;-46,5333;66;0;66;07;;2062;Medio Porte;Baixa/Media Complexidade;0,0
4747232;Hospital CNES 4747232;350700;Boituva;SP;Sao Paulo;-23,2855;-47,6786;108;108;0;73;;1244;Medio Porte;Baixa/Media Complexidade;100,0
4813308;Hospital CNES 4813308;351880;Guarulhos;SP;Sao Paulo;-23,4538;-46,5333;275;0;275;05;;2054;Grande Porte;Baixa/Media Complexidade;0,0
4824482;Hospital CNES 4824482;355030;São Paulo;SP;Sao Paulo;-23,5329;-46,6395;928;340;588;05;;2062;Grande Porte;Baixa/Media Complexidade;36,64
4843304;Hospital CNES 4843304;350700;Boituva;SP;Sao Paulo;-23,2855;-47,6786;4;4;0;36;;2062;Micro Porte;Baixa/Media Complexidade;100,0
4844793;Hospital CNES 4844793;355645;Vargem Grande Paulista;SP;Sao Paulo;-23,5993;-47,022;36;0;36;36;;2062;Pequeno Porte;Baixa/Media Complexidade;0,0
4845390;Hospital CNES 4845390;351500;Embu das Artes;SP;Sao Paulo;-23,6437;-46,8579;40;0;40;07;;2062;Pequeno Porte;Baixa/Media Complexidade;0,0
4858735;Hospital CNES 4858735;351970;Ibiúna;SP;Sao Paulo;-23,6596;-47,223;100;0;100;36;;2062;Medio Porte;Baixa/Media Complexidade;0,0
4873351;Hospital CNES 4873351;350570;Barueri;SP;Sao Paulo;-23,5057;-46,879;174;0;174;05;;2054;Grande Porte;Baixa/Media Complexidade;0,0
4884124;Hospital CNES 4884124;355030;São Paulo;SP;Sao Paulo;-23,5329;-46,6395;1;0;1;20;;3999;Micro Porte;Baixa/Media Complexidade;0,0
4901304;Hospital CNES 4901304;351970;Ibiúna;SP;Sao Paulo;-23,6596;-47,223;20;0;20;36;;3999;Pequeno Porte;Baixa/Media Complexidade;0,0
4902076;Hospital CNES 4902076;355210;Socorro;SP;Sao Paulo;-22,5903;-46,5251;50;0;50;83;;3999;Medio Porte;Baixa/Media Complexidade;0,0
4915615;Hospital CNES 4915615;355030;São Paulo;SP;Sao Paulo;-23,5329;-46,6395;16;0;16;62;;3999;Pequeno Porte;Baixa/Media Complexidade;0,0
4919653;Hospital CNES 4919653;351300;Cotia;SP;Sao Paulo;-23,6022;-46,919;82;0;82;07;;2062;Medio Porte;Baixa/Media Complexidade;0,0
4932579;Hospital CNES 4932579;355030;São Paulo;SP;Sao Paulo;-23,5329;-46,6395;6;0;6;07;;2062;Micro Porte;Baixa/Media Complexidade;0,0
4943309;Hospital CNES 4943309;350570;Barueri;SP;Sao Paulo;-23,5057;-46,879;65;65;0;05;;1023;Medio Porte;Baixa/Media Complexidade;100,0
5031532;Hospital CNES 5031532;350400;Assis;SP;Sao Paulo;-22,66;-50,4183;24;0;24;62;;2240;Pequeno Porte;Baixa/Media Complexidade;0,0
5033543;Hospital CNES 5033543;350550;Barretos;SP;Sao Paulo;-20,5531;-48,5698;480;480;0;07;;3999;Grande Porte;Baixa/Media Complexidade;100,0
5040787;Hospital CNES 5040787;355030;São Paulo;SP;Sao Paulo;-23,5329;-46,6395;492;0;492;05;;2062;Grande Porte;Baixa/Media Complexidade;0,0
5049008;Hospital CNES 5049008;355410;Taubaté;SP;Sao Paulo;-23,0104;-45,5593;7;7;0;62;;2062;Micro Porte;Baixa/Media Complexidade;100,0
5055385;Hospital CNES 5055385;352400;Itupeva;SP;Sao Paulo;-23,1526;-47,0593;456;0;456;07;;2062;Grande Porte;Baixa/Media Complexidade;0,0
5090288;Hospital CNES 5090288;354990;São José dos Campos;SP;Sao Paulo;-23,1896;-45,8841;36;0;36;62;;2240;Pequeno Porte;Baixa/Media Complexidade;0,0
5093295;Hospital CNES 5093295;355410;Taubaté;SP;Sao Paulo;-23,0104;-45,5593;48;0;48;36;;2062;Pequeno Porte;Baixa/Media Complexidade;0,0
5101654;Hospital CNES 5101654;353440;Osasco;SP;Sao Paulo;-23,5324;-46,7916;2100;0;2100;05;;2046;Grande Porte;Baixa/Media Complexidade;0,0
5106079;Hospital CNES 5106079;355220;Sorocaba;SP;Sao Paulo;-23,4969;-47,4451;21;0;21;62;;2062;Pequeno Porte;Baixa/Media Complexidade;0,0
5117607;Hospital CNES 5117607;351970;Ibiúna;SP;Sao Paulo;-23,6596;-47,223;1248;0;1248;07;;2062;Grande Porte;Baixa/Media Complexidade;0,0
5130883;Hospital CNES 5130883;355030;São Paulo;SP;Sao Paulo;-23,5329;-46,6395;96;96;0;36;;3999;Medio Porte;Baixa/Media Complexidade;100,0
5135117;Hospital CNES 5135117;354870;São Bernardo do Campo;SP;Sao Paulo;-23,6914;-46,5646;1104;0;1104;05;;2054;Grande Porte;Baixa/Media Complexidade;0,0
5139244;Hospital CNES 5139244;355030;São Paulo;SP;Sao Paulo;-23,5329;-46,6395;96;0;96;05;;2054;Medio Porte;Baixa/Media Complexidade;0,0
5155266;Hospital CNES 5155266;350400;Assis;SP;Sao Paulo;-22,66;-50,4183;36;0;36;62;;2240;Pequeno Porte;Baixa/Media Complexidade;0,0
5161401;Hospital CNES 5161401;353440;Osasco;SP;Sao Paulo;-23,5324;-46,7916;24;0;24;36;;2062;Pequeno Porte;Baixa/Media Complexidade;0,0
5170958;Hospital CNES 5170958;352900;Marília;SP;Sao Paulo;-22,2171;-49,9501;60;12;48;62;;2240;Medio Porte;Baixa/Media Complexidade;20,0
5171946;Hospital CNES 5171946;354340;Ribeirão Preto;SP;Sao Paulo;-21,1699;-47,8099;1310;0;1310;05;;2054;Grande Porte;Baixa/Media Complexidade;0,0
5182026;Hospital CNES 5182026;353930;Pirassununga;SP;Sao Paulo;-21,996;-47,4257;216;0;216;05;;1015;Grande Porte;Baixa/Media Complexidade;0,0
5189098;Hospital CNES 5189098;353470;Ourinhos;SP;Sao Paulo;-22,9797;-49,8697;48;0;48;07;;2062;Pequeno Porte;Baixa/Media Complexidade;0,0
5193931;Hospital CNES 5193931;354980;São José do Rio Preto;SP;Sao Paulo;-20,8113;-49,3758;48;0;48;36;;2062;Pequeno Porte;Baixa/Media Complexidade;0,0
5200105;Hospital CNES 5200105;351880;Guarulhos;SP;Sao Paulo;-23,4538;-46,5333;1812;1812;0;05;;1244;Grande Porte;Baixa/Media Complexidade;100,0
5237750;Hospital CNES 5237750;355060;São Roque;SP;Sao Paulo;-23,5226;-47,1357;592;0;592;05;;2143;Grande Porte;Baixa/Media Complexidade;0,0
5239869;Hospital CNES 5239869;354870;São Bernardo do Campo;SP;Sao Paulo;-23,6914;-46,5646;72;0;72;15;;2054;Medio Porte;Baixa/Media Complexidade;0,0
5259789;Hospital CNES 5259789;354990;São José dos Campos;SP;Sao Paulo;-23,1896;-45,8841;505;0;505;05;;2054;Grande Porte;Baixa/Media Complexidade;0,0
5259835;Hospital CNES 5259835;354870;São Bernardo do Campo;SP;Sao Paulo;-23,6914;-46,5646;109;109;0;70;;1244;Medio Porte;Baixa/Media Complexidade;100,0
5262305;Hospital CNES 5262305;354990;São José dos Campos;SP;Sao Paulo;-23,1896;-45,8841;48;0;48;20;;2054;Pequeno Porte;Baixa/Media Complexidade;0,0
5272467;Hospital CNES 5272467;351110;Catanduva;SP;Sao Paulo;-21,1314;-48,977;24;0;24;36;;2062;Pequeno Porte;Baixa/Media Complexidade;0,0
5290872;Hospital CNES 5290872;354140;Presidente Prudente;SP;Sao Paulo;-22,1207;-51,3925;36;0;36;62;;2062;Pequeno Porte;Baixa/Media Complexidade;0,0
5314682;Hospital CNES 5314682;352240;Itapeva;SP;Sao Paulo;-23,9788;-48,8764;24;0;24;36;;2062;Pequeno Porte;Baixa/Media Complexidade;0,0
5317053;Hospital CNES 5317053;354850;Santos;SP;Sao Paulo;-23,9535;-46,335;24;0;24;62;;2062;Pequeno Porte;Baixa/Media Complexidade;0,0
5332346;Hospital CNES 5332346;352590;Jundiaí;SP;Sao Paulo;-23,1852;-46,8974;1804;0;1804;05;;2062;Grande Porte;Baixa/Media Complexidade;0,0
5360404;Hospital CNES 5360404;354140;Presidente Prudente;SP;Sao Paulo;-22,1207;-51,3925;96;96;0;70;;1244;Medio Porte;Baixa/Media Complexidade;100,0
5366828;Hospital CNES 5366828;350410;Atibaia;SP;Sao Paulo;-23,1171;-46,5563;816;816;0;05;;3999;Grande Porte;Baixa/Media Complexidade;100,0
5383196;Hospital CNES 5383196;352390;Itu;SP;Sao Paulo;-23,2544;-47,2927;336;0;336;05;;2062;Grande Porte;Baixa/Media Complexidade;0,0
5416302;Hospital CNES 5416302;352680;Lençóis Paulista;SP;Sao Paulo;-22,6027;-48,8037;180;0;180;05;;2143;Grande Porte;Baixa/Media Complexidade;0,0
5419964;Hospital CNES 5419964;351907;Hortolândia;SP;Sao Paulo;-22,8529;-47,2143;120;120;0;70;;1244;Medio Porte;Baixa/Media Complexidade;100,0
5420938;Hospital CNES 5420938;355030;São Paulo;SP;Sao Paulo;-23,5329;-46,6395;2933;2688;245;05;;1031;Grande Porte;Baixa/Media Complexidade;91,65
5426936;Hospital CNES 5426936;354260;Registro;SP;Sao Paulo;-24,4979;-47,8449;336;0;336;05;;2062;Grande Porte;Baixa/Media Complexidade;0,0
5427363;Hospital CNES 5427363;350950;Campinas;SP;Sao Paulo;-22,9053;-47,0659;72;0;72;62;;2240;Medio Porte;Baixa/Media Complexidade;0,0
5435072;Hospital CNES 5435072;352220;Itapecerica da Serra;SP;Sao Paulo;-23,7161;-46,8572;120;120;0;20;;1120;Medio Porte;Baixa/Media Complexidade;100,0
5437156;Hospital CNES 5437156;355030;São Paulo;SP;Sao Paulo;-23,5329;-46,6395;360;360;0;05;;1023;Grande Porte;Baixa/Media Complexidade;100,0
5451612;Hospital CNES 5451612;355030;São Paulo;SP;Sao Paulo;-23,5329;-46,6395;768;768;0;07;;1023;Grande Porte;Baixa/Media Complexidade;100,0
5468841;Hospital CNES 5468841;354870;São Bernardo do Campo;SP;Sao Paulo;-23,6914;-46,5646;86;86;0;70;;1244;Medio Porte;Baixa/Media Complexidade;100,0
5515483;Hospital CNES 5515483;355620;Valinhos;SP;Sao Paulo;-22,9698;-46,9974;1428;0;1428;05;;2240;Grande Porte;Baixa/Media Complexidade;0,0
5586348;Hospital CNES 5586348;354890;São Carlos;SP;Sao Paulo;-22,0174;-47,886;874;792;82;05;;2011;Grande Porte;Baixa/Media Complexidade;90,62
5590450;Hospital CNES 5590450;355030;São Paulo;SP;Sao Paulo;-23,5329;-46,6395;1848;0;1848;05;;2046;Grande Porte;Baixa/Media Complexidade;0,0
5601436;Hospital CNES 5601436;352440;Jacareí;SP;Sao Paulo;-23,2983;-45,9658;45;0;45;20;;2143;Pequeno Porte;Baixa/Media Complexidade;0,0
5607442;Hospital CNES 5607442;355030;São Paulo;SP;Sao Paulo;-23,5329;-46,6395;840;0;840;05;;3999;Grande Porte;Baixa/Media Complexidade;0,0
5654688;Hospital CNES 5654688;354850;Santos;SP;Sao Paulo;-23,9535;-46,335;636;0;636;05;;3999;Grande Porte;Baixa/Media Complexidade;0,0
5662281;Hospital CNES 5662281;350920;Cajamar;SP;Sao Paulo;-23,355;-46,8781;1200;0;1200;62;;3999;Grande Porte;Baixa/Media Complexidade;0,0
5695791;Hospital CNES 5695791;355030;São Paulo;SP;Sao Paulo;-23,5329;-46,6395;72;72;0;70;;1031;Medio Porte;Baixa/Media Complexidade;100,0
5709199;Hospital CNES 5709199;350950;Campinas;SP;Sao Paulo;-22,9053;-47,0659;96;96;0;70;;1244;Medio Porte;Baixa/Media Complexidade;100,0
5710979;Hospital CNES 5710979;355030;São Paulo;SP;Sao Paulo;-23,5329;-46,6395;84;0;84;07;;2062;Medio Porte;Baixa/Media Complexidade;0,0
5715792;Hospital CNES 5715792;355030;São Paulo;SP;Sao Paulo;-23,5329;-46,6395;280;0;280;05;;2062;Grande Porte;Baixa/Media Complexidade;0,0
5718368;Hospital CNES 5718368;355030;São Paulo;SP;Sao Paulo;-23,5329;-46,6395;4092;3348;744;05;;1031;Grande Porte;Baixa/Media Complexidade;81,82
5847125;Hospital CNES 5847125;354850;Santos;SP;Sao Paulo;-23,9535;-46,335;84;0;84;62;;2240;Medio Porte;Baixa/Media Complexidade;0,0
5851084;Hospital CNES 5851084;351380;Diadema;SP;Sao Paulo;-23,6813;-46,6205;312;312;0;05;;1244;Grande Porte;Baixa/Media Complexidade;100,0
5852382;Hospital CNES 5852382;350950;Campinas;SP;Sao Paulo;-22,9053;-47,0659;96;0;96;62;;2062;Medio Porte;Baixa/Media Complexidade;0,0
5860490;Hospital CNES 5860490;352900;Marília;SP;Sao Paulo;-22,2171;-49,9501;2857;1768;1089;05;;3999;Grande Porte;Baixa/Media Complexidade;61,88
5869412;Hospital CNES 5869412;354990;São José dos Campos;SP;Sao Paulo;-23,1896;-45,8841;360;216;144;07;;3999;Grande Porte;Baixa/Media Complexidade;60,0
5878675;Hospital CNES 5878675;355030;São Paulo;SP;Sao Paulo;-23,5329;-46,6395;96;96;0;70;;1031;Medio Porte;Baixa/Media Complexidade;100,0
5883229;Hospital CNES 5883229;355220;Sorocaba;SP;Sao Paulo;-23,4969;-47,4451;24;24;0;73;;1244;Pequeno Porte;Baixa/Media Complexidade;100,0
5887623;Hospital CNES 5887623;354340;Ribeirão Preto;SP;Sao Paulo;-21,1699;-47,8099;600;600;0;05;;1023;Grande Porte;Baixa/Media Complexidade;100,0
5888883;Hospital CNES 5888883;354850;Santos;SP;Sao Paulo;-23,9535;-46,335;12;0;12;62;;2062;Micro Porte;Baixa/Media Complexidade;0,0
5907594;Hospital CNES 5907594;355030;São Paulo;SP;Sao Paulo;-23,5329;-46,6395;3036;0;3036;05;;2046;Grande Porte;Baixa/Media Complexidade;0,0
5922631;Hospital CNES 5922631;354870;São Bernardo do Campo;SP;Sao Paulo;-23,6914;-46,5646;360;0;360;07;;3999;Grande Porte;Baixa/Media Complexidade;0,0
5932696;Hospital CNES 5932696;353440;Osasco;SP;Sao Paulo;-23,5324;-46,7916;120;120;0;20;;1244;Medio Porte;Baixa/Media Complexidade;100,0
5935857;Hospital CNES 5935857;354880;São Caetano do Sul;SP;Sao Paulo;-23,6229;-46,5548;757;750;7;05;;1244;Grande Porte;Baixa/Media Complexidade;99,08
5969271;Hospital CNES 5969271;355030;São Paulo;SP;Sao Paulo;-23,5329;-46,6395;96;0;96;62;;2062;Medio Porte;Baixa/Media Complexidade;0,0
6017622;Hospital CNES 6017622;351220;Conchal;SP;Sao Paulo;-22,3375;-47,1729;10;0;10;20;;2143;Micro Porte;Baixa/Media Complexidade;0,0
6020917;Hospital CNES 6020917;354780;Santo André;SP;Sao Paulo;-23,6737;-46,5432;1476;1476;0;07;;1244;Grande Porte;Baixa/Media Complexidade;100,0
6024688;Hospital CNES 6024688;355280;Taboão da Serra;SP;Sao Paulo;-23,6019;-46,7526;180;180;0;21;;1244;Grande Porte;Baixa/Media Complexidade;100,0
6048447;Hospital CNES 6048447;350610;Bebedouro;SP;Sao Paulo;-20,9491;-48,4791;12;0;12;62;;2240;Micro Porte;Baixa/Media Complexidade;0,0
6053858;Hospital CNES 6053858;350950;Campinas;SP;Sao Paulo;-22,9053;-47,0659;2820;2820;0;05;;1120;Grande Porte;Baixa/Media Complexidade;100,0
6054269;Hospital CNES 6054269;350400;Assis;SP;Sao Paulo;-22,66;-50,4183;12;0;12;62;;2062;Micro Porte;Baixa/Media Complexidade;0,0
6066585;Hospital CNES 6066585;355030;São Paulo;SP;Sao Paulo;-23,5329;-46,6395;60;60;0;70;;1031;Medio Porte;Baixa/Media Complexidade;100,0
6095666;Hospital CNES 6095666;350570;Barueri;SP;Sao Paulo;-23,5057;-46,879;3624;3624;0;05;;1244;Grande Porte;Baixa/Media Complexidade;100,0
6106056;Hospital CNES 6106056;355410;Taubaté;SP;Sao Paulo;-23,0104;-45,5593;588;0;588;05;;2054;Grande Porte;Baixa/Media Complexidade;0,0
6123740;Hospital CNES 6123740;355030;São Paulo;SP;Sao Paulo;-23,5329;-46,6395;6300;6300;0;07;;1023;Grande Porte;Baixa/Media Complexidade;100,0
6126642;Hospital CNES 6126642;354340;Ribeirão Preto;SP;Sao Paulo;-21,1699;-47,8099;60;0;60;05;;2054;Medio Porte;Baixa/Media Complexidade;0,0
6135749;Hospital CNES 6135749;355030;São Paulo;SP;Sao Paulo;-23,5329;-46,6395;48;48;0;62;;1031;Pequeno Porte;Baixa/Media Complexidade;100,0
6136028;Hospital CNES 6136028;355030;São Paulo;SP;Sao Paulo;-23,5329;-46,6395;60;60;0;62;;1031;Medio Porte;Baixa/Media Complexidade;100,0
6148956;Hospital CNES 6148956;355030;São Paulo;SP;Sao Paulo;-23,5329;-46,6395;1356;0;1356;05;;2054;Grande Porte;Baixa/Media Complexidade;0,0
6164366;Hospital CNES 6164366;350170;Américo Brasiliense;SP;Sao Paulo;-21,7288;-48,1147;936;936;0;05;;1023;Grande Porte;Baixa/Media Complexidade;100,0
6166598;Hospital CNES 6166598;354850;Santos;SP;Sao Paulo;-23,9535;-46,335;96;96;0;62;;1023;Medio Porte;Baixa/Media Complexidade;100,0
6169767;Hospital CNES 6169767;354340;Ribeirão Preto;SP;Sao Paulo;-21,1699;-47,8099;72;72;0;70;;1244;Medio Porte;Baixa/Media Complexidade;100,0
6194168;Hospital CNES 6194168;352590;Jundiaí;SP;Sao Paulo;-23,1852;-46,8974;732;0;732;05;;2143;Grande Porte;Baixa/Media Complexidade;0,0
6208940;Hospital CNES 6208940;351340;Cruzeiro;SP;Sao Paulo;-22,5728;-44,969;24;0;24;62;;2062;Pequeno Porte;Baixa/Media Complexidade;0,0
6209114;Hospital CNES 6209114;354990;São José dos Campos;SP;Sao Paulo;-23,1896;-45,8841;84;0;84;05;;1015;Medio Porte;Baixa/Media Complexidade;0,0
6210937;Hospital CNES 6210937;353080;Mogi Mirim;SP;Sao Paulo;-22,4332;-46,9532;778;0;778;05;;2062;Grande Porte;Baixa/Media Complexidade;0,0
6212328;Hospital CNES 6212328;355030;São Paulo;SP;Sao Paulo;-23,5329;-46,6395;144;0;144;73;;2054;Medio Porte;Baixa/Media Complexidade;0,0
6212581;Hospital CNES 6212581;354580;Santa Bárbara d'Oeste;SP;Sao Paulo;-22,7553;-47,4143;144;144;0;36;;1023;Medio Porte;Baixa/Media Complexidade;100,0
6221165;Hospital CNES 6221165;351380;Diadema;SP;Sao Paulo;-23,6813;-46,6205;192;192;0;70;;1244;Grande Porte;Baixa/Media Complexidade;100,0
6233848;Hospital CNES 6233848;351050;Caraguatatuba;SP;Sao Paulo;-23,6125;-45,4125;72;72;0;62;;1023;Medio Porte;Baixa/Media Complexidade;100,0
6236596;Hospital CNES 6236596;354980;São José do Rio Preto;SP;Sao Paulo;-20,8113;-49,3758;1140;1140;0;05;;1023;Grande Porte;Baixa/Media Complexidade;100,0
6245838;Hospital CNES 6245838;355030;São Paulo;SP;Sao Paulo;-23,5329;-46,6395;108;108;0;70;;1031;Medio Porte;Baixa/Media Complexidade;100,0
6255337;Hospital CNES 6255337;354990;São José dos Campos;SP;Sao Paulo;-23,1896;-45,8841;276;0;276;62;;2062;Grande Porte;Baixa/Media Complexidade;0,0
6258484;Hospital CNES 6258484;354100;Praia Grande;SP;Sao Paulo;-24,0084;-46,4121;18;18;0;62;;1023;Pequeno Porte;Baixa/Media Complexidade;100,0
6267521;Hospital CNES 6267521;351380;Diadema;SP;Sao Paulo;-23,6813;-46,6205;192;192;0;70;;1244;Grande Porte;Baixa/Media Complexidade;100,0
6271855;Hospital CNES 6271855;355030;São Paulo;SP;Sao Paulo;-23,5329;-46,6395;36;0;36;36;;2062;Pequeno Porte;Baixa/Media Complexidade;0,0
6272622;Hospital CNES 6272622;350610;Bebedouro;SP;Sao Paulo;-20,9491;-48,4791;10;0;10;62;;2062;Micro Porte;Baixa/Media Complexidade;0,0
6273270;Hospital CNES 6273270;354870;São Bernardo do Campo;SP;Sao Paulo;-23,6914;-46,5646;1176;0;1176;07;;2054;Grande Porte;Baixa/Media Complexidade;0,0
6283993;Hospital CNES 6283993;355030;São Paulo;SP;Sao Paulo;-23,5329;-46,6395;1152;0;1152;05;;2054;Grande Porte;Baixa/Media Complexidade;0,0
6284582;Hospital CNES 6284582;353870;Piracicaba;SP;Sao Paulo;-22,7338;-47,6476;144;144;0;62;;1023;Medio Porte;Baixa/Media Complexidade;100,0
6289304;Hospital CNES 6289304;350550;Barretos;SP;Sao Paulo;-20,5531;-48,5698;120;120;0;62;;1023;Medio Porte;Baixa/Media Complexidade;100,0
6291635;Hospital CNES 6291635;353390;Olímpia;SP;Sao Paulo;-20,7366;-48,9106;36;24;12;62;;2062;Pequeno Porte;Baixa/Media Complexidade;66,67
6293433;Hospital CNES 6293433;354980;São José do Rio Preto;SP;Sao Paulo;-20,8113;-49,3758;24;0;24;62;;2062;Pequeno Porte;Baixa/Media Complexidade;0,0
6311253;Hospital CNES 6311253;355030;São Paulo;SP;Sao Paulo;-23,5329;-46,6395;48;0;48;62;;2062;Pequeno Porte;Baixa/Media Complexidade;0,0
6311482;Hospital CNES 6311482;355410;Taubaté;SP;Sao Paulo;-23,0104;-45,5593;48;0;48;62;;2062;Pequeno Porte;Baixa/Media Complexidade;0,0
6317154;Hospital CNES 6317154;350610;Bebedouro;SP;Sao Paulo;-20,9491;-48,4791;12;0;12;62;;2240;Micro Porte;Baixa/Media Complexidade;0,0
6335500;Hospital CNES 6335500;350550;Barretos;SP;Sao Paulo;-20,5531;-48,5698;12;0;12;36;;2062;Micro Porte;Baixa/Media Complexidade;0,0
6336302;Hospital CNES 6336302;355030;São Paulo;SP;Sao Paulo;-23,5329;-46,6395;120;120;0;70;;1031;Medio Porte;Baixa/Media Complexidade;100,0
6356184;Hospital CNES 6356184;355030;São Paulo;SP;Sao Paulo;-23,5329;-46,6395;108;72;36;61;;3999;Medio Porte;Baixa/Media Complexidade;66,67
6387640;Hospital CNES 6387640;355030;São Paulo;SP;Sao Paulo;-23,5329;-46,6395;72;72;0;70;;1031;Medio Porte;Baixa/Media Complexidade;100,0
6391869;Hospital CNES 6391869;355030;São Paulo;SP;Sao Paulo;-23,5329;-46,6395;132;132;0;62;;1031;Medio Porte;Baixa/Media Complexidade;100,0
6398081;Hospital CNES 6398081;350610;Bebedouro;SP;Sao Paulo;-20,9491;-48,4791;60;60;0;70;;1244;Medio Porte;Baixa/Media Complexidade;100,0
6403069;Hospital CNES 6403069;353440;Osasco;SP;Sao Paulo;-23,5324;-46,7916;708;0;708;05;;2062;Grande Porte;Baixa/Media Complexidade;0,0
6426247;Hospital CNES 6426247;350850;Caçapava;SP;Sao Paulo;-23,0992;-45,7076;240;0;240;05;;2143;Grande Porte;Baixa/Media Complexidade;0,0
6430082;Hospital CNES 6430082;350600;Bauru;SP;Sao Paulo;-22,3246;-49,0871;36;0;36;62;;2062;Pequeno Porte;Baixa/Media Complexidade;0,0
6430120;Hospital CNES 6430120;355030;São Paulo;SP;Sao Paulo;-23,5329;-46,6395;615;0;615;05;;3999;Grande Porte;Baixa/Media Complexidade;0,0
6443281;Hospital CNES 6443281;351880;Guarulhos;SP;Sao Paulo;-23,4538;-46,5333;72;72;0;70;;1244;Medio Porte;Baixa/Media Complexidade;100,0
6451098;Hospital CNES 6451098;350390;Arujá;SP;Sao Paulo;-23,3965;-46,32;432;432;0;05;;1244;Grande Porte;Baixa/Media Complexidade;100,0
6457746;Hospital CNES 6457746;353930;Pirassununga;SP;Sao Paulo;-21,996;-47,4257;12;0;12;62;;2062;Micro Porte;Baixa/Media Complexidade;0,0
6471331;Hospital CNES 6471331;353870;Piracicaba;SP;Sao Paulo;-22,7338;-47,6476;24;0;24;05;;2062;Pequeno Porte;Baixa/Media Complexidade;0,0
6473954;Hospital CNES 6473954;350210;Andradina;SP;Sao Paulo;-20,8948;-51,3786;12;0;12;36;;2062;Micro Porte;Baixa/Media Complexidade;0,0
6479200;Hospital CNES 6479200;355030;São Paulo;SP;Sao Paulo;-23,5329;-46,6395;288;288;0;62;;1023;Grande Porte;Baixa/Media Complexidade;100,0
6492398;Hospital CNES 6492398;354990;São José dos Campos;SP;Sao Paulo;-23,1896;-45,8841;1068;0;1068;05;;2143;Grande Porte;Baixa/Media Complexidade;0,0
6532527;Hospital CNES 6532527;354980;São José do Rio Preto;SP;Sao Paulo;-20,8113;-49,3758;24;0;24;62;;2054;Pequeno Porte;Baixa/Media Complexidade;0,0
6548008;Hospital CNES 6548008;352590;Jundiaí;SP;Sao Paulo;-23,1852;-46,8974;12;0;12;36;;2062;Micro Porte;Baixa/Media Complexidade;0,0
6569757;Hospital CNES 6569757;355030;São Paulo;SP;Sao Paulo;-23,5329;-46,6395;108;0;108;05;;3999;Medio Porte;Baixa/Media Complexidade;0,0
6591620;Hospital CNES 6591620;350570;Barueri;SP;Sao Paulo;-23,5057;-46,879;372;372;0;21;;1244;Grande Porte;Baixa/Media Complexidade;100,0
6603378;Hospital CNES 6603378;353580;Paranapanema;SP;Sao Paulo;-23,3862;-48,7214;252;252;0;05;;1244;Grande Porte;Baixa/Media Complexidade;100,0
6605605;Hospital CNES 6605605;350950;Campinas;SP;Sao Paulo;-22,9053;-47,0659;420;0;420;07;;2062;Grande Porte;Baixa/Media Complexidade;0,0
6607330;Hospital CNES 6607330;355500;Tupã;SP;Sao Paulo;-21,9335;-50,5191;12;12;0;62;;1023;Micro Porte;Baixa/Media Complexidade;100,0
6614426;Hospital CNES 6614426;355030;São Paulo;SP;Sao Paulo;-23,5329;-46,6395;1416;0;1416;07;;3069;Grande Porte;Baixa/Media Complexidade;0,0
6618332;Hospital CNES 6618332;355030;São Paulo;SP;Sao Paulo;-23,5329;-46,6395;48;0;48;07;;2062;Pequeno Porte;Baixa/Media Complexidade;0,0
6618812;Hospital CNES 6618812;354870;São Bernardo do Campo;SP;Sao Paulo;-23,6914;-46,5646;81;81;0;70;;1244;Medio Porte;Baixa/Media Complexidade;100,0
6625649;Hospital CNES 6625649;351880;Guarulhos;SP;Sao Paulo;-23,4538;-46,5333;1512;0;1512;05;;2143;Grande Porte;Baixa/Media Complexidade;0,0
6655416;Hospital CNES 6655416;354780;Santo André;SP;Sao Paulo;-23,6737;-46,5432;216;216;0;62;;1023;Grande Porte;Baixa/Media Complexidade;100,0
6658024;Hospital CNES 6658024;355410;Taubaté;SP;Sao Paulo;-23,0104;-45,5593;120;120;0;70;;1244;Medio Porte;Baixa/Media Complexidade;100,0
6668127;Hospital CNES 6668127;355030;São Paulo;SP;Sao Paulo;-23,5329;-46,6395;96;96;0;70;;1031;Medio Porte;Baixa/Media Complexidade;100,0
6668143;Hospital CNES 6668143;355030;São Paulo;SP;Sao Paulo;-23,5329;-46,6395;1824;0;1824;05;;2054;Grande Porte;Baixa/Media Complexidade;0,0
6669727;Hospital CNES 6669727;351620;Franca;SP;Sao Paulo;-20,5352;-47,4039;168;168;0;36;;1023;Grande Porte;Baixa/Media Complexidade;100,0
6673481;Hospital CNES 6673481;350950;Campinas;SP;Sao Paulo;-22,9053;-47,0659;48;0;48;62;;2062;Pequeno Porte;Baixa/Media Complexidade;0,0
6680968;Hospital CNES 6680968;353200;Morungaba;SP;Sao Paulo;-22,8811;-46,7896;144;144;0;05;;1244;Medio Porte;Baixa/Media Complexidade;100,0
6709400;Hospital CNES 6709400;354780;Santo André;SP;Sao Paulo;-23,6737;-46,5432;36;0;36;62;;2062;Pequeno Porte;Baixa/Media Complexidade;0,0
6729150;Hospital CNES 6729150;355030;São Paulo;SP;Sao Paulo;-23,5329;-46,6395;132;0;132;62;;3999;Medio Porte;Baixa/Media Complexidade;0,0
6754775;Hospital CNES 6754775;354580;Santa Bárbara d'Oeste;SP;Sao Paulo;-22,7553;-47,4143;240;240;0;73;;1244;Grande Porte;Baixa/Media Complexidade;100,0
6783449;Hospital CNES 6783449;355410;Taubaté;SP;Sao Paulo;-23,0104;-45,5593;228;0;228;07;;2062;Grande Porte;Baixa/Media Complexidade;0,0
6785018;Hospital CNES 6785018;350660;Biritiba-Mirim;SP;Sao Paulo;-23,5698;-46,0407;143;143;0;20;;1244;Medio Porte;Baixa/Media Complexidade;100,0
6788122;Hospital CNES 6788122;352050;Indaiatuba;SP;Sao Paulo;-23,0816;-47,2101;96;24;72;05;;2062;Medio Porte;Baixa/Media Complexidade;25,0
6817203;Hospital CNES 6817203;350900;Caieiras;SP;Sao Paulo;-23,3607;-46,7397;636;0;636;05;;2062;Grande Porte;Baixa/Media Complexidade;0,0
6817890;Hospital CNES 6817890;354100;Praia Grande;SP;Sao Paulo;-24,0084;-46,4121;1752;0;1752;05;;3999;Grande Porte;Baixa/Media Complexidade;0,0
6821626;Hospital CNES 6821626;354980;São José do Rio Preto;SP;Sao Paulo;-20,8113;-49,3758;12;0;12;36;;2062;Micro Porte;Baixa/Media Complexidade;0,0
6834183;Hospital CNES 6834183;352210;Itanhaém;SP;Sao Paulo;-24,1736;-46,788;12;12;0;07;;2062;Micro Porte;Baixa/Media Complexidade;100,0
6861717;Hospital CNES 6861717;350810;Buritama;SP;Sao Paulo;-21,0661;-50,1475;72;0;72;36;;2062;Medio Porte;Baixa/Media Complexidade;0,0
6864953;Hospital CNES 6864953;354980;São José do Rio Preto;SP;Sao Paulo;-20,8113;-49,3758;60;0;60;62;;2062;Medio Porte;Baixa/Media Complexidade;0,0
6878687;Hospital CNES 6878687;351640;Franco da Rocha;SP;Sao Paulo;-23,3229;-46,729;2148;2148;0;05;;1023;Grande Porte;Baixa/Media Complexidade;100,0
6879799;Hospital CNES 6879799;355030;São Paulo;SP;Sao Paulo;-23,5329;-46,6395;96;96;0;70;;1031;Medio Porte;Baixa/Media Complexidade;100,0
6894070;Hospital CNES 6894070;350600;Bauru;SP;Sao Paulo;-22,3246;-49,0871;12;0;12;36;;2232;Micro Porte;Baixa/Media Complexidade;0,0
6895263;Hospital CNES 6895263;354910;São João da Boa Vista;SP;Sao Paulo;-21,9707;-46,7944;40;40;0;36;;1023;Pequeno Porte;Baixa/Media Complexidade;100,0
6919456;Hospital CNES 6919456;352940;Mauá;SP;Sao Paulo;-23,6677;-46,4613;180;180;0;73;;1244;Grande Porte;Baixa/Media Complexidade;100,0
6938876;Hospital CNES 6938876;354870;São Bernardo do Campo;SP;Sao Paulo;-23,6914;-46,5646;996;0;996;05;;2054;Grande Porte;Baixa/Media Complexidade;0,0
6943284;Hospital CNES 6943284;350320;Araraquara;SP;Sao Paulo;-21,7845;-48,178;816;720;96;07;;1279;Grande Porte;Baixa/Media Complexidade;88,24
6950043;Hospital CNES 6950043;352940;Mauá;SP;Sao Paulo;-23,6677;-46,4613;180;180;0;73;;1244;Grande Porte;Baixa/Media Complexidade;100,0
6950051;Hospital CNES 6950051;352940;Mauá;SP;Sao Paulo;-23,6677;-46,4613;168;168;0;73;;1244;Grande Porte;Baixa/Media Complexidade;100,0
6964036;Hospital CNES 6964036;355030;São Paulo;SP;Sao Paulo;-23,5329;-46,6395;108;108;0;70;;1031;Medio Porte;Baixa/Media Complexidade;100,0
6964656;Hospital CNES 6964656;350950;Campinas;SP;Sao Paulo;-22,9053;-47,0659;96;96;0;70;;1244;Medio Porte;Baixa/Media Complexidade;100,0
6966594;Hospital CNES 6966594;355100;São Vicente;SP;Sao Paulo;-23,9574;-46,3883;624;432;192;07;;1244;Grande Porte;Baixa/Media Complexidade;69,23
6971199;Hospital CNES 6971199;352240;Itapeva;SP;Sao Paulo;-23,9788;-48,8764;84;84;0;62;;1244;Medio Porte;Baixa/Media Complexidade;100,0
6976794;Hospital CNES 6976794;351380;Diadema;SP;Sao Paulo;-23,6813;-46,6205;60;60;0;73;;1244;Medio Porte;Baixa/Media Complexidade;100,0
6988938;Hospital CNES 6988938;354990;São José dos Campos;SP;Sao Paulo;-23,1896;-45,8841;2544;0;2544;05;;2046;Grande Porte;Baixa/Media Complexidade;0,0
6992552;Hospital CNES 6992552;355500;Tupã;SP;Sao Paulo;-21,9335;-50,5191;48;48;0;73;;1244;Pequeno Porte;Baixa/Media Complexidade;100,0
6992560;Hospital CNES 6992560;352590;Jundiaí;SP;Sao Paulo;-23,1852;-46,8974;84;84;0;36;;1023;Medio Porte;Baixa/Media Complexidade;100,0
6998178;Hospital CNES 6998178;355030;São Paulo;SP;Sao Paulo;-23,5329;-46,6395;84;84;0;62;;1031;Medio Porte;Baixa/Media Complexidade;100,0
6998194;Hospital CNES 6998194;355030;São Paulo;SP;Sao Paulo;-23,5329;-46,6395;720;600;120;05;;1031;Grande Porte;Baixa/Media Complexidade;83,33
6998704;Hospital CNES 6998704;354850;Santos;SP;Sao Paulo;-23,9535;-46,335;1896;1812;84;05;;1244;Grande Porte;Baixa/Media Complexidade;95,57
7019076;Hospital CNES 7019076;355030;São Paulo;SP;Sao Paulo;-23,5329;-46,6395;84;84;0;62;;1031;Medio Porte;Baixa/Media Complexidade;100,0
7019661;Hospital CNES 7019661;351907;Hortolândia;SP;Sao Paulo;-22,8529;-47,2143;348;0;348;05;;2062;Grande Porte;Baixa/Media Complexidade;0,0
7021461;Hospital CNES 7021461;354780;Santo André;SP;Sao Paulo;-23,6737;-46,5432;240;240;0;73;;1244;Grande Porte;Baixa/Media Complexidade;100,0
7023979;Hospital CNES 7023979;354870;São Bernardo do Campo;SP;Sao Paulo;-23,6914;-46,5646;81;81;0;70;;1244;Medio Porte;Baixa/Media Complexidade;100,0
7024231;Hospital CNES 7024231;355030;São Paulo;SP;Sao Paulo;-23,5329;-46,6395;96;96;0;70;;1031;Medio Porte;Baixa/Media Complexidade;100,0
7024274;Hospital CNES 7024274;354850;Santos;SP;Sao Paulo;-23,9535;-46,335;168;0;168;07;;2062;Grande Porte;Baixa/Media Complexidade;0,0
7044666;Hospital CNES 7044666;350950;Campinas;SP;Sao Paulo;-22,9053;-47,0659;828;0;828;05;;2054;Grande Porte;Baixa/Media Complexidade;0,0
7047517;Hospital CNES 7047517;354780;Santo André;SP;Sao Paulo;-23,6737;-46,5432;276;276;0;73;;1244;Grande Porte;Baixa/Media Complexidade;100,0
7060165;Hospital CNES 7060165;355030;São Paulo;SP;Sao Paulo;-23,5329;-46,6395;1512;0;1512;07;;3069;Grande Porte;Baixa/Media Complexidade;0,0
7060416;Hospital CNES 7060416;354780;Santo André;SP;Sao Paulo;-23,6737;-46,5432;48;48;0;20;;1244;Pequeno Porte;Baixa/Media Complexidade;100,0
7066376;Hospital CNES 7066376;352480;Jales;SP;Sao Paulo;-20,2672;-50,5494;444;444;0;07;;3069;Grande Porte;Baixa/Media Complexidade;100,0
7068913;Hospital CNES 7068913;351870;Guarujá;SP;Sao Paulo;-23,9888;-46,258;84;84;0;70;;1244;Medio Porte;Baixa/Media Complexidade;100,0
7094132;Hospital CNES 7094132;354680;Santa Isabel;SP;Sao Paulo;-23,3172;-46,2237;168;168;0;73;;1244;Grande Porte;Baixa/Media Complexidade;100,0
7096089;Hospital CNES 7096089;354870;São Bernardo do Campo;SP;Sao Paulo;-23,6914;-46,5646;84;84;0;70;;1244;Medio Porte;Baixa/Media Complexidade;100,0
7101090;Hospital CNES 7101090;350760;Bragança Paulista;SP;Sao Paulo;-22,9527;-46,5419;48;0;48;05;;2062;Pequeno Porte;Baixa/Media Complexidade;0,0
7103271;Hospital CNES 7103271;351670;Garça;SP;Sao Paulo;-22,2125;-49,6546;84;84;0;73;;1244;Medio Porte;Baixa/Media Complexidade;100,0
7111568;Hospital CNES 7111568;355030;São Paulo;SP;Sao Paulo;-23,5329;-46,6395;60;60;0;70;;1031;Medio Porte;Baixa/Media Complexidade;100,0
7113218;Hospital CNES 7113218;354780;Santo André;SP;Sao Paulo;-23,6737;-46,5432;264;264;0;73;;1244;Grande Porte;Baixa/Media Complexidade;100,0
7134290;Hospital CNES 7134290;350950;Campinas;SP;Sao Paulo;-22,9053;-47,0659;216;0;216;05;;2240;Grande Porte;Baixa/Media Complexidade;0,0
7134665;Hospital CNES 7134665;351907;Hortolândia;SP;Sao Paulo;-22,8529;-47,2143;180;180;0;73;;1244;Grande Porte;Baixa/Media Complexidade;100,0
7159102;Hospital CNES 7159102;355030;São Paulo;SP;Sao Paulo;-23,5329;-46,6395;144;0;144;05;;2062;Medio Porte;Baixa/Media Complexidade;0,0
7165072;Hospital CNES 7165072;355030;São Paulo;SP;Sao Paulo;-23,5329;-46,6395;96;96;0;70;;1031;Medio Porte;Baixa/Media Complexidade;100,0
7174691;Hospital CNES 7174691;355030;São Paulo;SP;Sao Paulo;-23,5329;-46,6395;781;0;781;05;;2062;Grande Porte;Baixa/Media Complexidade;0,0
7174705;Hospital CNES 7174705;355030;São Paulo;SP;Sao Paulo;-23,5329;-46,6395;1166;0;1166;05;;2062;Grande Porte;Baixa/Media Complexidade;0,0
7174713;Hospital CNES 7174713;355030;São Paulo;SP;Sao Paulo;-23,5329;-46,6395;1404;0;1404;05;;2062;Grande Porte;Baixa/Media Complexidade;0,0
7174721;Hospital CNES 7174721;355030;São Paulo;SP;Sao Paulo;-23,5329;-46,6395;1272;0;1272;05;;2062;Grande Porte;Baixa/Media Complexidade;0,0
7182031;Hospital CNES 7182031;355030;São Paulo;SP;Sao Paulo;-23,5329;-46,6395;312;0;312;07;;2062;Grande Porte;Baixa/Media Complexidade;0,0
7184344;Hospital CNES 7184344;354100;Praia Grande;SP;Sao Paulo;-24,0084;-46,4121;96;96;0;70;;1244;Medio Porte;Baixa/Media Complexidade;100,0
7188676;Hospital CNES 7188676;353470;Ourinhos;SP;Sao Paulo;-22,9797;-49,8697;36;36;0;62;;1023;Pequeno Porte;Baixa/Media Complexidade;100,0
7210094;Hospital CNES 7210094;351230;Conchas;SP;Sao Paulo;-23,0154;-48,0134;180;168;12;05;;1244;Grande Porte;Baixa/Media Complexidade;93,33
7223560;Hospital CNES 7223560;353780;Piedade;SP;Sao Paulo;-23,7139;-47,4256;72;0;72;36;;2062;Medio Porte;Baixa/Media Complexidade;0,0
7228163;Hospital CNES 7228163;352220;Itapecerica da Serra;SP;Sao Paulo;-23,7161;-46,8572;192;192;0;20;;1120;Grande Porte;Baixa/Media Complexidade;100,0
7240481;Hospital CNES 7240481;355030;São Paulo;SP;Sao Paulo;-23,5329;-46,6395;420;0;420;36;;2062;Grande Porte;Baixa/Media Complexidade;0,0
7252455;Hospital CNES 7252455;355030;São Paulo;SP;Sao Paulo;-23,5329;-46,6395;2520;2280;240;05;;3999;Grande Porte;Baixa/Media Complexidade;90,48
7261012;Hospital CNES 7261012;351380;Diadema;SP;Sao Paulo;-23,6813;-46,6205;720;0;720;05;;2062;Grande Porte;Baixa/Media Complexidade;0,0
7264755;Hospital CNES 7264755;353390;Olímpia;SP;Sao Paulo;-20,7366;-48,9106;12;0;12;20;;2143;Micro Porte;Baixa/Media Complexidade;0,0
7276621;Hospital CNES 7276621;354780;Santo André;SP;Sao Paulo;-23,6737;-46,5432;96;96;0;70;;1244;Medio Porte;Baixa/Media Complexidade;100,0
7309899;Hospital CNES 7309899;354870;São Bernardo do Campo;SP;Sao Paulo;-23,6914;-46,5646;93;93;0;70;;1244;Medio Porte;Baixa/Media Complexidade;100,0
7320175;Hospital CNES 7320175;355020;São Miguel Arcanjo;SP;Sao Paulo;-23,8782;-47,9935;959;959;0;05;;3999;Grande Porte;Baixa/Media Complexidade;100,0
7343256;Hospital CNES 7343256;354980;São José do Rio Preto;SP;Sao Paulo;-20,8113;-49,3758;120;120;0;70;;1244;Medio Porte;Baixa/Media Complexidade;100,0
7352980;Hospital CNES 7352980;350320;Araraquara;SP;Sao Paulo;-21,7845;-48,178;108;0;108;07;;2062;Medio Porte;Baixa/Media Complexidade;0,0
7357079;Hospital CNES 7357079;355030;São Paulo;SP;Sao Paulo;-23,5329;-46,6395;1212;0;1212;05;;2062;Grande Porte;Baixa/Media Complexidade;0,0
7357192;Hospital CNES 7357192;354340;Ribeirão Preto;SP;Sao Paulo;-21,1699;-47,8099;108;0;108;62;;2062;Medio Porte;Baixa/Media Complexidade;0,0
7368704;Hospital CNES 7368704;355400;Tatuí;SP;Sao Paulo;-23,3487;-47,8461;587;0;587;05;;2143;Grande Porte;Baixa/Media Complexidade;0,0
7371349;Hospital CNES 7371349;355100;São Vicente;SP;Sao Paulo;-23,9574;-46,3883;717;636;81;05;;1244;Grande Porte;Baixa/Media Complexidade;88,7
7373465;Hospital CNES 7373465;354870;São Bernardo do Campo;SP;Sao Paulo;-23,6914;-46,5646;3192;3192;0;05;;1244;Grande Porte;Baixa/Media Complexidade;100,0
7378394;Hospital CNES 7378394;355030;São Paulo;SP;Sao Paulo;-23,5329;-46,6395;24;24;0;62;;1031;Pequeno Porte;Baixa/Media Complexidade;100,0
7385978;Hospital CNES 7385978;355030;São Paulo;SP;Sao Paulo;-23,5329;-46,6395;72;72;0;62;;3999;Medio Porte;Baixa/Media Complexidade;100,0
7390157;Hospital CNES 7390157;355030;São Paulo;SP;Sao Paulo;-23,5329;-46,6395;1440;0;1440;62;;3999;Grande Porte;Baixa/Media Complexidade;0,0
7400926;Hospital CNES 7400926;354140;Presidente Prudente;SP;Sao Paulo;-22,1207;-51,3925;1356;864;492;07;;3069;Grande Porte;Baixa/Media Complexidade;63,72
7420595;Hospital CNES 7420595;354340;Ribeirão Preto;SP;Sao Paulo;-21,1699;-47,8099;372;372;0;05;;1244;Grande Porte;Baixa/Media Complexidade;100,0
7435568;Hospital CNES 7435568;354870;São Bernardo do Campo;SP;Sao Paulo;-23,6914;-46,5646;120;0;120;05;;2062;Medio Porte;Baixa/Media Complexidade;0,0
7448465;Hospital CNES 7448465;355030;São Paulo;SP;Sao Paulo;-23,5329;-46,6395;840;0;840;62;;2240;Grande Porte;Baixa/Media Complexidade;0,0
7451229;Hospital CNES 7451229;351550;Fernandópolis;SP;Sao Paulo;-20,2806;-50,2471;60;0;60;62;;3069;Medio Porte;Baixa/Media Complexidade;0,0
7463030;Hospital CNES 7463030;350760;Bragança Paulista;SP;Sao Paulo;-22,9527;-46,5419;228;228;0;73;;1244;Grande Porte;Baixa/Media Complexidade;100,0
7469926;Hospital CNES 7469926;355030;São Paulo;SP;Sao Paulo;-23,5329;-46,6395;180;0;180;62;;2240;Grande Porte;Baixa/Media Complexidade;0,0
7473702;Hospital CNES 7473702;353060;Mogi das Cruzes;SP;Sao Paulo;-23,5208;-46,1854;878;878;0;05;;1244;Grande Porte;Baixa/Media Complexidade;100,0
7494068;Hospital CNES 7494068;352310;Itaquaquecetuba;SP;Sao Paulo;-23,4835;-46,3457;180;180;0;73;;1244;Grande Porte;Baixa/Media Complexidade;100,0
7496117;Hospital CNES 7496117;355220;Sorocaba;SP;Sao Paulo;-23,4969;-47,4451;108;108;0;62;;1023;Medio Porte;Baixa/Media Complexidade;100,0
7497857;Hospital CNES 7497857;355030;São Paulo;SP;Sao Paulo;-23,5329;-46,6395;96;96;0;70;;1031;Medio Porte;Baixa/Media Complexidade;100,0
7504160;Hospital CNES 7504160;354870;São Bernardo do Campo;SP;Sao Paulo;-23,6914;-46,5646;96;96;0;70;;1244;Medio Porte;Baixa/Media Complexidade;100,0
7515782;Hospital CNES 7515782;355030;São Paulo;SP;Sao Paulo;-23,5329;-46,6395;84;0;84;62;;2062;Medio Porte;Baixa/Media Complexidade;0,0
7544529;Hospital CNES 7544529;351870;Guarujá;SP;Sao Paulo;-23,9888;-46,258;548;548;0;05;;1023;Grande Porte;Baixa/Media Complexidade;100,0
7547439;Hospital CNES 7547439;354870;São Bernardo do Campo;SP;Sao Paulo;-23,6914;-46,5646;384;0;384;62;;3999;Grande Porte;Baixa/Media Complexidade;0,0
7561369;Hospital CNES 7561369;355220;Sorocaba;SP;Sao Paulo;-23,4969;-47,4451;120;0;120;62;;2062;Medio Porte;Baixa/Media Complexidade;0,0
7564902;Hospital CNES 7564902;350320;Araraquara;SP;Sao Paulo;-21,7845;-48,178;420;0;420;05;;2054;Grande Porte;Baixa/Media Complexidade;0,0
7568428;Hospital CNES 7568428;355220;Sorocaba;SP;Sao Paulo;-23,4969;-47,4451;72;0;72;62;;2062;Medio Porte;Baixa/Media Complexidade;0,0
7572468;Hospital CNES 7572468;355030;São Paulo;SP;Sao Paulo;-23,5329;-46,6395;24;24;0;62;;3999;Pequeno Porte;Baixa/Media Complexidade;100,0
7573162;Hospital CNES 7573162;352590;Jundiaí;SP;Sao Paulo;-23,1852;-46,8974;1668;1614;54;05;;1023;Grande Porte;Baixa/Media Complexidade;96,76
7576692;Hospital CNES 7576692;350600;Bauru;SP;Sao Paulo;-22,3246;-49,0871;96;0;96;70;;1244;Medio Porte;Baixa/Media Complexidade;0,0
7580770;Hospital CNES 7580770;350900;Caieiras;SP;Sao Paulo;-23,3607;-46,7397;648;648;0;05;;1023;Grande Porte;Baixa/Media Complexidade;100,0
7582242;Hospital CNES 7582242;355030;São Paulo;SP;Sao Paulo;-23,5329;-46,6395;24;0;24;62;;2062;Pequeno Porte;Baixa/Media Complexidade;0,0
7593643;Hospital CNES 7593643;355030;São Paulo;SP;Sao Paulo;-23,5329;-46,6395;2052;0;2052;05;;2062;Grande Porte;Baixa/Media Complexidade;0,0
7602227;Hospital CNES 7602227;355030;São Paulo;SP;Sao Paulo;-23,5329;-46,6395;660;0;660;05;;2062;Grande Porte;Baixa/Media Complexidade;0,0
7603274;Hospital CNES 7603274;352170;Itaberá;SP;Sao Paulo;-23,8638;-49,14;228;228;0;05;;1244;Grande Porte;Baixa/Media Complexidade;100,0
7612990;Hospital CNES 7612990;350750;Botucatu;SP;Sao Paulo;-22,8837;-48,4437;1248;0;1248;05;;2143;Grande Porte;Baixa/Media Complexidade;0,0
7615280;Hospital CNES 7615280;354340;Ribeirão Preto;SP;Sao Paulo;-21,1699;-47,8099;747;399;348;05;;3999;Grande Porte;Baixa/Media Complexidade;53,41
7622244;Hospital CNES 7622244;355030;São Paulo;SP;Sao Paulo;-23,5329;-46,6395;180;0;180;07;;2240;Grande Porte;Baixa/Media Complexidade;0,0
7644167;Hospital CNES 7644167;355030;São Paulo;SP;Sao Paulo;-23,5329;-46,6395;512;0;512;05;;2062;Grande Porte;Baixa/Media Complexidade;0,0
7658079;Hospital CNES 7658079;355645;Vargem Grande Paulista;SP;Sao Paulo;-23,5993;-47,022;280;0;280;07;;2062;Grande Porte;Baixa/Media Complexidade;0,0
7665512;Hospital CNES 7665512;355030;São Paulo;SP;Sao Paulo;-23,5329;-46,6395;12;0;12;36;;2062;Micro Porte;Baixa/Media Complexidade;0,0
7667965;Hospital CNES 7667965;350900;Caieiras;SP;Sao Paulo;-23,3607;-46,7397;120;0;120;05;;2062;Medio Porte;Baixa/Media Complexidade;0,0
7676484;Hospital CNES 7676484;355030;São Paulo;SP;Sao Paulo;-23,5329;-46,6395;4438;0;4438;05;;2062;Grande Porte;Baixa/Media Complexidade;0,0
7682581;Hospital CNES 7682581;353440;Osasco;SP;Sao Paulo;-23,5324;-46,7916;480;480;0;20;;1244;Grande Porte;Baixa/Media Complexidade;100,0
7696981;Hospital CNES 7696981;351130;Cedral;SP;Sao Paulo;-20,9009;-49,2664;360;0;360;15;;2062;Grande Porte;Baixa/Media Complexidade;0,0
7701810;Hospital CNES 7701810;354140;Presidente Prudente;SP;Sao Paulo;-22,1207;-51,3925;68;0;68;05;;2143;Medio Porte;Baixa/Media Complexidade;0,0
7706502;Hospital CNES 7706502;350290;Araçoiaba da Serra;SP;Sao Paulo;-23,5029;-47,6166;1944;0;1944;62;;2062;Grande Porte;Baixa/Media Complexidade;0,0
7709641;Hospital CNES 7709641;355220;Sorocaba;SP;Sao Paulo;-23,4969;-47,4451;60;60;0;70;;1244;Medio Porte;Baixa/Media Complexidade;100,0
7711980;Hospital CNES 7711980;355030;São Paulo;SP;Sao Paulo;-23,5329;-46,6395;2244;2136;108;05;;1031;Grande Porte;Baixa/Media Complexidade;95,19
7712308;Hospital CNES 7712308;350850;Caçapava;SP;Sao Paulo;-23,0992;-45,7076;960;960;0;36;;3999;Grande Porte;Baixa/Media Complexidade;100,0
7718136;Hospital CNES 7718136;354980;São José do Rio Preto;SP;Sao Paulo;-20,8113;-49,3758;204;0;204;07;;2062;Grande Porte;Baixa/Media Complexidade;0,0
7726155;Hospital CNES 7726155;351050;Caraguatatuba;SP;Sao Paulo;-23,6125;-45,4125;120;0;120;05;;2143;Medio Porte;Baixa/Media Complexidade;0,0
7755333;Hospital CNES 7755333;353800;Pindamonhangaba;SP;Sao Paulo;-22,9246;-45,4613;1212;0;1212;05;;2143;Grande Porte;Baixa/Media Complexidade;0,0
7769105;Hospital CNES 7769105;350900;Caieiras;SP;Sao Paulo;-23,3607;-46,7397;60;0;60;36;;2054;Medio Porte;Baixa/Media Complexidade;0,0
7778317;Hospital CNES 7778317;351500;Embu das Artes;SP;Sao Paulo;-23,6437;-46,8579;15;0;15;07;;2062;Pequeno Porte;Baixa/Media Complexidade;0,0
7798121;Hospital CNES 7798121;352340;Itatiba;SP;Sao Paulo;-23,0035;-46,8464;84;0;84;36;;2143;Medio Porte;Baixa/Media Complexidade;0,0
7806116;Hospital CNES 7806116;352310;Itaquaquecetuba;SP;Sao Paulo;-23,4835;-46,3457;72;0;72;73;;1244;Medio Porte;Baixa/Media Complexidade;0,0
7811535;Hospital CNES 7811535;355220;Sorocaba;SP;Sao Paulo;-23,4969;-47,4451;96;96;0;70;;1244;Medio Porte;Baixa/Media Complexidade;100,0
7822421;Hospital CNES 7822421;353710;Pedreira;SP;Sao Paulo;-22,7413;-46,8948;588;588;0;05;;1244;Grande Porte;Baixa/Media Complexidade;100,0
7823940;Hospital CNES 7823940;354910;São João da Boa Vista;SP;Sao Paulo;-21,9707;-46,7944;12;0;12;62;;2062;Micro Porte;Baixa/Media Complexidade;0,0
7825757;Hospital CNES 7825757;353870;Piracicaba;SP;Sao Paulo;-22,7338;-47,6476;12;0;12;62;;2062;Micro Porte;Baixa/Media Complexidade;0,0
7830475;Hospital CNES 7830475;353060;Mogi das Cruzes;SP;Sao Paulo;-23,5208;-46,1854;180;0;180;05;;3999;Grande Porte;Baixa/Media Complexidade;0,0
7838530;Hospital CNES 7838530;353060;Mogi das Cruzes;SP;Sao Paulo;-23,5208;-46,1854;1308;0;1308;05;;2062;Grande Porte;Baixa/Media Complexidade;0,0
7849184;Hospital CNES 7849184;355250;Suzano;SP;Sao Paulo;-23,5448;-46,3112;1140;0;1140;05;;2054;Grande Porte;Baixa/Media Complexidade;0,0
7852444;Hospital CNES 7852444;352240;Itapeva;SP;Sao Paulo;-23,9788;-48,8764;240;0;240;62;;2143;Grande Porte;Baixa/Media Complexidade;0,0
7853130;Hospital CNES 7853130;352220;Itapecerica da Serra;SP;Sao Paulo;-23,7161;-46,8572;816;0;816;07;;2054;Grande Porte;Baixa/Media Complexidade;0,0
7863594;Hospital CNES 7863594;354980;São José do Rio Preto;SP;Sao Paulo;-20,8113;-49,3758;204;0;204;07;;2062;Grande Porte;Baixa/Media Complexidade;0,0
7864124;Hospital CNES 7864124;350750;Botucatu;SP;Sao Paulo;-22,8837;-48,4437;540;540;0;05;;1244;Grande Porte;Baixa/Media Complexidade;100,0
7865317;Hospital CNES 7865317;353390;Olímpia;SP;Sao Paulo;-20,7366;-48,9106;12;0;12;20;;2062;Micro Porte;Baixa/Media Complexidade;0,0
7869088;Hospital CNES 7869088;355280;Taboão da Serra;SP;Sao Paulo;-23,6019;-46,7526;1296;0;1296;07;;2054;Grande Porte;Baixa/Media Complexidade;0,0
7885636;Hospital CNES 7885636;350290;Araçoiaba da Serra;SP;Sao Paulo;-23,5029;-47,6166;36;0;36;77;;2062;Pequeno Porte;Baixa/Media Complexidade;0,0
7886470;Hospital CNES 7886470;351110;Catanduva;SP;Sao Paulo;-21,1314;-48,977;12;0;12;62;;2062;Micro Porte;Baixa/Media Complexidade;0,0
7894260;Hospital CNES 7894260;351870;Guarujá;SP;Sao Paulo;-23,9888;-46,258;852;255;597;05;;3999;Grande Porte;Baixa/Media Complexidade;29,93
7899599;Hospital CNES 7899599;351840;Guaratinguetá;SP;Sao Paulo;-22,8075;-45,1938;156;0;156;05;;1015;Grande Porte;Baixa/Media Complexidade;0,0
7908121;Hospital CNES 7908121;350290;Araçoiaba da Serra;SP;Sao Paulo;-23,5029;-47,6166;720;0;720;62;;3999;Grande Porte;Baixa/Media Complexidade;0,0
7920288;Hospital CNES 7920288;355220;Sorocaba;SP;Sao Paulo;-23,4969;-47,4451;360;0;360;36;;2062;Grande Porte;Baixa/Media Complexidade;0,0
7932189;Hospital CNES 7932189;354140;Presidente Prudente;SP;Sao Paulo;-22,1207;-51,3925;18;0;18;62;;2062;Pequeno Porte;Baixa/Media Complexidade;0,0
7940939;Hospital CNES 7940939;350840;Cabreúva;SP;Sao Paulo;-23,3053;-47,1362;588;0;588;07;;2062;Grande Porte;Baixa/Media Complexidade;0,0
7947984;Hospital CNES 7947984;350970;Campos do Jordão;SP;Sao Paulo;-22,7296;-45,5833;588;588;0;05;;1244;Grande Porte;Baixa/Media Complexidade;100,0
7951337;Hospital CNES 7951337;350950;Campinas;SP;Sao Paulo;-22,9053;-47,0659;130;0;130;62;;2062;Medio Porte;Baixa/Media Complexidade;0,0
7965192;Hospital CNES 7965192;354340;Ribeirão Preto;SP;Sao Paulo;-21,1699;-47,8099;1968;24;1944;05;;2143;Grande Porte;Baixa/Media Complexidade;1,22
7979649;Hospital CNES 7979649;355030;São Paulo;SP;Sao Paulo;-23,5329;-46,6395;60;60;0;62;;1031;Medio Porte;Baixa/Media Complexidade;100,0
7980051;Hospital CNES 7980051;350390;Arujá;SP;Sao Paulo;-23,3965;-46,32;480;0;480;05;;2054;Grande Porte;Baixa/Media Complexidade;0,0
7992890;Hospital CNES 7992890;355030;São Paulo;SP;Sao Paulo;-23,5329;-46,6395;1260;1068;192;05;;1031;Grande Porte;Baixa/Media Complexidade;84,76
8002428;Hospital CNES 8002428;351350;Cubatão;SP;Sao Paulo;-23,8911;-46,424;91;91;0;21;;1244;Medio Porte;Baixa/Media Complexidade;100,0
8005877;Hospital CNES 8005877;352430;Jaboticabal;SP;Sao Paulo;-21,252;-48,3252;1944;0;1944;05;;2054;Grande Porte;Baixa/Media Complexidade;0,0
9017976;Hospital CNES 9017976;351110;Catanduva;SP;Sao Paulo;-21,1314;-48,977;36;0;36;62;;2062;Pequeno Porte;Baixa/Media Complexidade;0,0
9039864;Hospital CNES 9039864;355220;Sorocaba;SP;Sao Paulo;-23,4969;-47,4451;48;0;48;62;;3999;Pequeno Porte;Baixa/Media Complexidade;0,0
9061819;Hospital CNES 9061819;355700;Votorantim;SP;Sao Paulo;-23,5446;-47,4388;564;0;564;05;;2062;Grande Porte;Baixa/Media Complexidade;0,0
9069712;Hospital CNES 9069712;354780;Santo André;SP;Sao Paulo;-23,6737;-46,5432;28;0;28;20;;3999;Pequeno Porte;Baixa/Media Complexidade;0,0
9103147;Hospital CNES 9103147;355030;São Paulo;SP;Sao Paulo;-23,5329;-46,6395;204;0;204;62;;2062;Grande Porte;Baixa/Media Complexidade;0,0
9131434;Hospital CNES 9131434;355030;São Paulo;SP;Sao Paulo;-23,5329;-46,6395;1500;0;1500;05;;2062;Grande Porte;Baixa/Media Complexidade;0,0
9149511;Hospital CNES 9149511;351880;Guarulhos;SP;Sao Paulo;-23,4538;-46,5333;877;0;877;05;;2062;Grande Porte;Baixa/Media Complexidade;0,0
9158510;Hospital CNES 9158510;350950;Campinas;SP;Sao Paulo;-22,9053;-47,0659;156;0;156;62;;2240;Grande Porte;Baixa/Media Complexidade;0,0
9183477;Hospital CNES 9183477;352590;Jundiaí;SP;Sao Paulo;-23,1852;-46,8974;120;120;0;70;;1244;Medio Porte;Baixa/Media Complexidade;100,0
9188150;Hospital CNES 9188150;355030;São Paulo;SP;Sao Paulo;-23,5329;-46,6395;72;72;0;70;;1031;Medio Porte;Baixa/Media Complexidade;100,0
9194258;Hospital CNES 9194258;354880;São Caetano do Sul;SP;Sao Paulo;-23,6229;-46,5548;3204;0;3204;05;;2046;Grande Porte;Baixa/Media Complexidade;0,0
9206450;Hospital CNES 9206450;354870;São Bernardo do Campo;SP;Sao Paulo;-23,6914;-46,5646;96;96;0;70;;1244;Medio Porte;Baixa/Media Complexidade;100,0
9206884;Hospital CNES 9206884;354870;São Bernardo do Campo;SP;Sao Paulo;-23,6914;-46,5646;180;0;180;07;;2062;Grande Porte;Baixa/Media Complexidade;0,0
9224424;Hospital CNES 9224424;354140;Presidente Prudente;SP;Sao Paulo;-22,1207;-51,3925;96;96;0;70;;1244;Medio Porte;Baixa/Media Complexidade;100,0
9224815;Hospital CNES 9224815;350550;Barretos;SP;Sao Paulo;-20,5531;-48,5698;36;0;36;36;;2062;Pequeno Porte;Baixa/Media Complexidade;0,0
9232141;Hospital CNES 9232141;350190;Amparo;SP;Sao Paulo;-22,7088;-46,772;24;24;0;36;;1023;Pequeno Porte;Baixa/Media Complexidade;100,0
9241140;Hospital CNES 9241140;353930;Pirassununga;SP;Sao Paulo;-21,996;-47,4257;684;0;684;07;;2062;Grande Porte;Baixa/Media Complexidade;0,0
9244123;Hospital CNES 9244123;352690;Limeira;SP;Sao Paulo;-22,566;-47,397;72;0;72;36;;2062;Medio Porte;Baixa/Media Complexidade;0,0
9255826;Hospital CNES 9255826;351880;Guarulhos;SP;Sao Paulo;-23,4538;-46,5333;1176;0;1176;05;;2054;Grande Porte;Baixa/Media Complexidade;0,0
9266569;Hospital CNES 9266569;354980;São José do Rio Preto;SP;Sao Paulo;-20,8113;-49,3758;12;0;12;07;;2062;Micro Porte;Baixa/Media Complexidade;0,0
9267263;Hospital CNES 9267263;350320;Araraquara;SP;Sao Paulo;-21,7845;-48,178;276;276;0;05;;1244;Grande Porte;Baixa/Media Complexidade;100,0
9278990;Hospital CNES 9278990;352430;Jaboticabal;SP;Sao Paulo;-21,252;-48,3252;480;0;480;36;;2062;Grande Porte;Baixa/Media Complexidade;0,0
9287671;Hospital CNES 9287671;355030;São Paulo;SP;Sao Paulo;-23,5329;-46,6395;175;0;175;07;;2062;Grande Porte;Baixa/Media Complexidade;0,0
9295569;Hospital CNES 9295569;355645;Vargem Grande Paulista;SP;Sao Paulo;-23,5993;-47,022;240;16;224;78;;2240;Grande Porte;Baixa/Media Complexidade;6,67
9297715;Hospital CNES 9297715;353760;Peruíbe;SP;Sao Paulo;-24,312;-47,0012;216;216;0;05;;1244;Grande Porte;Baixa/Media Complexidade;100,0
9303685;Hospital CNES 9303685;352720;Lorena;SP;Sao Paulo;-22,7334;-45,1197;324;0;324;62;;2062;Grande Porte;Baixa/Media Complexidade;0,0
9305513;Hospital CNES 9305513;350940;Cajuru;SP;Sao Paulo;-21,2749;-47,303;804;0;804;36;;2240;Grande Porte;Baixa/Media Complexidade;0,0
9314687;Hospital CNES 9314687;355370;Taquaritinga;SP;Sao Paulo;-21,4049;-48,5103;24;24;0;36;;1023;Pequeno Porte;Baixa/Media Complexidade;100,0
9314903;Hospital CNES 9314903;350280;Araçatuba;SP;Sao Paulo;-21,2076;-50,4401;60;60;0;70;;1244;Medio Porte;Baixa/Media Complexidade;100,0
9329080;Hospital CNES 9329080;351430;Dourado;SP;Sao Paulo;-22,1044;-48,3178;162;162;0;05;;1244;Grande Porte;Baixa/Media Complexidade;100,0
9330070;Hospital CNES 9330070;355240;Sumaré;SP;Sao Paulo;-22,8204;-47,2728;12;0;12;62;;2062;Micro Porte;Baixa/Media Complexidade;0,0
9335951;Hospital CNES 9335951;354780;Santo André;SP;Sao Paulo;-23,6737;-46,5432;576;0;576;05;;2062;Grande Porte;Baixa/Media Complexidade;0,0
9344462;Hospital CNES 9344462;351840;Guaratinguetá;SP;Sao Paulo;-22,8075;-45,1938;12;0;12;62;;2062;Micro Porte;Baixa/Media Complexidade;0,0
9345949;Hospital CNES 9345949;352340;Itatiba;SP;Sao Paulo;-23,0035;-46,8464;12;12;0;62;;2062;Micro Porte;Baixa/Media Complexidade;100,0
9353720;Hospital CNES 9353720;351110;Catanduva;SP;Sao Paulo;-21,1314;-48,977;24;0;24;62;;2062;Pequeno Porte;Baixa/Media Complexidade;0,0
9363165;Hospital CNES 9363165;355030;São Paulo;SP;Sao Paulo;-23,5329;-46,6395;240;120;120;70;;1031;Grande Porte;Baixa/Media Complexidade;50,0
9373306;Hospital CNES 9373306;351870;Guarujá;SP;Sao Paulo;-23,9888;-46,258;1344;0;1344;05;;3999;Grande Porte;Baixa/Media Complexidade;0,0
9377255;Hospital CNES 9377255;352900;Marília;SP;Sao Paulo;-22,2171;-49,9501;852;492;360;05;;3999;Grande Porte;Baixa/Media Complexidade;57,75
9392645;Hospital CNES 9392645;355030;São Paulo;SP;Sao Paulo;-23,5329;-46,6395;12;0;12;05;;2062;Micro Porte;Baixa/Media Complexidade;0,0
9393277;Hospital CNES 9393277;350290;Araçoiaba da Serra;SP;Sao Paulo;-23,5029;-47,6166;720;0;720;62;;3999;Grande Porte;Baixa/Media Complexidade;0,0
9409246;Hospital CNES 9409246;355700;Votorantim;SP;Sao Paulo;-23,5446;-47,4388;360;0;360;36;;2062;Grande Porte;Baixa/Media Complexidade;0,0
9411801;Hospital CNES 9411801;352220;Itapecerica da Serra;SP;Sao Paulo;-23,7161;-46,8572;576;0;576;36;;3999;Grande Porte;Baixa/Media Complexidade;0,0
9413634;Hospital CNES 9413634;355660;Vera Cruz;SP;Sao Paulo;-22,2183;-49,8207;432;0;432;36;;3999;Grande Porte;Baixa/Media Complexidade;0,0
9421521;Hospital CNES 9421521;350950;Campinas;SP;Sao Paulo;-22,9053;-47,0659;12;0;12;62;;2062;Micro Porte;Baixa/Media Complexidade;0,0
9425802;Hospital CNES 9425802;353870;Piracicaba;SP;Sao Paulo;-22,7338;-47,6476;1548;1548;0;05;;1023;Grande Porte;Baixa/Media Complexidade;100,0
9438890;Hospital CNES 9438890;353020;Mirante do Paranapanema;SP;Sao Paulo;-22,2904;-51,9084;276;276;0;20;;1244;Grande Porte;Baixa/Media Complexidade;100,0
9452354;Hospital CNES 9452354;352520;Jarinu;SP;Sao Paulo;-23,1039;-46,728;144;0;144;05;;2062;Medio Porte;Baixa/Media Complexidade;0,0
9462023;Hospital CNES 9462023;350950;Campinas;SP;Sao Paulo;-22,9053;-47,0659;48;48;0;36;;3069;Pequeno Porte;Baixa/Media Complexidade;100,0
9465464;Hospital CNES 9465464;355030;São Paulo;SP;Sao Paulo;-23,5329;-46,6395;3444;2784;660;05;;1031;Grande Porte;Baixa/Media Complexidade;80,84
9477373;Hospital CNES 9477373;350950;Campinas;SP;Sao Paulo;-22,9053;-47,0659;1056;0;1056;05;;2143;Grande Porte;Baixa/Media Complexidade;0,0
9485023;Hospital CNES 9485023;352680;Lençóis Paulista;SP;Sao Paulo;-22,6027;-48,8037;1020;0;1020;36;;2062;Grande Porte;Baixa/Media Complexidade;0,0
9488227;Hospital CNES 9488227;355030;São Paulo;SP;Sao Paulo;-23,5329;-46,6395;1467;0;1467;07;;2054;Grande Porte;Baixa/Media Complexidade;0,0
9490604;Hospital CNES 9490604;355030;São Paulo;SP;Sao Paulo;-23,5329;-46,6395;3972;0;3972;05;;2062;Grande Porte;Baixa/Media Complexidade;0,0
9491112;Hospital CNES 9491112;355220;Sorocaba;SP;Sao Paulo;-23,4969;-47,4451;3120;2448;672;05;;1023;Grande Porte;Baixa/Media Complexidade;78,46
9491252;Hospital CNES 9491252;354990;São José dos Campos;SP;Sao Paulo;-23,1896;-45,8841;1944;1854;90;05;;1023;Grande Porte;Baixa/Media Complexidade;95,37
9500138;Hospital CNES 9500138;355030;São Paulo;SP;Sao Paulo;-23,5329;-46,6395;192;0;192;07;;3069;Grande Porte;Baixa/Media Complexidade;0,0
9502254;Hospital CNES 9502254;354980;São José do Rio Preto;SP;Sao Paulo;-20,8113;-49,3758;132;0;132;07;;2062;Medio Porte;Baixa/Media Complexidade;0,0
9514813;Hospital CNES 9514813;355060;São Roque;SP;Sao Paulo;-23,5226;-47,1357;1440;0;1440;83;;3999;Grande Porte;Baixa/Media Complexidade;0,0
9536248;Hospital CNES 9536248;352310;Itaquaquecetuba;SP;Sao Paulo;-23,4835;-46,3457;48;48;0;20;;1244;Pequeno Porte;Baixa/Media Complexidade;100,0
9549846;Hospital CNES 9549846;350760;Bragança Paulista;SP;Sao Paulo;-22,9527;-46,5419;600;0;600;05;;2062;Grande Porte;Baixa/Media Complexidade;0,0
9554157;Hospital CNES 9554157;355030;São Paulo;SP;Sao Paulo;-23,5329;-46,6395;5628;0;5628;05;;2054;Grande Porte;Baixa/Media Complexidade;0,0
9556095;Hospital CNES 9556095;354260;Registro;SP;Sao Paulo;-24,4979;-47,8449;1782;1662;120;05;;1023;Grande Porte;Baixa/Media Complexidade;93,27
9567674;Hospital CNES 9567674;354850;Santos;SP;Sao Paulo;-23,9535;-46,335;12;12;0;36;;3999;Micro Porte;Baixa/Media Complexidade;100,0
9580743;Hospital CNES 9580743;355100;São Vicente;SP;Sao Paulo;-23,9574;-46,3883;120;120;0;62;;1023;Medio Porte;Baixa/Media Complexidade;100,0
9584633;Hospital CNES 9584633;352220;Itapecerica da Serra;SP;Sao Paulo;-23,7161;-46,8572;960;0;960;07;;2054;Grande Porte;Baixa/Media Complexidade;0,0
9609474;Hospital CNES 9609474;355250;Suzano;SP;Sao Paulo;-23,5448;-46,3112;60;60;0;20;;1244;Medio Porte;Baixa/Media Complexidade;100,0
9616616;Hospital CNES 9616616;351300;Cotia;SP;Sao Paulo;-23,6022;-46,919;600;0;600;07;;2062;Grande Porte;Baixa/Media Complexidade;0,0
9618554;Hospital CNES 9618554;355220;Sorocaba;SP;Sao Paulo;-23,4969;-47,4451;60;60;0;70;;1244;Medio Porte;Baixa/Media Complexidade;100,0
9639659;Hospital CNES 9639659;351280;Cosmópolis;SP;Sao Paulo;-22,6419;-47,1926;972;564;408;05;;3999;Grande Porte;Baixa/Media Complexidade;58,02
9645543;Hospital CNES 9645543;354780;Santo André;SP;Sao Paulo;-23,6737;-46,5432;120;0;120;62;;2062;Medio Porte;Baixa/Media Complexidade;0,0
9652221;Hospital CNES 9652221;355030;São Paulo;SP;Sao Paulo;-23,5329;-46,6395;540;0;540;07;;2062;Grande Porte;Baixa/Media Complexidade;0,0
9664815;Hospital CNES 9664815;355030;São Paulo;SP;Sao Paulo;-23,5329;-46,6395;72;72;0;70;;1031;Medio Porte;Baixa/Media Complexidade;100,0
9664831;Hospital CNES 9664831;355030;São Paulo;SP;Sao Paulo;-23,5329;-46,6395;96;96;0;70;;1031;Medio Porte;Baixa/Media Complexidade;100,0
9680500;Hospital CNES 9680500;351670;Garça;SP;Sao Paulo;-22,2125;-49,6546;1068;804;264;05;;3999;Grande Porte;Baixa/Media Complexidade;75,28
9684093;Hospital CNES 9684093;355030;São Paulo;SP;Sao Paulo;-23,5329;-46,6395;96;96;0;70;;1031;Medio Porte;Baixa/Media Complexidade;100,0
9684948;Hospital CNES 9684948;355030;São Paulo;SP;Sao Paulo;-23,5329;-46,6395;360;0;360;05;;2054;Grande Porte;Baixa/Media Complexidade;0,0
9685111;Hospital CNES 9685111;355030;São Paulo;SP;Sao Paulo;-23,5329;-46,6395;72;72;0;70;;1031;Medio Porte;Baixa/Media Complexidade;100,0
9688455;Hospital CNES 9688455;355030;São Paulo;SP;Sao Paulo;-23,5329;-46,6395;96;96;0;70;;1031;Medio Porte;Baixa/Media Complexidade;100,0
9691553;Hospital CNES 9691553;355030;São Paulo;SP;Sao Paulo;-23,5329;-46,6395;96;96;0;70;;1031;Medio Porte;Baixa/Media Complexidade;100,0
9727345;Hospital CNES 9727345;351300;Cotia;SP;Sao Paulo;-23,6022;-46,919;1204;0;1204;07;;3999;Grande Porte;Baixa/Media Complexidade;0,0
9735372;Hospital CNES 9735372;355030;São Paulo;SP;Sao Paulo;-23,5329;-46,6395;504;0;504;05;;2062;Grande Porte;Baixa/Media Complexidade;0,0
9738754;Hospital CNES 9738754;354870;São Bernardo do Campo;SP;Sao Paulo;-23,6914;-46,5646;1224;0;1224;05;;2054;Grande Porte;Baixa/Media Complexidade;0,0
9763201;Hospital CNES 9763201;355030;São Paulo;SP;Sao Paulo;-23,5329;-46,6395;300;0;300;62;;1104;Grande Porte;Baixa/Media Complexidade;0,0
9768688;Hospital CNES 9768688;354870;São Bernardo do Campo;SP;Sao Paulo;-23,6914;-46,5646;960;0;960;05;;3999;Grande Porte;Baixa/Media Complexidade;0,0
9769641;Hospital CNES 9769641;352250;Itapevi;SP;Sao Paulo;-23,5488;-46,9327;816;0;816;05;;2054;Grande Porte;Baixa/Media Complexidade;0,0
9773657;Hospital CNES 9773657;355150;Serrana;SP;Sao Paulo;-21,2043;-47,5952;984;984;0;05;;1023;Grande Porte;Baixa/Media Complexidade;100,0
9778004;Hospital CNES 9778004;350850;Caçapava;SP;Sao Paulo;-23,0992;-45,7076;65;65;0;15;;1244;Medio Porte;Baixa/Media Complexidade;100,0
9788417;Hospital CNES 9788417;355030;São Paulo;SP;Sao Paulo;-23,5329;-46,6395;72;72;0;70;;1031;Medio Porte;Baixa/Media Complexidade;100,0
9793291;Hospital CNES 9793291;350850;Caçapava;SP;Sao Paulo;-23,0992;-45,7076;260;0;260;07;;2135;Grande Porte;Baixa/Media Complexidade;0,0
9799176;Hospital CNES 9799176;354890;São Carlos;SP;Sao Paulo;-22,0174;-47,886;204;0;204;05;;2062;Grande Porte;Baixa/Media Complexidade;0,0
9806342;Hospital CNES 9806342;350950;Campinas;SP;Sao Paulo;-22,9053;-47,0659;120;0;120;05;;3999;Medio Porte;Baixa/Media Complexidade;0,0
9816658;Hospital CNES 9816658;351620;Franca;SP;Sao Paulo;-20,5352;-47,4039;72;72;0;70;;1244;Medio Porte;Baixa/Media Complexidade;100,0
9838074;Hospital CNES 9838074;354870;São Bernardo do Campo;SP;Sao Paulo;-23,6914;-46,5646;240;0;240;36;;3999;Grande Porte;Baixa/Media Complexidade;0,0
9843590;Hospital CNES 9843590;351030;Capela do Alto;SP;Sao Paulo;-23,4685;-47,7388;540;0;540;36;;2062;Grande Porte;Baixa/Media Complexidade;0,0
9866205;Hospital CNES 9866205;350410;Atibaia;SP;Sao Paulo;-23,1171;-46,5563;480;0;480;07;;2062;Grande Porte;Baixa/Media Complexidade;0,0
9868682;Hospital CNES 9868682;351970;Ibiúna;SP;Sao Paulo;-23,6596;-47,223;324;0;324;07;;2062;Grande Porte;Baixa/Media Complexidade;0,0
9893911;Hospital CNES 9893911;355030;São Paulo;SP;Sao Paulo;-23,5329;-46,6395;36;0;36;36;;2062;Pequeno Porte;Baixa/Media Complexidade;0,0
9898565;Hospital CNES 9898565;354990;São José dos Campos;SP;Sao Paulo;-23,1896;-45,8841;48;48;0;62;;2062;Pequeno Porte;Baixa/Media Complexidade;100,0
9915354;Hospital CNES 9915354;350600;Bauru;SP;Sao Paulo;-22,3246;-49,0871;524;0;524;05;;2054;Grande Porte;Baixa/Media Complexidade;0,0
9917497;Hospital CNES 9917497;355030;São Paulo;SP;Sao Paulo;-23,5329;-46,6395;324;0;324;07;;2062;Grande Porte;Baixa/Media Complexidade;0,0
9929991;Hospital CNES 9929991;351500;Embu das Artes;SP;Sao Paulo;-23,6437;-46,8579;1500;0;1500;07;;2054;Grande Porte;Baixa/Media Complexidade;0,0
9933247;Hospital CNES 9933247;355060;São Roque;SP;Sao Paulo;-23,5226;-47,1357;36;0;36;83;;2062;Pequeno Porte;Baixa/Media Complexidade;0,0
9941487;Hospital CNES 9941487;354990;São José dos Campos;SP;Sao Paulo;-23,1896;-45,8841;552;0;552;05;;2054;Grande Porte;Baixa/Media Complexidade;0,0
9950931;Hospital CNES 9950931;355030;São Paulo;SP;Sao Paulo;-23,5329;-46,6395;840;840;0;62;;1031;Grande Porte;Baixa/Media Complexidade;100,0
9955372;Hospital CNES 9955372;355030;São Paulo;SP;Sao Paulo;-23,5329;-46,6395;15;15;0;36;;2062;Pequeno Porte;Baixa/Media Complexidade;100,0
9955399;Hospital CNES 9955399;355030;São Paulo;SP;Sao Paulo;-23,5329;-46,6395;12;0;12;36;;2062;Micro Porte;Baixa/Media Complexidade;0,0
9966900;Hospital CNES 9966900;355060;São Roque;SP;Sao Paulo;-23,5226;-47,1357;672;0;672;05;;2062;Grande Porte;Baixa/Media Complexidade;0,0
9989757;Hospital CNES 9989757;354990;São José dos Campos;SP;Sao Paulo;-23,1896;-45,8841;90;0;90;07;;3999;Medio Porte;Baixa/Media Complexidade;0,0
9997032;Hospital CNES 9997032;352250;Itapevi;SP;Sao Paulo;-23,5488;-46,9327;1440;0;1440;05;;2062;Grande Porte;Baixa/Media Complexidade;0,0
